id,source_id,source,domain,url,dr,traffic,category,submission_type,priority,notes
1,36b8e2fe-6366-4878-a106-bdc938a984d5,lxx_ai,forum.filezilla-project.org,https://forum.filezilla-project.org/,91,89126,Software,directory,125,lxx_link=https://forum.filezilla-project.org/; lxx_link_type=Dofollow; lxx_paid=false; manual_hold=false; language=English; update_date=2025-09-23T00:00:00+00:00; tips=; details=; offer=
2,2f083eee-d77e-4f2b-9a9a-0001aa8f921f,lxx_ai,community.ibm.com,https://community.ibm.com/,92,291657,General,profile,115,lxx_link=https://community.ibm.com/; lxx_link_type=Dofollow; lxx_paid=false; manual_hold=false; language=English; update_date=2025-09-23T00:00:00+00:00; tips=; details=; offer=
3,707bd09e-aafe-4ec5-a4d1-d290432b7253,lxx_ai,slideshare.net,https://slideshare.net/,92,38848149,General,document,115,lxx_link=https://slideshare.net/; lxx_link_type=Dofollow; lxx_paid=false; manual_hold=false; language=English; update_date=2025-09-23T00:00:00+00:00; tips=; details=; offer=
4,d313593f-1340-4eef-a9a4-f213e2ec6ac8,lxx_ai,addons.mozilla.org,https://addons.mozilla.org/,95,5083057,Software,directory,110,lxx_link=https://addons.mozilla.org/; lxx_link_type=Unknown; lxx_paid=false; manual_hold=false; language=English; update_date=2025-09-23T00:00:00+00:00; tips=; details=; offer=
5,7a23fbf8-a0d7-4119-a990-3d40f74c82ab,lxx_ai,aitools.neilpatel.com,https://aitools.neilpatel.com/submit/,91,15100,AI Tools Directory,directory,110,lxx_link=https://aitools.neilpatel.com/submit/; lxx_link_type=Unknown; lxx_paid=false; manual_hold=false; language=English; update_date=2025-06-03T00:00:00+00:00; tips=; details=; offer=
6,090d04f2-dfda-4efb-95f1-7c88c4ddaac0,lxx_ai,aitools.neilpatel.com,https://aitools.neilpatel.com/,91,15100,AI Tools Directory,directory,110,lxx_link=https://aitools.neilpatel.com/; lxx_link_type=Unknown; lxx_paid=false; manual_hold=false; language=English; update_date=2025-05-18T00:00:00+00:00; tips=; details=; offer=
7,5ed6cf0a-133d-4166-b1be-592ca41fc935,lxx_ai,obsproject.com,https://obsproject.com/,87,5322677,Software,directory,110,lxx_link=https://obsproject.com/; lxx_link_type=Dofollow; lxx_paid=false; manual_hold=false; language=English; update_date=2025-09-23T00:00:00+00:00; tips=; details=; offer=
8,bc30e6ac-8fa6-4fe1-a9ae-cea7ff9682a2,lxx_ai,myanimelist.net,https://myanimelist.net/,83,29802709,Anime,directory,110,lxx_link=https://myanimelist.net/; lxx_link_type=Dofollow; lxx_paid=false; manual_hold=false; language=English; update_date=2025-09-23T00:00:00+00:00; tips=; details=; offer=
9,e0fe58a7-5ea2-41be-8fc6-532c46e07cc5,lxx_ai,headwayapp.co,https://headwayapp.co/,79,90515,SaaS,directory,110,lxx_link=https://headwayapp.co/; lxx_link_type=Dofollow; lxx_paid=false; manual_hold=false; language=English; update_date=2025-09-23T00:00:00+00:00; tips=; details=; offer=
10,3b7bf464-3f1b-4936-9d94-167043ad988f,lxx_ai,bitsdujour.com,https://www.bitsdujour.com/,75,285172,Software,directory,110,lxx_link=https://www.bitsdujour.com/; lxx_link_type=Dofollow; lxx_paid=false; manual_hold=false; language=English; update_date=2025-09-23T00:00:00+00:00; tips=; details=; offer=
11,1837fb4f-5858-4587-8c85-6e97a49adc40,lxx_ai,giveawayoftheday.com,https://giveawayoftheday.com/forums/,75,4046246,Software,directory,110,lxx_link=https://giveawayoftheday.com/forums/; lxx_link_type=Dofollow; lxx_paid=false; manual_hold=false; language=English; update_date=2025-09-23T00:00:00+00:00; tips=; details=; offer=
12,1cf73d1e-bcb0-4298-a4af-349469ea0b4b,lxx_ai,wishlistr.com,https://wishlistr.com/,74,107180,General,directory,110,lxx_link=https://wishlistr.com/; lxx_link_type=Dofollow; lxx_paid=false; manual_hold=false; language=English; update_date=2025-09-23T00:00:00+00:00; tips=; details=; offer=
13,8bbdd375-1f85-44f5-8633-72001af26aae,lxx_ai,freelistingusa.com,https://freelistingusa.com/,73,20219,General,directory,110,lxx_link=https://freelistingusa.com/; lxx_link_type=Dofollow; lxx_paid=false; manual_hold=false; language=English; update_date=2025-09-23T00:00:00+00:00; tips=; details=; offer=
14,9630fbf7-9d0d-42a8-bfae-41dd5fdf7e0d,lxx_ai,startupxplore.com,https://startupxplore.com/,72,55879,General,directory,110,lxx_link=https://startupxplore.com/; lxx_link_type=Dofollow; lxx_paid=false; manual_hold=false; language=English; update_date=2025-09-23T00:00:00+00:00; tips=; details=; offer=
15,e0e15d2f-a72b-4aa3-81b7-92e9aa590fcc,lxx_ai,diggerslist.com,https://diggerslist.com/,71,3705,General,directory,110,lxx_link=https://diggerslist.com/; lxx_link_type=Dofollow; lxx_paid=false; manual_hold=false; language=English; update_date=2025-09-23T00:00:00+00:00; tips=; details=; offer=
16,539d4241-df7a-4fc3-9b0c-9bacf0165a9a,lxx_ai,businesslistings.net.au,https://businesslistings.net.au/,70,11274,General,directory,110,lxx_link=https://businesslistings.net.au/; lxx_link_type=Dofollow; lxx_paid=false; manual_hold=false; language=English; update_date=2025-09-23T00:00:00+00:00; tips=; details=; offer=
17,ed01bceb-5594-4e03-afff-225bf33ecdda,lxx_ai,startupmatcher.com,https://startupmatcher.com/,70,0,Startup,directory,110,lxx_link=https://startupmatcher.com/; lxx_link_type=Dofollow; lxx_paid=false; manual_hold=false; language=English; update_date=2025-09-23T00:00:00+00:00; tips=; details=; offer=
18,86f54e54-cf1a-4779-b345-700966351e96,lxx_ai,blogger.com,https://blogger.com/,95,26833746,General,blog_comment,108,lxx_link=https://blogger.com/; lxx_link_type=Dofollow; lxx_paid=false; manual_hold=false; language=English; update_date=2025-09-23T00:00:00+00:00; tips=; details=; offer=
19,770e3ccc-d616-460a-969b-abe4842ea6e1,lxx_ai,bloglovin.com,https://bloglovin.com/,90,378425,General,blog_comment,108,lxx_link=https://bloglovin.com/; lxx_link_type=Dofollow; lxx_paid=false; manual_hold=false; language=English; update_date=2025-09-23T00:00:00+00:00; tips=; details=; offer=
20,f742d2a1-66ba-4a35-a12c-ff7d7ef6b8cc,lxx_ai,twitter.com,https://twitter.com/,99,82005016,Social,unknown,100,lxx_link=https://twitter.com/; lxx_link_type=Dofollow; lxx_paid=false; manual_hold=false; language=English; update_date=2025-09-23T00:00:00+00:00; tips=; details=; offer=
21,c76c8c0b-517d-4d22-9bc7-5c627d9de653,lxx_ai,youtube.com,https://youtube.com/,99,30424407064,Social,unknown,100,lxx_link=https://youtube.com/; lxx_link_type=Dofollow; lxx_paid=false; manual_hold=false; language=German; update_date=2025-09-23T00:00:00+00:00; tips=; details=; offer=
22,233ce0cf-b278-4a86-b37e-57c1520424cf,lxx_ai,calendly.com,https://calendly.com/,94,38420685,General,unknown,100,lxx_link=https://calendly.com/; lxx_link_type=Dofollow; lxx_paid=false; manual_hold=false; language=English; update_date=2025-09-23T00:00:00+00:00; tips=; details=; offer=
23,a5bcfa5a-2bc3-4ddd-bf92-96200813cadd,lxx_ai,creativecommons.org,https://creativecommons.org/,94,3057279,General,unknown,100,lxx_link=https://creativecommons.org/; lxx_link_type=Dofollow; lxx_paid=false; manual_hold=false; language=English; update_date=2025-09-23T00:00:00+00:00; tips=; details=; offer=
24,874c266b-89fe-465f-ae69-ef38429c9bce,lxx_ai,flickr.com,https://www.flickr.com/,94,43286144,Social,unknown,100,lxx_link=https://www.flickr.com/; lxx_link_type=Dofollow; lxx_paid=false; manual_hold=false; language=English; update_date=2025-09-23T00:00:00+00:00; tips=; details=; offer=
25,5d6ceee7-4680-4e45-a24c-6ebb0b885ccb,lxx_ai,godaddy.com,https://godaddy.com/websites/,94,44312856,General,unknown,100,lxx_link=https://godaddy.com/websites/; lxx_link_type=Dofollow; lxx_paid=false; manual_hold=false; language=English; update_date=2025-09-23T00:00:00+00:00; tips=; details=; offer=
26,03cd3560-a224-4ba4-a3e4-46b65674be59,lxx_ai,tumblr.com,https://www.tumblr.com/,94,144347821,General,unknown,100,lxx_link=https://www.tumblr.com/; lxx_link_type=Dofollow; lxx_paid=false; manual_hold=false; language=English; update_date=2025-09-23T00:00:00+00:00; tips=; details=; offer=
27,b279a557-ab7d-4b38-bf61-3e8d701d177c,lxx_ai,weebly.com,https://weebly.com/,94,25679338,General,unknown,100,lxx_link=https://weebly.com/; lxx_link_type=Dofollow; lxx_paid=false; manual_hold=false; language=English; update_date=2025-09-23T00:00:00+00:00; tips=; details=; offer=
28,b0a2ce9f-a398-408d-8b5c-523dd89ed501,lxx_ai,wordpress.com,https://wordpress.com/,94,162957235,General,unknown,100,lxx_link=https://wordpress.com/; lxx_link_type=Dofollow; lxx_paid=false; manual_hold=false; language=English; update_date=2025-09-23T00:00:00+00:00; tips=; details=; offer=
29,7f050446-c8ef-4deb-b223-dad7f1cd3ba0,lxx_ai,bandcamp.com,https://bandcamp.com/,93,31800810,Music,unknown,100,lxx_link=https://bandcamp.com/; lxx_link_type=Dofollow; lxx_paid=false; manual_hold=false; language=English; update_date=2025-09-23T00:00:00+00:00; tips=; details=; offer=
30,1d9cfebb-7a82-4d9f-8253-d59548b2beb3,lxx_ai,eventbrite.com,https://eventbrite.com/,93,43895428,General,unknown,100,lxx_link=https://eventbrite.com/; lxx_link_type=Dofollow; lxx_paid=false; manual_hold=false; language=English; update_date=2025-09-23T00:00:00+00:00; tips=; details=; offer=
31,73311b5e-847d-4ea1-a57c-4a6e0f7c8d80,lxx_ai,imdb.com,https://imdb.com/,93,506029833,Entertainment,unknown,100,lxx_link=https://imdb.com/; lxx_link_type=Dofollow; lxx_paid=false; manual_hold=false; language=English; update_date=2025-09-23T00:00:00+00:00; tips=; details=; offer=
32,9f75f58a-9655-40ad-8f9e-9c50003ded0d,lxx_ai,issuu.com,https://issuu.com/,93,17298904,General,unknown,100,lxx_link=https://issuu.com/; lxx_link_type=Dofollow; lxx_paid=false; manual_hold=false; language=English; update_date=2025-09-23T00:00:00+00:00; tips=; details=; offer=
33,ca18ad84-1bef-4162-aaaa-2e89fa28f5dc,lxx_ai,linktr.ee,https://linktr.ee/,93,206167265,General,unknown,100,lxx_link=https://linktr.ee/; lxx_link_type=Dofollow; lxx_paid=false; manual_hold=false; language=English; update_date=2025-09-23T00:00:00+00:00; tips=; details=; offer=
34,8a7a2371-5ef9-4176-a865-d98a35225180,lxx_ai,liveinternet.ru,https://liveinternet.ru/,93,5256322,General,unknown,100,lxx_link=https://liveinternet.ru/; lxx_link_type=Dofollow; lxx_paid=false; manual_hold=false; language=Russian; update_date=2025-09-23T00:00:00+00:00; tips=; details=; offer=
35,370d344d-b892-4d38-8125-07c4c7692a8e,lxx_ai,tinyurl.com,https://tinyurl.com/,93,47011591,General,unknown,100,lxx_link=https://tinyurl.com/; lxx_link_type=Dofollow; lxx_paid=false; manual_hold=false; language=English; update_date=2025-09-23T00:00:00+00:00; tips=; details=; offer=
36,122d57a9-fad9-422e-ae63-ef9b76babfd8,lxx_ai,tripadvisor.com,https://www.tripadvisor.com/,93,117403327,Restaurant,unknown,100,lxx_link=https://www.tripadvisor.com/; lxx_link_type=Dofollow; lxx_paid=false; manual_hold=false; language=English; update_date=2025-09-23T00:00:00+00:00; tips=; details=; offer=
37,1c5f2836-71a8-4513-a727-b7cf1f76fd5f,lxx_ai,twitch.tv,https://twitch.tv/,93,1227445610,Social,unknown,100,lxx_link=https://twitch.tv/; lxx_link_type=Dofollow; lxx_paid=false; manual_hold=false; language=English; update_date=2025-09-23T00:00:00+00:00; tips=; details=; offer=
38,c09a1ab2-b7a0-4d00-b5c1-61fc34929a50,lxx_ai,unsplash.com,https://unsplash.com/,93,21871297,General,unknown,100,lxx_link=https://unsplash.com/; lxx_link_type=Dofollow; lxx_paid=false; manual_hold=false; language=English; update_date=2025-09-23T00:00:00+00:00; tips=; details=; offer=
39,736b8d14-0ce2-4d9b-bfa3-dcbcd4e22296,lxx_ai,cutt.ly,https://cutt.ly/,92,34669977,General,unknown,100,lxx_link=https://cutt.ly/; lxx_link_type=Dofollow; lxx_paid=false; manual_hold=false; language=English; update_date=2025-09-23T00:00:00+00:00; tips=; details=; offer=
40,471332f0-2544-489c-b1e8-d2229a9ed0da,lxx_ai,disqus.com,https://disqus.com/,92,9208808,Social,unknown,100,lxx_link=https://disqus.com/; lxx_link_type=Dofollow; lxx_paid=false; manual_hold=false; language=English; update_date=2025-09-23T00:00:00+00:00; tips=; details=; offer=
41,3620e6cd-3eb4-4522-9e0b-1dc1eed976dc,lxx_ai,gitbook.com,https://gitbook.com/,92,857772,General,unknown,100,lxx_link=https://gitbook.com/; lxx_link_type=Dofollow; lxx_paid=false; manual_hold=false; language=English; update_date=2025-09-23T00:00:00+00:00; tips=; details=; offer=
42,e83b94c2-705f-476b-8485-fbc6ca8827ea,lxx_ai,imgur.com,https://imgur.com/,92,87088950,General,unknown,100,lxx_link=https://imgur.com/; lxx_link_type=Dofollow; lxx_paid=false; manual_hold=false; language=English; update_date=2025-09-23T00:00:00+00:00; tips=; details=; offer=
43,94cb7213-f56f-43d0-adba-5d2d73d671b8,lxx_ai,jimdo.com,https://jimdo.com/,92,4515911,General,unknown,100,lxx_link=https://jimdo.com/; lxx_link_type=Dofollow; lxx_paid=false; manual_hold=false; language=English; update_date=2025-09-23T00:00:00+00:00; tips=; details=; offer=
44,68707341-b8a6-42fb-b6cc-29e91742dfae,lxx_ai,loop.frontiersin.org,https://loop.frontiersin.org/,92,733124,General,unknown,100,lxx_link=https://loop.frontiersin.org/; lxx_link_type=Dofollow; lxx_paid=false; manual_hold=false; language=English; update_date=2025-09-23T00:00:00+00:00; tips=; details=; offer=
45,6699c1f0-1697-4a89-94e3-97eba553440f,lxx_ai,marketplace.whmcs.com,https://marketplace.whmcs.com/,92,101952,Hosting,unknown,100,lxx_link=https://marketplace.whmcs.com/; lxx_link_type=Dofollow; lxx_paid=false; manual_hold=false; language=English; update_date=2025-09-23T00:00:00+00:00; tips=; details=; offer=
46,2cfe5693-5721-4dd5-8d1c-4f2b484f01f8,lxx_ai,myspace.com,https://myspace.com/,92,1994970,Social,unknown,100,lxx_link=https://myspace.com/; lxx_link_type=Dofollow; lxx_paid=false; manual_hold=false; language=English; update_date=2025-09-23T00:00:00+00:00; tips=; details=; offer=
47,a489fccf-e0d7-43f5-85f2-3f8bb210a537,lxx_ai,sourceforge.net,https://sourceforge.net/,92,19762790,Developers,unknown,100,lxx_link=https://sourceforge.net/; lxx_link_type=Dofollow; lxx_paid=false; manual_hold=false; language=English; update_date=2025-09-23T00:00:00+00:00; tips=; details=; offer=
48,ab01263d-87ad-459c-9a90-53180111ec4b,lxx_ai,webflow.io,https://webflow.io/,92,6824971,General,unknown,100,lxx_link=https://webflow.io/; lxx_link_type=Dofollow; lxx_paid=false; manual_hold=false; language=English; update_date=2025-09-23T00:00:00+00:00; tips=; details=; offer=
49,603b607a-b713-4feb-9c11-a5da707b66d2,lxx_ai,000webhost.com,https://000webhost.com/forum/,91,48047,Hosting,unknown,100,lxx_link=https://000webhost.com/forum/; lxx_link_type=Dofollow; lxx_paid=false; manual_hold=false; language=English; update_date=2025-09-23T00:00:00+00:00; tips=; details=; offer=
50,3aa75c1f-1704-4fc4-9f99-435a16ed28b2,lxx_ai,500px.com,https://500px.com/,91,2800784,General,unknown,100,lxx_link=https://500px.com/; lxx_link_type=Dofollow; lxx_paid=false; manual_hold=false; language=English; update_date=2025-09-23T00:00:00+00:00; tips=; details=; offer=
51,4266a2c1-3422-4d50-98cd-4d90ece8c335,lxx_ai,artstation.com,https://artstation.com/,91,15929914,Art,unknown,100,lxx_link=https://artstation.com/; lxx_link_type=Dofollow; lxx_paid=false; manual_hold=false; language=English; update_date=2025-09-23T00:00:00+00:00; tips=; details=; offer=
52,310aa8fb-69b5-48eb-8f5f-197627e37a3e,lxx_ai,bitly.com,https://bitly.com/,91,6428179,General,unknown,100,lxx_link=https://bitly.com/; lxx_link_type=Dofollow; lxx_paid=false; manual_hold=false; language=English; update_date=2025-09-23T00:00:00+00:00; tips=; details=; offer=
53,1724b384-88f1-4f7c-9ddc-aac09aa63b93,lxx_ai,buzzfeed.com,https://www.buzzfeed.com/,91,70821521,General,unknown,100,lxx_link=https://www.buzzfeed.com/; lxx_link_type=Dofollow; lxx_paid=false; manual_hold=false; language=English; update_date=2025-09-23T00:00:00+00:00; tips=; details=; offer=
54,9977e8cb-8139-478a-a399-816061c2fa82,lxx_ai,calameo.com,https://calameo.com/,91,8148625,General,unknown,100,lxx_link=https://calameo.com/; lxx_link_type=Dofollow; lxx_paid=false; manual_hold=false; language=English; update_date=2025-09-23T00:00:00+00:00; tips=; details=; offer=
55,514e3719-21a5-4dd1-af4f-f062682372ba,lxx_ai,deviantart.com,https://www.deviantart.com/,91,94651153,Art,unknown,100,lxx_link=https://www.deviantart.com/; lxx_link_type=Dofollow; lxx_paid=false; manual_hold=false; language=English; update_date=2025-09-23T00:00:00+00:00; tips=; details=; offer=
56,0e820368-4f30-4320-86ad-db388d2d75ae,lxx_ai,evernote.com,https://evernote.com/,91,11461646,General,unknown,100,lxx_link=https://evernote.com/; lxx_link_type=Dofollow; lxx_paid=false; manual_hold=false; language=English; update_date=2025-09-23T00:00:00+00:00; tips=; details=; offer=
57,fb59da1d-5fb4-41cc-bae8-07eb9baaddf4,lxx_ai,fliphtml5.com,https://fliphtml5.com/,91,17648351,General,unknown,100,lxx_link=https://fliphtml5.com/; lxx_link_type=Dofollow; lxx_paid=false; manual_hold=false; language=English; update_date=2025-09-23T00:00:00+00:00; tips=; details=; offer=
58,99148c13-1f97-431f-ad83-30d0092745e7,lxx_ai,flipsnack.com,https://www.flipsnack.com/,91,2517846,General,unknown,100,lxx_link=https://www.flipsnack.com/; lxx_link_type=Dofollow; lxx_paid=false; manual_hold=false; language=English; update_date=2025-09-23T00:00:00+00:00; tips=; details=; offer=
59,2bbe7be4-f86c-4652-b417-3510d3bc8bcc,lxx_ai,forum.waypoint.vice.com,https://forum.waypoint.vice.com/,91,0,General,unknown,100,lxx_link=https://forum.waypoint.vice.com/; lxx_link_type=Dofollow; lxx_paid=false; manual_hold=false; language=English; update_date=2025-09-23T00:00:00+00:00; tips=; details=; offer=
60,3f955f52-18ae-4720-b889-df1faec53af0,lxx_ai,giphy.com,https://giphy.com/,91,14986401,General,unknown,100,lxx_link=https://giphy.com/; lxx_link_type=Dofollow; lxx_paid=false; manual_hold=false; language=English; update_date=2025-09-23T00:00:00+00:00; tips=; details=; offer=
61,1d9c8735-e6e5-432b-bf73-2259892fb071,lxx_ai,mix.com,https://mix.com/,91,669656,Social,unknown,100,lxx_link=https://mix.com/; lxx_link_type=Dofollow; lxx_paid=false; manual_hold=false; language=English; update_date=2025-09-23T00:00:00+00:00; tips=; details=; offer=
62,e4f35329-2342-4ecc-889c-1d7b76e416b3,lxx_ai,phpbb.com,https://www.phpbb.com/,91,147119,General,unknown,100,lxx_link=https://www.phpbb.com/; lxx_link_type=Dofollow; lxx_paid=false; manual_hold=false; language=English; update_date=2025-09-23T00:00:00+00:00; tips=; details=; offer=
63,e6e9b7f7-aa18-4a6c-b8fd-de1ce1636ce5,lxx_ai,provenexpert.com,https://www.provenexpert.com/,91,429009,Marketing,unknown,100,lxx_link=https://www.provenexpert.com/; lxx_link_type=Dofollow; lxx_paid=false; manual_hold=false; language=English; update_date=2025-09-23T00:00:00+00:00; tips=; details=; offer=
64,2140f228-e30e-47c5-ac18-51bb044d0145,lxx_ai,redbubble.com,https://redbubble.com/,91,19069088,Design,unknown,100,lxx_link=https://redbubble.com/; lxx_link_type=Dofollow; lxx_paid=false; manual_hold=false; language=English; update_date=2025-09-23T00:00:00+00:00; tips=; details=; offer=
65,c01b1fed-ef6e-4a3b-9eb6-229126325d97,lxx_ai,setiweb.ssl.berkeley.edu,https://setiweb.ssl.berkeley.edu/,91,0,General,unknown,100,lxx_link=https://setiweb.ssl.berkeley.edu/; lxx_link_type=Dofollow; lxx_paid=false; manual_hold=false; language=English; update_date=2025-09-23T00:00:00+00:00; tips=; details=; offer=
66,722f51aa-8c98-4cec-89f3-e0fe5877236c,lxx_ai,shorturl.at,https://www.shorturl.at/,91,9244687,General,unknown,100,lxx_link=https://www.shorturl.at/; lxx_link_type=Dofollow; lxx_paid=false; manual_hold=false; language=English; update_date=2025-09-23T00:00:00+00:00; tips=; details=; offer=
67,84b2cb70-6f38-489b-a6a6-f545099be9ac,lxx_ai,smugmug.com,https://smugmug.com/,91,6633816,General,unknown,100,lxx_link=https://smugmug.com/; lxx_link_type=Dofollow; lxx_paid=false; manual_hold=false; language=English; update_date=2025-09-23T00:00:00+00:00; tips=; details=; offer=
68,25d1b9f6-0060-4cc2-aa41-c6eaf6be6d00,lxx_ai,strikingly.com,https://strikingly.com/,91,752870,General,unknown,100,lxx_link=https://strikingly.com/; lxx_link_type=Dofollow; lxx_paid=false; manual_hold=false; language=English; update_date=2025-09-23T00:00:00+00:00; tips=; details=; offer=
69,c5bfbd27-f324-4082-b2b3-babf0ae6055b,lxx_ai,upwork.com,https://upwork.com/,91,38861420,General,unknown,100,lxx_link=https://upwork.com/; lxx_link_type=Dofollow; lxx_paid=false; manual_hold=false; language=English; update_date=2025-09-23T00:00:00+00:00; tips=; details=; offer=
70,b0c0100b-e661-4366-bddd-e5e2ee7694c0,lxx_ai,vox.com,https://www.vox.com/,91,7198950,General,unknown,100,lxx_link=https://www.vox.com/; lxx_link_type=Dofollow; lxx_paid=false; manual_hold=false; language=English; update_date=2025-09-23T00:00:00+00:00; tips=; details=; offer=
71,a4d3ac36-e20c-4034-8106-5042e654abf3,lxx_ai,zoho.com,https://www.zoho.com/sites/,91,65861653,General,unknown,100,lxx_link=https://www.zoho.com/sites/; lxx_link_type=Dofollow; lxx_paid=false; manual_hold=false; language=German; update_date=2025-09-23T00:00:00+00:00; tips=; details=; offer=
72,69c0d0ed-c904-4f62-a9e7-92779d938490,lxx_ai,carrd.co,https://carrd.co/,90,15404631,General,unknown,100,lxx_link=https://carrd.co/; lxx_link_type=Dofollow; lxx_paid=false; manual_hold=false; language=English; update_date=2025-09-23T00:00:00+00:00; tips=; details=; offer=
73,863035a1-b2a1-4bdc-9954-65ff0d974a63,lxx_ai,emailmeform.com,https://emailmeform.com/,90,451931,General,unknown,100,lxx_link=https://emailmeform.com/; lxx_link_type=Dofollow; lxx_paid=false; manual_hold=false; language=English; update_date=2025-09-23T00:00:00+00:00; tips=; details=; offer=
74,119bf932-9894-42f2-9708-c8f09836b805,lxx_ai,forum.unity.com,https://forum.unity.com/,90,590014,Developers,unknown,100,lxx_link=https://forum.unity.com/; lxx_link_type=Dofollow; lxx_paid=false; manual_hold=false; language=English; update_date=2025-09-23T00:00:00+00:00; tips=; details=; offer=
75,910f9228-7b84-40f5-af61-99734ffcd67a,lxx_ai,netvibes.com,https://netvibes.com/,90,3004,General,unknown,100,lxx_link=https://netvibes.com/; lxx_link_type=Dofollow; lxx_paid=false; manual_hold=false; language=English; update_date=2025-09-23T00:00:00+00:00; tips=; details=; offer=
76,d29e52c1-a48a-4294-a27b-5f756704f703,lxx_ai,peatix.com,https://peatix.com/,90,3630175,General,unknown,100,lxx_link=https://peatix.com/; lxx_link_type=Dofollow; lxx_paid=false; manual_hold=false; language=English; update_date=2025-09-23T00:00:00+00:00; tips=; details=; offer=
77,fef98107-8f9c-4481-ba28-b7c999b5541f,lxx_ai,reverbnation.com,https://reverbnation.com/,90,2658272,Music,unknown,100,lxx_link=https://reverbnation.com/; lxx_link_type=Dofollow; lxx_paid=false; manual_hold=false; language=English; update_date=2025-09-23T00:00:00+00:00; tips=; details=; offer=
78,fffd7795-9265-4ff8-aa68-e45322446144,lxx_ai,us.community.sony.com,https://us.community.sony.com/,89,0,General,profile,100,lxx_link=https://us.community.sony.com/; lxx_link_type=Dofollow; lxx_paid=false; manual_hold=false; language=English; update_date=2025-09-23T00:00:00+00:00; tips=; details=; offer=
79,64718c92-5da0-4561-8463-c646822bfd67,lxx_ai,mediapost.com,https://mediapost.com/,88,204261,General,media,100,lxx_link=https://mediapost.com/; lxx_link_type=Dofollow; lxx_paid=false; manual_hold=false; language=English; update_date=2025-09-23T00:00:00+00:00; tips=; details=; offer=
80,b0a0bfa9-2cf0-4deb-8947-4a068a97f1ed,lxx_ai,community.cbr.com,https://community.cbr.com/,81,595345,Books,profile,100,lxx_link=https://community.cbr.com/; lxx_link_type=Dofollow; lxx_paid=false; manual_hold=false; language=English; update_date=2025-09-23T00:00:00+00:00; tips=; details=; offer=
81,b2bb3531-d838-4b99-aa37-5c30f029f4fa,lxx_ai,imageevent.com,https://imageevent.com/,74,53870,General,media,100,lxx_link=https://imageevent.com/; lxx_link_type=Dofollow; lxx_paid=false; manual_hold=false; language=English; update_date=2025-09-23T00:00:00+00:00; tips=; details=; offer=
82,80a95662-9834-4012-bef1-2135d0309301,lxx_ai,kdpcommunity.com,https://www.kdpcommunity.com/s/,72,601496,Books,profile,100,lxx_link=https://www.kdpcommunity.com/s/; lxx_link_type=Dofollow; lxx_paid=false; manual_hold=false; language=English; update_date=2025-09-23T00:00:00+00:00; tips=; details=; offer=
83,7fff3bae-5e7c-4cff-803f-9d7988d2cfc1,lxx_ai,gamerlaunch.com,https://www.gamerlaunch.com/community/index.php,71,9438,gaming,profile,100,lxx_link=https://www.gamerlaunch.com/community/index.php; lxx_link_type=Dofollow; lxx_paid=false; manual_hold=false; language=English; update_date=2025-09-23T00:00:00+00:00; tips=; details=; offer=
84,8d160f5d-0c0f-4b39-8547-5dec00e59538,lxx_ai,pokecommunity.com,https://pokecommunity.com/index.php,71,1921261,Gaming,profile,100,lxx_link=https://pokecommunity.com/index.php; lxx_link_type=Dofollow; lxx_paid=false; manual_hold=false; language=English; update_date=2025-09-23T00:00:00+00:00; tips=; details=; offer=
85,9cffe73c-a70c-45a2-857a-f3cf36a100ee,lxx_ai,studiopress.community,https://studiopress.community/,70,18264,General,profile,100,lxx_link=https://studiopress.community/; lxx_link_type=Dofollow; lxx_paid=false; manual_hold=false; language=English; update_date=2025-09-23T00:00:00+00:00; tips=; details=; offer=
86,34de4224-c685-40d2-a8a1-57bfc526ab4a,lxx_ai,usnetads.com,https://usnetads.com/,71,27742,General,classified,98,lxx_link=https://usnetads.com/; lxx_link_type=Dofollow; lxx_paid=false; manual_hold=false; language=English; update_date=2025-09-23T00:00:00+00:00; tips=; details=; offer=
87,66a80abe-fc77-4f54-b722-932ea30d9cd6,lxx_ai,hot-web-ads.com,https://hot-web-ads.com/,70,17688,General,classified,98,lxx_link=https://hot-web-ads.com/; lxx_link_type=Dofollow; lxx_paid=false; manual_hold=false; language=English; update_date=2025-09-23T00:00:00+00:00; tips=; details=; offer=
88,261e2bb9-c037-44ab-92ff-826d3155cf8e,lxx_ai,paginebianche.it,http://paginebianche.it/,89,3500000,General,directory,95,lxx_link=http://paginebianche.it/; lxx_link_type=Unknown; lxx_paid=false; manual_hold=false; language=Italian; update_date=2025-07-18T00:00:00+00:00; tips=Submit your product; details=; offer=
89,80bfbacf-22ea-4086-9665-f48fac87db07,lxx_ai,financesonline.com,https://financesonline.com/add-product,87,25500,Software,directory,95,lxx_link=https://financesonline.com/add-product; lxx_link_type=Unknown; lxx_paid=false; manual_hold=false; language=English; update_date=2025-06-17T00:00:00+00:00; tips=fill : Create a Listing for Your Product; details=; offer=
90,5d04f21d-548b-4ae7-b19d-2c8f4ecf5016,lxx_ai,f6s.com,https://www.f6s.com/,83,1100000,Startup,directory,95,lxx_link=https://www.f6s.com/; lxx_link_type=Unknown; lxx_paid=false; manual_hold=false; language=English; update_date=2025-06-17T00:00:00+00:00; tips=Join the site and submit your cpmpany info; details=; offer=
91,556927da-73da-4cc6-a062-ed6da82196da,lxx_ai,stackshare.io,https://stackshare.io/submit,80,246300,"AI Tools Directory, Software",directory,95,lxx_link=https://stackshare.io/; lxx_link_type=Unknown; lxx_paid=false; manual_hold=false; language=unknown; update_date=2025-06-17T00:00:00+00:00; tips=Share your tool: https://stackshare.io/submit; details=; offer=
92,61adf5a8-0682-4c28-a13d-5663c9129732,lxx_ai,eu-startups.com,https://www.eu-startups.com/directory/?wpbdp_view=submit_listing,77,385800,Startup,directory,95,lxx_link=https://www.eu-startups.com/; lxx_link_type=Unknown; lxx_paid=false; manual_hold=false; language=English; update_date=2025-06-18T00:00:00+00:00; tips=Submit your startup item: https://www.eu-startups.com/directory/?wpbdp_view=submit_listing; details=; offer=
93,2e50fd31-fd39-4ed6-87ae-2425a046c313,lxx_ai,oecd.ai,https://oecd.ai/en/catalogue/tools/submit,77,14800,AI Tools Directory,directory,95,lxx_link=https://oecd.ai/en/catalogue/tools/submit; lxx_link_type=Unknown; lxx_paid=false; manual_hold=false; language=English; update_date=2025-05-18T00:00:00+00:00; tips=; details=; offer=
94,eb71e188-243c-4675-bd4a-ed0439190ccf,lxx_ai,filehorse.com,https://filehorse.com,74,2200000,Software Directory,directory,95,lxx_link=https://filehorse.com; lxx_link_type=Unknown; lxx_paid=false; manual_hold=false; language=English; update_date=2025-05-18T00:00:00+00:00; tips=; details=; offer=
95,85c589ea-f013-4937-ab11-05dfd56fa00e,lxx_ai,webwikis.es,http://www.webwikis.es/,72,4200,General,directory,95,lxx_link=http://www.webwikis.es/; lxx_link_type=Unknown; lxx_paid=false; manual_hold=false; language=English; update_date=2025-07-18T00:00:00+00:00; tips=Submit your product; details=; offer=
96,a211c70f-f8d6-4190-bf92-84b68e009da7,lxx_ai,blogtalkradio.com,https://blogtalkradio.com/,87,25989,Podcast,blog_comment,93,lxx_link=https://blogtalkradio.com/; lxx_link_type=Dofollow; lxx_paid=false; manual_hold=false; language=English; update_date=2025-09-23T00:00:00+00:00; tips=; details=; offer=
97,110ed8c2-e253-473f-adf8-11a27c7f174d,lxx_ai,over-blog.com,https://over-blog.com/,81,4741204,General,blog_comment,93,lxx_link=https://over-blog.com/; lxx_link_type=Dofollow; lxx_paid=false; manual_hold=false; language=French; update_date=2025-09-23T00:00:00+00:00; tips=; details=; offer=
98,b61b42bb-afd8-4871-9e8a-c32164601494,lxx_ai,blog.dnevnik.hr,https://blog.dnevnik.hr/,76,391673,General,blog_comment,93,lxx_link=https://blog.dnevnik.hr/; lxx_link_type=Dofollow; lxx_paid=false; manual_hold=false; language=Croatian; update_date=2025-09-23T00:00:00+00:00; tips=; details=; offer=
99,895d5c60-c75f-42a3-8542-0b3716ede68c,lxx_ai,edublogs.org,https://edublogs.org/,74,403639,General,blog_comment,93,lxx_link=https://edublogs.org/; lxx_link_type=Dofollow; lxx_paid=false; manual_hold=false; language=English; update_date=2025-09-23T00:00:00+00:00; tips=; details=; offer=
100,055d6e9b-0c19-42e9-bbd0-497aa0423513,lxx_ai,blog.wox.cc,https://blog.wox.cc/,71,3598,General,blog_comment,93,lxx_link=https://blog.wox.cc/; lxx_link_type=Dofollow; lxx_paid=false; manual_hold=false; language=Japanese; update_date=2025-09-23T00:00:00+00:00; tips=; details=; offer=
101,0889b5d0-5232-4af7-9be5-b12b079dbeca,lxx_ai,forum.purseblog.com,https://forum.purseblog.com/,71,607126,Fashion,blog_comment,93,lxx_link=https://forum.purseblog.com/; lxx_link_type=Dofollow; lxx_paid=false; manual_hold=false; language=English; update_date=2025-09-23T00:00:00+00:00; tips=; details=; offer=
102,d426decd-cfc3-45f5-945b-a565dbb02537,lxx_ai,ampblogs.com,https://ampblogs.com/,70,13599,General,blog_comment,93,lxx_link=https://ampblogs.com/; lxx_link_type=Dofollow; lxx_paid=false; manual_hold=false; language=English; update_date=2025-09-23T00:00:00+00:00; tips=; details=; offer=
103,ac176165-ec32-4457-abbf-9937d69068fe,lxx_ai,github.com,https://github.com/,96,493360068,Social,github_pr,90,lxx_link=https://github.com/; lxx_link_type=Nofollow; lxx_paid=false; manual_hold=false; language=English; update_date=2025-09-23T00:00:00+00:00; tips=; details=; offer=
104,1d87c54b-bb61-4754-bad4-2ab14b404442,lxx_ai,behance.net,https://www.behance.net/joblist,94,36572285,Desgin,directory,90,lxx_link=https://www.behance.net/joblist; lxx_link_type=Nofollow; lxx_paid=false; manual_hold=false; language=English; update_date=2025-09-23T00:00:00+00:00; tips=; details=; offer=
105,4d7edaca-b23b-490a-a24f-bed568024c0c,lxx_ai,download.cnet.com,https://download.cnet.com/,92,4576731,Software,directory,90,lxx_link=https://download.cnet.com/; lxx_link_type=Nofollow; lxx_paid=false; manual_hold=false; language=English; update_date=2025-09-23T00:00:00+00:00; tips=; details=; offer=
106,644498fc-feda-4cbe-82e6-9e003fb90da4,lxx_ai,angieslist.com,https://angieslist.com/,91,8196,Home Services,directory,90,lxx_link=https://angieslist.com/; lxx_link_type=Nofollow; lxx_paid=false; manual_hold=false; language=English; update_date=2025-09-23T00:00:00+00:00; tips=; details=; offer=
107,5b849def-b4e5-4427-ac79-a0565b529a19,lxx_ai,glassdoor.com,https://glassdoor.com/,91,29372368,Startup,directory,90,lxx_link=https://glassdoor.com/; lxx_link_type=Nofollow; lxx_paid=false; manual_hold=false; language=English; update_date=2025-09-23T00:00:00+00:00; tips=; details=; offer=
108,5f2cd491-3f88-40d9-aaba-1303d09616aa,lxx_ai,whois.domaintools.com,https://whois.domaintools.com/,91,1057953,General,directory,90,lxx_link=https://whois.domaintools.com/; lxx_link_type=Nofollow; lxx_paid=false; manual_hold=false; language=English; update_date=2025-09-23T00:00:00+00:00; tips=; details=; offer=
109,5e30a8f8-5987-4eb0-b07f-525f98fc4525,lxx_ai,angel.co,https://angel.co/,90,48931,Startup,directory,90,lxx_link=https://angel.co/; lxx_link_type=Nofollow; lxx_paid=false; manual_hold=false; language=English; update_date=2025-09-23T00:00:00+00:00; tips=; details=; offer=
110,cbbf4c80-0128-41e5-83e1-88a0ca856f8c,lxx_ai,clutch.co,https://clutch.co/,90,1073752,SaaS,directory,90,lxx_link=https://clutch.co/; lxx_link_type=Nofollow; lxx_paid=false; manual_hold=false; language=English; update_date=2025-09-23T00:00:00+00:00; tips=; details=; offer=
111,97e13ae6-5f85-4498-b8a2-ec60719f8516,lxx_ai,forum.giants-software.com,https://forum.giants-software.com/index.php,69,685802,Gaming,directory,90,lxx_link=https://forum.giants-software.com/index.php; lxx_link_type=Dofollow; lxx_paid=false; manual_hold=false; language=English; update_date=2025-09-23T00:00:00+00:00; tips=; details=; offer=
112,ad2fb40d-cbf2-408e-be28-2071f414e96a,lxx_ai,magnitt.com,https://magnitt.com/,69,99416,Startup,directory,90,lxx_link=https://magnitt.com/; lxx_link_type=Dofollow; lxx_paid=false; manual_hold=false; language=English; update_date=2025-09-23T00:00:00+00:00; tips=; details=; offer=
113,7762ef3d-0dc2-4dc1-b27e-194a6a271820,lxx_ai,jobs.siliconflorist.com,https://jobs.siliconflorist.com/,66,425,Startup,directory,90,lxx_link=https://jobs.siliconflorist.com/; lxx_link_type=Dofollow; lxx_paid=false; manual_hold=false; language=English; update_date=2025-09-23T00:00:00+00:00; tips=; details=; offer=
114,2bf2f9cf-8ba5-47c7-b947-03dc1ba4cacf,lxx_ai,activewin.com,https://activewin.com/,64,3036,Software,directory,90,lxx_link=https://activewin.com/; lxx_link_type=Dofollow; lxx_paid=false; manual_hold=false; language=English; update_date=2025-09-23T00:00:00+00:00; tips=; details=; offer=
115,4dd80118-d0a0-4724-9a81-2635d493aa78,lxx_ai,listography.com,https://listography.com/,60,160981,General,directory,90,lxx_link=https://listography.com/; lxx_link_type=Dofollow; lxx_paid=false; manual_hold=false; language=English; update_date=2025-09-23T00:00:00+00:00; tips=; details=; offer=
116,640e448a-4c7e-46ba-886b-f5eecfd12c9c,lxx_ai,freebusinessdirectory.com,https://freebusinessdirectory.com/index.php?frd=1,59,2728,General,directory,90,lxx_link=https://freebusinessdirectory.com/index.php?frd=1; lxx_link_type=Dofollow; lxx_paid=false; manual_hold=false; language=English; update_date=2025-09-23T00:00:00+00:00; tips=; details=; offer=
117,12aaeb32-ea03-4f2e-b72d-139aed3ccad3,lxx_ai,gostartups.in,https://gostartups.in/,56,3740,General,directory,90,lxx_link=https://gostartups.in/; lxx_link_type=Dofollow; lxx_paid=false; manual_hold=false; language=English; update_date=2025-09-23T00:00:00+00:00; tips=; details=; offer=
118,89588635-eaa0-46e3-ab39-6eb8a4e3077d,lxx_ai,microlaunch.net,https://microlaunch.net/,52,52600,Software Directory,directory,90,lxx_link=https://microlaunch.net/; lxx_link_type=Dofollow; lxx_paid=false; manual_hold=false; language=English; update_date=2025-05-18T00:00:00+00:00; tips=; details=; offer=
119,113d6834-11cb-489f-99c7-715e9cc6ca7e,lxx_ai,unltd.directory,https://unltd.directory/,51,1233,General,directory,90,lxx_link=https://unltd.directory/; lxx_link_type=Dofollow; lxx_paid=false; manual_hold=false; language=English; update_date=2025-09-23T00:00:00+00:00; tips=; details=; offer=
120,0b0511ef-81b0-4930-b2f8-828ba5bc5e39,lxx_ai,listbookmarking.com,https://listbookmarking.com/,45,5462,General,directory,90,lxx_link=https://listbookmarking.com/; lxx_link_type=Dofollow; lxx_paid=false; manual_hold=false; language=English; update_date=2025-09-23T00:00:00+00:00; tips=; details=; offer=
121,6b36f5f6-89dd-4ff4-93e7-d4c08ceb44d3,lxx_ai,archive.org,https://archive.org/,93,180634530,General,unknown,85,lxx_link=https://archive.org/; lxx_link_type=Unknown; lxx_paid=false; manual_hold=false; language=English; update_date=2025-09-23T00:00:00+00:00; tips=; details=; offer=
122,3ad5da14-68a8-4781-ad0a-681afcc80844,lxx_ai,envato.com,https://envato.com/,92,23575914,Design,unknown,85,lxx_link=https://envato.com/; lxx_link_type=Unknown; lxx_paid=false; manual_hold=false; language=English; update_date=2025-09-23T00:00:00+00:00; tips=; details=; offer=
123,b92911ec-59b6-495e-89db-944b19187eba,lxx_ai,meetup.com,https://meetup.com/,92,15699121,General,unknown,85,lxx_link=https://meetup.com/; lxx_link_type=Unknown; lxx_paid=false; manual_hold=false; language=English; update_date=2025-09-23T00:00:00+00:00; tips=; details=; offer=
124,53125a63-5a2a-4eaf-a3d7-cc03be95e03c,lxx_ai,scratch.mit.edu,https://scratch.mit.edu/discuss/,92,22500000,Forum,unknown,85,lxx_link=https://scratch.mit.edu/discuss/; lxx_link_type=Unknown; lxx_paid=false; manual_hold=false; language=English; update_date=2025-05-21T00:00:00+00:00; tips=Reply to a post; details=; offer=
125,e7a73967-6d51-4f91-aee3-29e8d415fcea,lxx_ai,substack.com,https://substack.com/,92,112200000,Social,unknown,85,lxx_link=https://substack.com/; lxx_link_type=Unknown; lxx_paid=false; manual_hold=false; language=English; update_date=2025-05-18T00:00:00+00:00; tips=; details=; offer=
126,70911141-be12-474b-b8f8-703cece0a4bc,lxx_ai,crunchbase.com,https://www.crunchbase.com/add-new/?ref=aidirectori.es,91,4900000,Company Info,unknown,85,lxx_link=https://www.crunchbase.com/add-new/?ref=aidirectori.es; lxx_link_type=Unknown; lxx_paid=false; manual_hold=false; language=English; update_date=2025-06-17T00:00:00+00:00; tips=Add your company info; details=; offer=
127,b25a5c90-80d7-41ba-97c9-266c14818e0f,lxx_ai,moz.com,https://moz.com/,91,818131,Business,unknown,85,lxx_link=https://moz.com/; lxx_link_type=Unknown; lxx_paid=false; manual_hold=false; language=English; update_date=2025-09-23T00:00:00+00:00; tips=; details=; offer=
128,3077228a-4fa5-455e-b221-a0ead45f07f5,lxx_ai,last.fm,https://last.fm/,90,30540459,Music,unknown,85,lxx_link=https://last.fm/; lxx_link_type=Unknown; lxx_paid=false; manual_hold=false; language=English; update_date=2025-09-23T00:00:00+00:00; tips=; details=; offer=
129,97105847-1f22-404c-991d-66c19fddad4a,lxx_ai,e-monsite.com,https://e-monsite.com/,89,1439971,General,unknown,85,lxx_link=https://e-monsite.com/; lxx_link_type=Dofollow; lxx_paid=false; manual_hold=false; language=French; update_date=2025-09-23T00:00:00+00:00; tips=; details=; offer=
130,6629f136-bf09-4428-860e-79fd62e5fa6c,lxx_ai,forums.bestbuy.com,https://forums.bestbuy.com/,89,436214,Consumer,unknown,85,lxx_link=https://forums.bestbuy.com/; lxx_link_type=Dofollow; lxx_paid=false; manual_hold=false; language=English; update_date=2025-09-23T00:00:00+00:00; tips=; details=; offer=
131,c805d037-e8f9-45c3-8fc2-fa3dce5bc3ec,lxx_ai,free-url-shortener.rb.gy,https://free-url-shortener.rb.gy/,89,311531,General,unknown,85,lxx_link=https://free-url-shortener.rb.gy/; lxx_link_type=Dofollow; lxx_paid=false; manual_hold=false; language=English; update_date=2025-09-23T00:00:00+00:00; tips=; details=; offer=
132,63f0593d-8c6e-4249-9193-0ec8ff0e89d5,lxx_ai,padlet.com,https://padlet.com/,89,21368526,General,unknown,85,lxx_link=https://padlet.com/; lxx_link_type=Dofollow; lxx_paid=false; manual_hold=false; language=English; update_date=2025-09-23T00:00:00+00:00; tips=; details=; offer=
133,d633f118-16b8-4ff0-ac63-de32c06ba801,lxx_ai,sandbox.zenodo.org,https://sandbox.zenodo.org/,89,38417,General,unknown,85,lxx_link=https://sandbox.zenodo.org/; lxx_link_type=Dofollow; lxx_paid=false; manual_hold=false; language=English; update_date=2025-09-23T00:00:00+00:00; tips=; details=; offer=
134,5763dd18-f2d2-4267-a5b5-a4b6464d6947,lxx_ai,tiny.cc,https://tiny.cc/,89,2331463,General,unknown,85,lxx_link=https://tiny.cc/; lxx_link_type=Dofollow; lxx_paid=false; manual_hold=false; language=English; update_date=2025-09-23T00:00:00+00:00; tips=; details=; offer=
135,7d8e7d0d-4a12-405c-920d-375c37506e71,lxx_ai,weezevent.com,https://weezevent.com/,89,3523606,General,unknown,85,lxx_link=https://weezevent.com/; lxx_link_type=Dofollow; lxx_paid=false; manual_hold=false; language=French; update_date=2025-09-23T00:00:00+00:00; tips=; details=; offer=
136,75f377a2-e77f-44f9-b4ef-78eb9d49212e,lxx_ai,zazzle.com,https://zazzle.com/,89,7009024,General,unknown,85,lxx_link=https://zazzle.com/; lxx_link_type=Dofollow; lxx_paid=false; manual_hold=false; language=English; update_date=2025-09-23T00:00:00+00:00; tips=; details=; offer=
137,9f2ceb2f-4cce-47ee-9cbb-c48eea19ff0e,lxx_ai,arduino.cc,https://arduino.cc/,88,4894732,Developers,unknown,85,lxx_link=https://arduino.cc/; lxx_link_type=Dofollow; lxx_paid=false; manual_hold=false; language=English; update_date=2025-09-23T00:00:00+00:00; tips=; details=; offer=
138,e4debe9e-e184-419f-bd26-a78ed3e63266,lxx_ai,is.gd,https://is.gd/,88,3889101,General,unknown,85,lxx_link=https://is.gd/; lxx_link_type=Dofollow; lxx_paid=false; manual_hold=false; language=English; update_date=2025-09-23T00:00:00+00:00; tips=; details=; offer=
139,3788d38e-b9b7-4dba-9627-11009e533680,lxx_ai,it.ign.com,https://it.ign.com/forum,88,629097,Entertainment,unknown,85,lxx_link=https://it.ign.com/forum; lxx_link_type=Dofollow; lxx_paid=false; manual_hold=false; language=English; update_date=2025-09-23T00:00:00+00:00; tips=; details=; offer=
140,a72b8870-ff43-49c4-a10e-a380402fb25e,lxx_ai,mcdonaldauto.ning.com,https://mcdonaldauto.ning.com/,88,7352,General,unknown,85,lxx_link=https://mcdonaldauto.ning.com/; lxx_link_type=Dofollow; lxx_paid=false; manual_hold=false; language=English; update_date=2025-09-23T00:00:00+00:00; tips=; details=; offer=
141,9d8c60c9-f762-4a88-8ac9-a20649496bd6,lxx_ai,millionairex3.ning.com,https://millionairex3.ning.com/,88,8486,General,unknown,85,lxx_link=https://millionairex3.ning.com/; lxx_link_type=Dofollow; lxx_paid=false; manual_hold=false; language=English; update_date=2025-09-23T00:00:00+00:00; tips=; details=; offer=
142,37c93f9b-4815-410d-96b2-8a9bbe84fe2c,lxx_ai,my.archdaily.com,https://my.archdaily.com/,88,282120,Architecture,unknown,85,lxx_link=https://my.archdaily.com/; lxx_link_type=Dofollow; lxx_paid=false; manual_hold=false; language=English; update_date=2025-09-23T00:00:00+00:00; tips=; details=; offer=
143,129b7de6-98ee-4c70-84b9-971a01d2d40b,lxx_ai,site123.com,https://site123.com/,88,652212,General,unknown,85,lxx_link=https://site123.com/; lxx_link_type=Dofollow; lxx_paid=false; manual_hold=false; language=German; update_date=2025-09-23T00:00:00+00:00; tips=; details=; offer=
144,53c40e86-1b64-4c14-8fc8-d4db089785da,lxx_ai,squarespacescheduling.com,https://www.squarespacescheduling.com/,88,464170,General,unknown,85,lxx_link=https://www.squarespacescheduling.com/; lxx_link_type=Dofollow; lxx_paid=false; manual_hold=false; language=English; update_date=2025-09-23T00:00:00+00:00; tips=; details=; offer=
145,07fc0aa3-60c3-4236-a85c-a29e6294c787,lxx_ai,telegra.ph,https://telegra.ph/,88,14271388,General,unknown,85,lxx_link=https://telegra.ph/; lxx_link_type=Dofollow; lxx_paid=false; manual_hold=false; language=English; update_date=2025-09-23T00:00:00+00:00; tips=; details=; offer=
146,e3a0c84f-2d20-4e43-8e19-7d45b0e3a2dc,lxx_ai,qna.habr.com,https://qna.habr.com/,87,3186837,General,unknown,85,lxx_link=https://qna.habr.com/; lxx_link_type=Dofollow; lxx_paid=false; manual_hold=false; language=Russian; update_date=2025-09-23T00:00:00+00:00; tips=; details=; offer=
147,b054c7e8-c09c-42d7-b71b-bd3988e0e93a,lxx_ai,s.id,https://s.id/,87,23246115,General,unknown,85,lxx_link=https://s.id/; lxx_link_type=Dofollow; lxx_paid=false; manual_hold=false; language=English; update_date=2025-09-23T00:00:00+00:00; tips=; details=; offer=
148,a0bcbab5-d7c5-4d8e-aa21-460d8b21ec5c,lxx_ai,turnkeylinux.org,https://www.turnkeylinux.org/,87,154889,Developers,unknown,85,lxx_link=https://www.turnkeylinux.org/; lxx_link_type=Dofollow; lxx_paid=false; manual_hold=false; language=English; update_date=2025-09-23T00:00:00+00:00; tips=; details=; offer=
149,2ed41d26-6069-4c1d-8b42-763a3a96b6a9,lxx_ai,diigo.com,https://diigo.com/,86,820635,General,unknown,85,lxx_link=https://diigo.com/; lxx_link_type=Dofollow; lxx_paid=false; manual_hold=false; language=English; update_date=2025-09-23T00:00:00+00:00; tips=; details=; offer=
150,673f040a-1c34-49d6-85b5-6ae4c8ccd102,lxx_ai,informationweek.com,https://informationweek.com/,86,115602,Information,unknown,85,lxx_link=https://informationweek.com/; lxx_link_type=Dofollow; lxx_paid=false; manual_hold=false; language=English; update_date=2025-09-23T00:00:00+00:00; tips=; details=; offer=
151,08ce487b-890e-425b-b7b8-9d339989dfea,lxx_ai,joomag.com,https://joomag.com/,86,1200792,General,unknown,85,lxx_link=https://joomag.com/; lxx_link_type=Dofollow; lxx_paid=false; manual_hold=false; language=English; update_date=2025-09-23T00:00:00+00:00; tips=; details=; offer=
152,4dfb168c-5b00-4de9-b888-32988c2070e5,lxx_ai,network-30.mn.co,https://network-30.mn.co/,86,0,General,unknown,85,lxx_link=https://network-30.mn.co/; lxx_link_type=Dofollow; lxx_paid=false; manual_hold=false; language=English; update_date=2025-09-23T00:00:00+00:00; tips=; details=; offer=
153,927fd312-4411-4cb9-8e8a-1e3970f4118c,lxx_ai,shutterfly.com,https://shutterfly.com/,86,10399907,Photography,unknown,85,lxx_link=https://shutterfly.com/; lxx_link_type=Dofollow; lxx_paid=false; manual_hold=false; language=English; update_date=2025-09-23T00:00:00+00:00; tips=; details=; offer=
154,e7abdd6c-588a-4e48-b7a3-037dc7992de3,lxx_ai,us.wantedly.com,https://us.wantedly.com/,86,13391,General,unknown,85,lxx_link=https://us.wantedly.com/; lxx_link_type=Dofollow; lxx_paid=false; manual_hold=false; language=English; update_date=2025-09-23T00:00:00+00:00; tips=; details=; offer=
155,9f509a5f-a31b-4c08-8e21-e759f6d41796,lxx_ai,darkreading.com,https://darkreading.com/,85,501181,GeneralIT,unknown,85,lxx_link=https://darkreading.com/; lxx_link_type=Dofollow; lxx_paid=false; manual_hold=false; language=English; update_date=2025-09-23T00:00:00+00:00; tips=; details=; offer=
156,e9ff9f49-8214-4ec6-8be0-938301aabb7e,lxx_ai,forum.xda-developers.com,https://forum.xda-developers.com/,85,2989800,Cell Phone,unknown,85,lxx_link=https://forum.xda-developers.com/; lxx_link_type=Dofollow; lxx_paid=false; manual_hold=false; language=English; update_date=2025-09-23T00:00:00+00:00; tips=; details=; offer=
157,e9d79e62-7db9-4603-9f24-39a9cc0b4bde,lxx_ai,forums.pcgamer.com,https://forums.pcgamer.com/,85,172681,General,unknown,85,lxx_link=https://forums.pcgamer.com/; lxx_link_type=Dofollow; lxx_paid=false; manual_hold=false; language=English; update_date=2025-09-23T00:00:00+00:00; tips=; details=; offer=
158,761e39e8-27f7-4ca9-b380-eff3308430aa,lxx_ai,hightail.com,https://www.hightail.com/,85,1196580,General,unknown,85,lxx_link=https://www.hightail.com/; lxx_link_type=Dofollow; lxx_paid=false; manual_hold=false; language=English; update_date=2025-09-23T00:00:00+00:00; tips=; details=; offer=
159,a8629276-460c-40c9-8b61-374353aa98db,lxx_ai,ulule.com,https://www.ulule.com/,85,890766,General,unknown,85,lxx_link=https://www.ulule.com/; lxx_link_type=Dofollow; lxx_paid=false; manual_hold=false; language=French; update_date=2025-09-23T00:00:00+00:00; tips=; details=; offer=
160,2a0c6733-9552-4c11-bdd3-9e13c592e682,lxx_ai,wakelet.com,https://wakelet.com/,85,746487,General,unknown,85,lxx_link=https://wakelet.com/; lxx_link_type=Dofollow; lxx_paid=false; manual_hold=false; language=English; update_date=2025-09-23T00:00:00+00:00; tips=; details=; offer=
161,73280eea-a6f9-4fc0-9a65-9f904a83d1eb,lxx_ai,bit.do,https://bit.do/,84,54953,General,unknown,85,lxx_link=https://bit.do/; lxx_link_type=Dofollow; lxx_paid=false; manual_hold=false; language=English; update_date=2025-09-23T00:00:00+00:00; tips=; details=; offer=
162,b73c6536-e71e-420c-b57c-1687c36d9e02,lxx_ai,forum.cs-cart.com,https://forum.cs-cart.com/,84,3956,General,unknown,85,lxx_link=https://forum.cs-cart.com/; lxx_link_type=Dofollow; lxx_paid=false; manual_hold=false; language=English; update_date=2025-09-23T00:00:00+00:00; tips=; details=; offer=
163,caf7278f-b7c8-440c-ace5-cba771247e52,lxx_ai,forum.mikrotik.com,https://forum.mikrotik.com/,84,525021,Consumer,unknown,85,lxx_link=https://forum.mikrotik.com/; lxx_link_type=Dofollow; lxx_paid=false; manual_hold=false; language=English; update_date=2025-09-23T00:00:00+00:00; tips=; details=; offer=
164,e6d169dd-d935-42c8-a28b-f6d7c008d988,lxx_ai,instapaper.com,https://instapaper.com/,84,1510807,General,unknown,85,lxx_link=https://instapaper.com/; lxx_link_type=Dofollow; lxx_paid=false; manual_hold=false; language=English; update_date=2025-09-23T00:00:00+00:00; tips=; details=; offer=
165,5126d4cc-1e76-44e2-bf62-76a6c1f9894d,lxx_ai,jobs.cncf.io,https://jobs.cncf.io/,84,34618,General,unknown,85,lxx_link=https://jobs.cncf.io/; lxx_link_type=Dofollow; lxx_paid=false; manual_hold=false; language=English; update_date=2025-09-23T00:00:00+00:00; tips=; details=; offer=
166,aa80f8df-ea22-4e96-ae2b-612be92ac4ac,lxx_ai,leetcode.com,https://leetcode.com/,84,36803025,Developer,unknown,85,lxx_link=https://leetcode.com/; lxx_link_type=Dofollow; lxx_paid=false; manual_hold=false; language=English; update_date=2025-09-23T00:00:00+00:00; tips=; details=; offer=
167,d232ae04-d1e3-440b-8b94-bb89bcdebeb3,lxx_ai,rebrandly.com,https://rebrandly.com/,84,846374,General,unknown,85,lxx_link=https://rebrandly.com/; lxx_link_type=Dofollow; lxx_paid=false; manual_hold=false; language=English; update_date=2025-09-23T00:00:00+00:00; tips=; details=; offer=
168,0c38d0b9-6f4a-44f4-b6d5-0c976fc3d58c,lxx_ai,bitchute.com,https://bitchute.com/,83,6233324,General,unknown,85,lxx_link=https://bitchute.com/; lxx_link_type=Dofollow; lxx_paid=false; manual_hold=false; language=German; update_date=2025-09-23T00:00:00+00:00; tips=; details=; offer=
169,7920b14f-bbec-4458-bb2e-0ffb9ef7250e,lxx_ai,buzzon.khaleejtimes.com,https://buzzon.khaleejtimes.com/,83,40925,General,unknown,85,lxx_link=https://buzzon.khaleejtimes.com/; lxx_link_type=Dofollow; lxx_paid=false; manual_hold=false; language=English; update_date=2025-09-23T00:00:00+00:00; tips=; details=; offer=
170,d6f157fd-4b26-429d-8c14-34d68974d7d6,lxx_ai,doodlekit.com,https://doodlekit.com/,83,584,General,unknown,85,lxx_link=https://doodlekit.com/; lxx_link_type=Dofollow; lxx_paid=false; manual_hold=false; language=English; update_date=2025-09-23T00:00:00+00:00; tips=; details=; offer=
171,b716b0c2-0835-4521-83c6-a69a7fed974e,lxx_ai,express.yudu.com,https://express.yudu.com/,83,18337,General,unknown,85,lxx_link=https://express.yudu.com/; lxx_link_type=Dofollow; lxx_paid=false; manual_hold=false; language=English; update_date=2025-09-23T00:00:00+00:00; tips=; details=; offer=
172,889cfbc3-e93b-4d4a-9160-5c7cb18bdd52,lxx_ai,forum.abantecart.com,https://forum.abantecart.com/index.php,83,1869,Developers,unknown,85,lxx_link=https://forum.abantecart.com/index.php; lxx_link_type=Dofollow; lxx_paid=false; manual_hold=false; language=English; update_date=2025-09-23T00:00:00+00:00; tips=; details=; offer=
173,088deb93-a9d2-4031-b544-5f62379153e4,lxx_ai,magcloud.com,https://magcloud.com/,83,199870,General,unknown,85,lxx_link=https://magcloud.com/; lxx_link_type=Dofollow; lxx_paid=false; manual_hold=false; language=English; update_date=2025-09-23T00:00:00+00:00; tips=; details=; offer=
174,7c0c1943-ac8b-4f0c-b0d0-e4e6391c3b18,lxx_ai,milkyway.cs.rpi.edu,https://milkyway.cs.rpi.edu/,83,0,General,unknown,85,lxx_link=https://milkyway.cs.rpi.edu/; lxx_link_type=Dofollow; lxx_paid=false; manual_hold=false; language=English; update_date=2025-09-23T00:00:00+00:00; tips=; details=; offer=
175,1c60347e-e738-4794-bec6-71b74e1ddce2,lxx_ai,pbase.com,https://www.pbase.com/,83,411322,General,unknown,85,lxx_link=https://www.pbase.com/; lxx_link_type=Dofollow; lxx_paid=false; manual_hold=false; language=English; update_date=2025-09-23T00:00:00+00:00; tips=; details=; offer=
176,a21a2378-077a-4211-847c-f49ba4a543df,lxx_ai,pubhtml5.com,https://pubhtml5.com/,83,2867809,General,unknown,85,lxx_link=https://pubhtml5.com/; lxx_link_type=Dofollow; lxx_paid=false; manual_hold=false; language=English; update_date=2025-09-23T00:00:00+00:00; tips=; details=; offer=
177,a6793579-33ef-42c9-b9a7-6d93e17892d8,lxx_ai,study.mdanderson.org,https://study.mdanderson.org/,83,89908,0,unknown,85,lxx_link=https://study.mdanderson.org/; lxx_link_type=Dofollow; lxx_paid=false; manual_hold=false; language=English; update_date=2025-09-23T00:00:00+00:00; tips=; details=; offer=
178,c1654172-010b-4a00-93c9-03e39a20f418,lxx_ai,archive.ph,https://archive.ph/,82,24376891,General,unknown,85,lxx_link=https://archive.ph/; lxx_link_type=Dofollow; lxx_paid=false; manual_hold=false; language=English; update_date=2025-09-23T00:00:00+00:00; tips=; details=; offer=
179,4d6fecb4-c050-4d5f-9114-c819a0899631,lxx_ai,colourlovers.com,https://colourlovers.com/,82,148704,General,unknown,85,lxx_link=https://colourlovers.com/; lxx_link_type=Dofollow; lxx_paid=false; manual_hold=false; language=English; update_date=2025-09-23T00:00:00+00:00; tips=; details=; offer=
180,00003bc4-4a24-4f41-a4c4-b5aee66d83b2,lxx_ai,en.webself.net,https://en.webself.net/,82,5414,General,unknown,85,lxx_link=https://en.webself.net/; lxx_link_type=Dofollow; lxx_paid=false; manual_hold=false; language=English; update_date=2025-09-23T00:00:00+00:00; tips=; details=; offer=
181,cad6f2e9-e80e-44c7-ae05-459ad9431e0f,lxx_ai,exposure.co,https://exposure.co/,82,336142,General,unknown,85,lxx_link=https://exposure.co/; lxx_link_type=Dofollow; lxx_paid=false; manual_hold=false; language=English; update_date=2025-09-23T00:00:00+00:00; tips=; details=; offer=
182,62df739f-83dd-460a-810b-6d7bef999b01,lxx_ai,flattr.com,https://flattr.com/,82,1862,General,unknown,85,lxx_link=https://flattr.com/; lxx_link_type=Dofollow; lxx_paid=false; manual_hold=false; language=English; update_date=2025-09-23T00:00:00+00:00; tips=; details=; offer=
183,4242f211-f656-4604-95b8-a25730695bb4,lxx_ai,getrevue.co,https://getrevue.co/,82,13729,General,unknown,85,lxx_link=https://getrevue.co/; lxx_link_type=Dofollow; lxx_paid=false; manual_hold=false; language=English; update_date=2025-09-23T00:00:00+00:00; tips=; details=; offer=
184,7068b1d6-1d81-460e-b9b6-bda2d313aae6,lxx_ai,militarytimes.com,https://www.militarytimes.com/,82,1689473,Military,unknown,85,lxx_link=https://www.militarytimes.com/; lxx_link_type=Dofollow; lxx_paid=false; manual_hold=false; language=English; update_date=2025-09-23T00:00:00+00:00; tips=; details=; offer=
185,62f21de7-9407-4c64-b751-b64ae6c21df3,lxx_ai,pearltrees.com,https://pearltrees.com/,82,1113370,General,unknown,85,lxx_link=https://pearltrees.com/; lxx_link_type=Dofollow; lxx_paid=false; manual_hold=false; language=English; update_date=2025-09-23T00:00:00+00:00; tips=; details=; offer=
186,9aac0327-268d-4667-9573-8f04ed6bc343,lxx_ai,wysiwygwebbuilder.com,https://wysiwygwebbuilder.com/forum/index.php,82,76822,Developers,unknown,85,lxx_link=https://wysiwygwebbuilder.com/forum/index.php; lxx_link_type=Dofollow; lxx_paid=false; manual_hold=false; language=English; update_date=2025-09-23T00:00:00+00:00; tips=; details=; offer=
187,e0d7a184-a182-488c-8ba8-2ba5ddb913e2,lxx_ai,zippyshare.com,https://zippyshare.com/,82,1497776,General,unknown,85,lxx_link=https://zippyshare.com/; lxx_link_type=Dofollow; lxx_paid=false; manual_hold=false; language=English; update_date=2025-09-23T00:00:00+00:00; tips=; details=; offer=
188,420a040c-b621-4c27-bce8-ef5717c55e12,lxx_ai,bitrix24.net,https://bitrix24.net/,81,3919518,General,unknown,85,lxx_link=https://bitrix24.net/; lxx_link_type=Dofollow; lxx_paid=false; manual_hold=false; language=German; update_date=2025-09-23T00:00:00+00:00; tips=; details=; offer=
189,c9ea4e5d-eec8-4660-8950-88f11a4bf055,lxx_ai,cabanova.com,https://cabanova.com/,81,6743,General,unknown,85,lxx_link=https://cabanova.com/; lxx_link_type=Dofollow; lxx_paid=false; manual_hold=false; language=German; update_date=2025-09-23T00:00:00+00:00; tips=; details=; offer=
190,55320e4e-da5e-4200-89f9-9bf3dd492d9c,lxx_ai,cplusplus.com,https://www.cplusplus.com/,81,695895,Developer,unknown,85,lxx_link=https://www.cplusplus.com/; lxx_link_type=Dofollow; lxx_paid=false; manual_hold=false; language=English; update_date=2025-09-23T00:00:00+00:00; tips=; details=; offer=
191,d87d65aa-2501-4a3e-a793-17fb314d95a2,lxx_ai,foodiesfeed.com,https://foodiesfeed.com/,81,82362,Food,unknown,85,lxx_link=https://foodiesfeed.com/; lxx_link_type=Dofollow; lxx_paid=false; manual_hold=false; language=English; update_date=2025-09-23T00:00:00+00:00; tips=; details=; offer=
192,573890f5-39ce-4064-82a9-b0a747595289,lxx_ai,forum.elster.de,https://forum.elster.de/,81,307811,General,unknown,85,lxx_link=https://forum.elster.de/; lxx_link_type=Dofollow; lxx_paid=false; manual_hold=false; language=German; update_date=2025-09-23T00:00:00+00:00; tips=; details=; offer=
193,673536de-f6ba-4241-af45-d018019e718e,lxx_ai,forum.winehq.org,https://forum.winehq.org/index.php,81,132894,Information,unknown,85,lxx_link=https://forum.winehq.org/index.php; lxx_link_type=Dofollow; lxx_paid=false; manual_hold=false; language=English; update_date=2025-09-23T00:00:00+00:00; tips=; details=; offer=
194,35b33e5e-4b61-4284-ac40-bef1f960c3dc,lxx_ai,forums.linuxmint.com,https://forums.linuxmint.com/index.php,81,1596135,Information,unknown,85,lxx_link=https://forums.linuxmint.com/index.php; lxx_link_type=Dofollow; lxx_paid=false; manual_hold=false; language=English; update_date=2025-09-23T00:00:00+00:00; tips=; details=; offer=
195,2fbb2849-77c4-4b4e-a3b6-69938a631501,lxx_ai,journoportfolio.com,https://journoportfolio.com/,81,246339,General,unknown,85,lxx_link=https://journoportfolio.com/; lxx_link_type=Dofollow; lxx_paid=false; manual_hold=false; language=English; update_date=2025-09-23T00:00:00+00:00; tips=; details=; offer=
196,8f065e13-7afa-4332-be77-7a5a5a43afdc,lxx_ai,minds.com,https://minds.com/,81,513622,Social,unknown,85,lxx_link=https://minds.com/; lxx_link_type=Dofollow; lxx_paid=false; manual_hold=false; language=English; update_date=2025-09-23T00:00:00+00:00; tips=; details=; offer=
197,f5799a6d-886c-4321-a9d6-1743a5fec5f1,lxx_ai,tiny.pl,https://tiny.pl/,81,351521,General,unknown,85,lxx_link=https://tiny.pl/; lxx_link_type=Dofollow; lxx_paid=false; manual_hold=false; language=English; update_date=2025-09-23T00:00:00+00:00; tips=; details=; offer=
198,256ba127-1ed8-4d98-9da3-f092602ec445,lxx_ai,webrankinfo.com,https://www.webrankinfo.com/forum/,81,57478,SEO,unknown,85,lxx_link=https://www.webrankinfo.com/forum/; lxx_link_type=Dofollow; lxx_paid=false; manual_hold=false; language=French; update_date=2025-09-23T00:00:00+00:00; tips=; details=; offer=
199,7553fdd0-3d4d-4486-a524-636ea93d5f93,lxx_ai,biggerpockets.com,https://biggerpockets.com/,80,1027295,Real Estate,unknown,85,lxx_link=https://biggerpockets.com/; lxx_link_type=Dofollow; lxx_paid=false; manual_hold=false; language=English; update_date=2025-09-23T00:00:00+00:00; tips=; details=; offer=
200,500e55a3-0e12-4000-ba72-5a4276915626,lxx_ai,cheezburger.com,https://cheezburger.com/,80,18718134,General,unknown,85,lxx_link=https://cheezburger.com/; lxx_link_type=Dofollow; lxx_paid=false; manual_hold=false; language=English; update_date=2025-09-23T00:00:00+00:00; tips=; details=; offer=
201,b8c5d7ff-0b11-4b32-ae9a-5e5d91242ea0,lxx_ai,creativelive.com,https://creativelive.com/,80,91944,Art,unknown,85,lxx_link=https://creativelive.com/; lxx_link_type=Dofollow; lxx_paid=false; manual_hold=false; language=English; update_date=2025-09-23T00:00:00+00:00; tips=; details=; offer=
202,6316c8be-6633-488d-816c-e77d1b88ef17,lxx_ai,fontspace.com,https://fontspace.com/,80,4321085,Design,unknown,85,lxx_link=https://fontspace.com/; lxx_link_type=Dofollow; lxx_paid=false; manual_hold=false; language=English; update_date=2025-09-23T00:00:00+00:00; tips=; details=; offer=
203,83ce252c-e32e-428f-bb0e-a991aed0f38a,lxx_ai,forum.utorrent.com,https://forum.utorrent.com/,80,409081,General,unknown,85,lxx_link=https://forum.utorrent.com/; lxx_link_type=Dofollow; lxx_paid=false; manual_hold=false; language=English; update_date=2025-09-23T00:00:00+00:00; tips=; details=; offer=
204,0c31ab60-62bc-4608-b670-590a1c21cf3f,lxx_ai,forum.yealink.com,https://forum.yealink.com/,80,13645,Consumer,unknown,85,lxx_link=https://forum.yealink.com/; lxx_link_type=Dofollow; lxx_paid=false; manual_hold=false; language=English; update_date=2025-09-23T00:00:00+00:00; tips=; details=; offer=
205,55f93d04-7bb2-43bf-b1f1-74ccefd71563,lxx_ai,forums.getpaint.net,https://forums.getpaint.net/,80,235945,Art,unknown,85,lxx_link=https://forums.getpaint.net/; lxx_link_type=Dofollow; lxx_paid=false; manual_hold=false; language=English; update_date=2025-09-23T00:00:00+00:00; tips=; details=; offer=
206,85d73433-4047-4c44-b0a0-a2894ef75b65,lxx_ai,intensedebate.com,https://www.intensedebate.com/,80,226913,General,unknown,85,lxx_link=https://www.intensedebate.com/; lxx_link_type=Dofollow; lxx_paid=false; manual_hold=false; language=English; update_date=2025-09-23T00:00:00+00:00; tips=; details=; offer=
207,aa8262b4-5b38-47df-9a06-469184103963,lxx_ai,moonfruit.com,https://moonfruit.com/,80,14665,General,unknown,85,lxx_link=https://moonfruit.com/; lxx_link_type=Dofollow; lxx_paid=false; manual_hold=false; language=English; update_date=2025-09-23T00:00:00+00:00; tips=; details=; offer=
208,eb4cab03-2db4-4770-8ffb-b6943acac904,lxx_ai,morguefile.com,https://morguefile.com/,80,61479,Photography,unknown,85,lxx_link=https://morguefile.com/; lxx_link_type=Dofollow; lxx_paid=false; manual_hold=false; language=English; update_date=2025-09-23T00:00:00+00:00; tips=; details=; offer=
209,da7dbd23-7f93-4f68-8786-87cda70951ab,lxx_ai,n9.cl,https://www.n9.cl/,80,828067,General,unknown,85,lxx_link=https://www.n9.cl/; lxx_link_type=Dofollow; lxx_paid=false; manual_hold=false; language=English; update_date=2025-09-23T00:00:00+00:00; tips=; details=; offer=
210,8bda391b-9f41-4933-a853-0df621df459b,lxx_ai,seoptimer.com,https://seoptimer.com/,80,569818,SEO,unknown,85,lxx_link=https://seoptimer.com/; lxx_link_type=Dofollow; lxx_paid=false; manual_hold=false; language=English; update_date=2025-09-23T00:00:00+00:00; tips=; details=; offer=
211,f4f16fa3-3b9c-48b3-853c-09fa42265dd8,lxx_ai,tapatalk.com,https://tapatalk.com/,80,3708385,General,unknown,85,lxx_link=https://tapatalk.com/; lxx_link_type=Dofollow; lxx_paid=false; manual_hold=false; language=English; update_date=2025-09-23T00:00:00+00:00; tips=; details=; offer=
212,89044878-f6f4-4df0-bd0f-70d6a2e3fb4c,lxx_ai,ucoz.com,https://ucoz.com/,80,960424,General,unknown,85,lxx_link=https://ucoz.com/; lxx_link_type=Dofollow; lxx_paid=false; manual_hold=false; language=English; update_date=2025-09-23T00:00:00+00:00; tips=; details=; offer=
213,0108f3a6-65bf-45c7-a8e7-63943cffd4be,lxx_ai,we.riseup.net,https://we.riseup.net/,80,63211,General,unknown,85,lxx_link=https://we.riseup.net/; lxx_link_type=Dofollow; lxx_paid=false; manual_hold=false; language=English; update_date=2025-09-23T00:00:00+00:00; tips=; details=; offer=
214,e2752381-7f59-441a-adda-12d81633ea16,lxx_ai,wowhead.com,https://wowhead.com/,80,143541,Gaming,unknown,85,lxx_link=https://wowhead.com/; lxx_link_type=Dofollow; lxx_paid=false; manual_hold=false; language=English; update_date=2025-09-23T00:00:00+00:00; tips=; details=; offer=
215,b2ea961a-93bc-4373-9569-2c3c7b6cfdda,lxx_ai,coub.com,https://coub.com/,79,3137691,General,unknown,85,lxx_link=https://coub.com/; lxx_link_type=Dofollow; lxx_paid=false; manual_hold=false; language=English; update_date=2025-09-23T00:00:00+00:00; tips=; details=; offer=
216,61d7e575-321f-4c26-b9d6-fbf770bc9a77,lxx_ai,creativemornings.com,https://creativemornings.com/,79,218020,General,unknown,85,lxx_link=https://creativemornings.com/; lxx_link_type=Dofollow; lxx_paid=false; manual_hold=false; language=English; update_date=2025-09-23T00:00:00+00:00; tips=; details=; offer=
217,b65cb1db-1438-414d-915f-c486006d5cc3,lxx_ai,files.fm,https://files.fm/,79,1860873,General,unknown,85,lxx_link=https://files.fm/; lxx_link_type=Dofollow; lxx_paid=false; manual_hold=false; language=English; update_date=2025-09-23T00:00:00+00:00; tips=; details=; offer=
218,c8e638fa-2a39-4bcc-90a8-0867390b304d,lxx_ai,gg.gg,https://gg.gg/,79,57263,General,unknown,85,lxx_link=https://gg.gg/; lxx_link_type=Dofollow; lxx_paid=false; manual_hold=false; language=English; update_date=2025-09-23T00:00:00+00:00; tips=; details=; offer=
219,001e30cd-4109-448d-8d47-009f7c7c7a96,lxx_ai,hercampus.com,https://hercampus.com/,79,745630,Education,unknown,85,lxx_link=https://hercampus.com/; lxx_link_type=Dofollow; lxx_paid=false; manual_hold=false; language=English; update_date=2025-09-23T00:00:00+00:00; tips=; details=; offer=
220,e72de869-4c4b-42b2-98e8-b88a1a3dcfec,lxx_ai,jigsy.com,https://jigsy.com/,79,45384,General,unknown,85,lxx_link=https://jigsy.com/; lxx_link_type=Dofollow; lxx_paid=false; manual_hold=false; language=English; update_date=2025-09-23T00:00:00+00:00; tips=; details=; offer=
221,245595c1-62f4-4dbc-82d4-317dc0f90dd4,lxx_ai,kooapp.com,https://www.kooapp.com/,79,39075,Social,unknown,85,lxx_link=https://www.kooapp.com/; lxx_link_type=Dofollow; lxx_paid=false; manual_hold=false; language=English; update_date=2025-09-23T00:00:00+00:00; tips=; details=; offer=
222,7a3265cd-a065-4463-8309-233a7b5bcff5,lxx_ai,linklyhq.com,https://linklyhq.com/,79,340187,General,unknown,85,lxx_link=https://linklyhq.com/; lxx_link_type=Dofollow; lxx_paid=false; manual_hold=false; language=English; update_date=2025-09-23T00:00:00+00:00; tips=; details=; offer=
223,bcd08024-8435-49b8-aa1b-8e398a777590,lxx_ai,new.edmodo.com,https://new.edmodo.com/,79,19070,Education,unknown,85,lxx_link=https://new.edmodo.com/; lxx_link_type=Dofollow; lxx_paid=false; manual_hold=false; language=English; update_date=2025-09-23T00:00:00+00:00; tips=; details=; offer=
224,076cdfc4-f920-482f-b4dc-bac8bbf0e46f,lxx_ai,pantip.com,https://pantip.com/,79,63279359,General,unknown,85,lxx_link=https://pantip.com/; lxx_link_type=Dofollow; lxx_paid=false; manual_hold=false; language=English; update_date=2025-09-23T00:00:00+00:00; tips=; details=; offer=
225,451cfa7e-4630-4824-8a8d-1a6730fac6f2,lxx_ai,seedandspark.com,https://seedandspark.com/,79,172816,General,unknown,85,lxx_link=https://seedandspark.com/; lxx_link_type=Dofollow; lxx_paid=false; manual_hold=false; language=English; update_date=2025-09-23T00:00:00+00:00; tips=; details=; offer=
226,c5e9ed74-d25d-4005-8de4-53da9ec2b2e5,lxx_ai,snip.ly,https://snip.ly/,79,47434,General,unknown,85,lxx_link=https://snip.ly/; lxx_link_type=Dofollow; lxx_paid=false; manual_hold=false; language=English; update_date=2025-09-23T00:00:00+00:00; tips=; details=; offer=
227,e1e76d45-299a-4376-b4ac-a522dad495ea,lxx_ai,viki.com,https://www.viki.com/,79,23335747,General,unknown,85,lxx_link=https://www.viki.com/; lxx_link_type=Dofollow; lxx_paid=false; manual_hold=false; language=English; update_date=2025-09-23T00:00:00+00:00; tips=; details=; offer=
228,6b52fba1-6681-4438-831f-6903cc7e348c,lxx_ai,write.as,https://write.as/,79,777418,General,unknown,85,lxx_link=https://write.as/; lxx_link_type=Dofollow; lxx_paid=false; manual_hold=false; language=English; update_date=2025-09-23T00:00:00+00:00; tips=; details=; offer=
229,15be6ab9-2517-4363-9108-bd99b56c3c0e,lxx_ai,addwish.com,https://addwish.com/,78,4107,General,unknown,85,lxx_link=https://addwish.com/; lxx_link_type=Dofollow; lxx_paid=false; manual_hold=false; language=English; update_date=2025-09-23T00:00:00+00:00; tips=; details=; offer=
230,10b05f65-675c-40ba-a6c7-16797a72c452,lxx_ai,conifer.rhizome.org,https://conifer.rhizome.org/,78,17975,General,unknown,85,lxx_link=https://conifer.rhizome.org/; lxx_link_type=Dofollow; lxx_paid=false; manual_hold=false; language=English; update_date=2025-09-23T00:00:00+00:00; tips=; details=; offer=
231,82190472-cc7d-4d0c-8ab7-4d917455b76f,lxx_ai,doityourself.com,https://doityourself.com/forum/,78,1702336,General,unknown,85,lxx_link=https://doityourself.com/forum/; lxx_link_type=Dofollow; lxx_paid=false; manual_hold=false; language=English; update_date=2025-09-23T00:00:00+00:00; tips=; details=; offer=
232,c0e8d3f2-5e79-40f8-821c-a8a1ff0025dc,lxx_ai,dreamwidth.org,https://www.dreamwidth.org/,78,2238004,General,unknown,85,lxx_link=https://www.dreamwidth.org/; lxx_link_type=Dofollow; lxx_paid=false; manual_hold=false; language=English; update_date=2025-09-23T00:00:00+00:00; tips=; details=; offer=
233,657e2450-7369-4666-8555-64529db59e05,lxx_ai,easel.ly,https://www.easel.ly/,78,147162,General,unknown,85,lxx_link=https://www.easel.ly/; lxx_link_type=Dofollow; lxx_paid=false; manual_hold=false; language=English; update_date=2025-09-23T00:00:00+00:00; tips=; details=; offer=
234,19da8118-2842-4ca8-808a-de9eb8696def,lxx_ai,engineering.com,https://engineering.com/,78,409732,General,unknown,85,lxx_link=https://engineering.com/; lxx_link_type=Dofollow; lxx_paid=false; manual_hold=false; language=English; update_date=2025-09-23T00:00:00+00:00; tips=; details=; offer=
235,9a02290f-6a64-4e47-bb4e-cb95caa46d9f,lxx_ai,gonitro.com,https://gonitro.com/,78,1774207,General,unknown,85,lxx_link=https://gonitro.com/; lxx_link_type=Dofollow; lxx_paid=false; manual_hold=false; language=English; update_date=2025-09-23T00:00:00+00:00; tips=; details=; offer=
236,a6e60c84-904d-431b-ae31-972045112def,lxx_ai,grabcad.com,https://grabcad.com/,78,3262502,Architecture,unknown,85,lxx_link=https://grabcad.com/; lxx_link_type=Dofollow; lxx_paid=false; manual_hold=false; language=English; update_date=2025-09-23T00:00:00+00:00; tips=; details=; offer=
237,1ce113a4-44e3-4cf6-96e7-424e96a8fb60,lxx_ai,imcreator.com,https://imcreator.com/,78,51690,General,unknown,85,lxx_link=https://imcreator.com/; lxx_link_type=Dofollow; lxx_paid=false; manual_hold=false; language=English; update_date=2025-09-23T00:00:00+00:00; tips=; details=; offer=
238,1846d8eb-8833-493f-9490-9f6a1df0c570,lxx_ai,mahara.phil.hhu.de,https://mahara.phil.hhu.de/,78,0,General,unknown,85,lxx_link=https://mahara.phil.hhu.de/; lxx_link_type=Dofollow; lxx_paid=false; manual_hold=false; language=English; update_date=2025-09-23T00:00:00+00:00; tips=; details=; offer=
239,46d302ec-9b76-432d-9d82-73f304e879e2,lxx_ai,penzu.com,https://penzu.com/,78,1375104,General,unknown,85,lxx_link=https://penzu.com/; lxx_link_type=Dofollow; lxx_paid=false; manual_hold=false; language=English; update_date=2025-09-23T00:00:00+00:00; tips=; details=; offer=
240,1f9b002d-9377-4b80-9035-6c4140ff8f32,lxx_ai,portfoliobox.net,https://portfoliobox.net/,78,181117,General,unknown,85,lxx_link=https://portfoliobox.net/; lxx_link_type=Dofollow; lxx_paid=false; manual_hold=false; language=English; update_date=2025-09-23T00:00:00+00:00; tips=; details=; offer=
241,25979f1a-f084-4508-8e26-651074eef3f4,lxx_ai,repl.it,https://repl.it/,78,31737,Developer,unknown,85,lxx_link=https://repl.it/; lxx_link_type=Dofollow; lxx_paid=false; manual_hold=false; language=English; update_date=2025-09-23T00:00:00+00:00; tips=; details=; offer=
242,671adafb-abe3-4e60-8df0-379bfbab0b58,lxx_ai,rhizome.org,https://rhizome.org/,78,133049,Art,unknown,85,lxx_link=https://rhizome.org/; lxx_link_type=Dofollow; lxx_paid=false; manual_hold=false; language=English; update_date=2025-09-23T00:00:00+00:00; tips=; details=; offer=
243,3138a36a-cc68-4bc6-897f-385e99e00795,lxx_ai,soundclick.com,https://soundclick.com/,78,438461,Music,unknown,85,lxx_link=https://soundclick.com/; lxx_link_type=Dofollow; lxx_paid=false; manual_hold=false; language=English; update_date=2025-09-23T00:00:00+00:00; tips=; details=; offer=
244,b3ba6337-58d8-469d-8cb2-e269ab31e978,lxx_ai,storeboard.com,https://storeboard.com/,78,789267,General,unknown,85,lxx_link=https://storeboard.com/; lxx_link_type=Dofollow; lxx_paid=false; manual_hold=false; language=English; update_date=2025-09-23T00:00:00+00:00; tips=; details=; offer=
245,653b7fb8-6d22-4bb5-b91d-482d644fc8a0,lxx_ai,u.to,https://u.to/,78,266162,General,unknown,85,lxx_link=https://u.to/; lxx_link_type=Dofollow; lxx_paid=false; manual_hold=false; language=English; update_date=2025-09-23T00:00:00+00:00; tips=; details=; offer=
246,449218d3-daa3-4249-bc10-c3a025723cb1,lxx_ai,veoh.com,https://veoh.com/,78,101291,General,unknown,85,lxx_link=https://veoh.com/; lxx_link_type=Dofollow; lxx_paid=false; manual_hold=false; language=English; update_date=2025-09-23T00:00:00+00:00; tips=; details=; offer=
247,59cc2fa7-b4e3-4ce7-823d-82ea6f3b59c2,lxx_ai,westone.forumotion.com,https://westone.forumotion.com/,78,4628,Music,unknown,85,lxx_link=https://westone.forumotion.com/; lxx_link_type=Dofollow; lxx_paid=false; manual_hold=false; language=English; update_date=2025-09-23T00:00:00+00:00; tips=; details=; offer=
248,60b9b023-37c3-4b3d-8b66-e17da6177e6f,lxx_ai,data.world,https://data.world/,77,149175,Developer,unknown,85,lxx_link=https://data.world/; lxx_link_type=Dofollow; lxx_paid=false; manual_hold=false; language=English; update_date=2025-09-23T00:00:00+00:00; tips=; details=; offer=
249,9ca7adc6-0c2f-48d8-a78b-2c89f631b5b1,lxx_ai,ebusinesspages.com,https://ebusinesspages.com/,77,6615,General,unknown,85,lxx_link=https://ebusinesspages.com/; lxx_link_type=Dofollow; lxx_paid=false; manual_hold=false; language=English; update_date=2025-09-23T00:00:00+00:00; tips=; details=; offer=
250,54d5db73-0457-4e1d-91af-91e4923520b3,lxx_ai,forums.securityinfowatch.com,https://forums.securityinfowatch.com/,77,2859,IT Security,unknown,85,lxx_link=https://forums.securityinfowatch.com/; lxx_link_type=Dofollow; lxx_paid=false; manual_hold=false; language=English; update_date=2025-09-23T00:00:00+00:00; tips=; details=; offer=
251,effcbcfa-eea9-4108-a9fd-997cf5f5aba3,lxx_ai,hackerearth.com,https://hackerearth.com/,77,988782,General,unknown,85,lxx_link=https://hackerearth.com/; lxx_link_type=Dofollow; lxx_paid=false; manual_hold=false; language=English; update_date=2025-09-23T00:00:00+00:00; tips=; details=; offer=
252,b9ed25c3-3429-483a-8ef5-fd27b56003e4,lxx_ai,localendar.com,https://localendar.com/,77,105540,General,unknown,85,lxx_link=https://localendar.com/; lxx_link_type=Dofollow; lxx_paid=false; manual_hold=false; language=English; update_date=2025-09-23T00:00:00+00:00; tips=; details=; offer=
253,e61fce92-1d99-42a3-ae96-b878442e0b4a,lxx_ai,lomography.com,https://www.lomography.com/,77,1295957,Photography,unknown,85,lxx_link=https://www.lomography.com/; lxx_link_type=Dofollow; lxx_paid=false; manual_hold=false; language=English; update_date=2025-09-23T00:00:00+00:00; tips=; details=; offer=
254,e3d74676-0a96-4bcd-bc75-ff884b3dad14,lxx_ai,metal-archives.com,https://metal-archives.com/,77,5650540,General,unknown,85,lxx_link=https://metal-archives.com/; lxx_link_type=Dofollow; lxx_paid=false; manual_hold=false; language=English; update_date=2025-09-23T00:00:00+00:00; tips=; details=; offer=
255,8f6c5d69-325f-4790-bc47-7a5e35813a27,lxx_ai,mx3.ch,https://mx3.ch/,77,73883,Music,unknown,85,lxx_link=https://mx3.ch/; lxx_link_type=Dofollow; lxx_paid=false; manual_hold=false; language=English; update_date=2025-09-23T00:00:00+00:00; tips=; details=; offer=
256,538cdaf1-3e3f-43b4-8fd4-1d48780c723c,lxx_ai,splice.com,https://splice.com/,77,3961419,Music,unknown,85,lxx_link=https://splice.com/; lxx_link_type=Dofollow; lxx_paid=false; manual_hold=false; language=English; update_date=2025-09-23T00:00:00+00:00; tips=; details=; offer=
257,37319d70-630c-4032-8a85-f5448cec2584,lxx_ai,start.me,https://start.me/,77,5068235,General,unknown,85,lxx_link=https://start.me/; lxx_link_type=Dofollow; lxx_paid=false; manual_hold=false; language=English; update_date=2025-09-23T00:00:00+00:00; tips=; details=; offer=
258,b47713a1-50ec-4e25-b55a-b82d0ac6c1eb,lxx_ai,supportduweb.com,https://supportduweb.com/,77,1252,Developer,unknown,85,lxx_link=https://supportduweb.com/; lxx_link_type=Dofollow; lxx_paid=false; manual_hold=false; language=French; update_date=2025-09-23T00:00:00+00:00; tips=; details=; offer=
259,96c0c2f6-e7e1-43d5-b733-fc03b9370422,lxx_ai,symbaloo.com,https://symbaloo.com/,77,3527199,General,unknown,85,lxx_link=https://symbaloo.com/; lxx_link_type=Dofollow; lxx_paid=false; manual_hold=false; language=German; update_date=2025-09-23T00:00:00+00:00; tips=; details=; offer=
260,1950e5f0-7143-4389-ba55-e7d24e1f0f39,lxx_ai,viewbug.com,https://viewbug.com/,77,896283,Photography,unknown,85,lxx_link=https://viewbug.com/; lxx_link_type=Dofollow; lxx_paid=false; manual_hold=false; language=English; update_date=2025-09-23T00:00:00+00:00; tips=; details=; offer=
261,9439a72c-1c96-44da-95dc-1ca44190e18c,lxx_ai,webmasterworld.com,https://webmasterworld.com/,77,96748,Marketing,unknown,85,lxx_link=https://webmasterworld.com/; lxx_link_type=Dofollow; lxx_paid=false; manual_hold=false; language=English; update_date=2025-09-23T00:00:00+00:00; tips=; details=; offer=
262,56444d44-f0ba-43d8-931c-6e1250fc4827,lxx_ai,websitebuilder.com,https://websitebuilder.com/,77,18909,General,unknown,85,lxx_link=https://websitebuilder.com/; lxx_link_type=Dofollow; lxx_paid=false; manual_hold=false; language=English; update_date=2025-09-23T00:00:00+00:00; tips=; details=; offer=
263,78c88e99-8954-4643-a45b-7d2ce91eca4e,lxx_ai,anotepad.com,https://anotepad.com/,76,4068780,General,unknown,85,lxx_link=https://anotepad.com/; lxx_link_type=Dofollow; lxx_paid=false; manual_hold=false; language=English; update_date=2025-09-23T00:00:00+00:00; tips=; details=; offer=
264,c078ca81-e3ae-4d35-a6b2-8d66ea9e15ca,lxx_ai,apsense.com,https://apsense.com/,76,111785,Social,unknown,85,lxx_link=https://apsense.com/; lxx_link_type=Dofollow; lxx_paid=false; manual_hold=false; language=English; update_date=2025-09-23T00:00:00+00:00; tips=; details=; offer=
265,d7bd1b75-e6b5-4658-85f2-548edfb87a58,lxx_ai,bom.to,https://bom.to/,76,1873,General,unknown,85,lxx_link=https://bom.to/; lxx_link_type=Dofollow; lxx_paid=false; manual_hold=false; language=Vietnamese; update_date=2025-09-23T00:00:00+00:00; tips=; details=; offer=
266,59ee7321-edfd-44d0-8340-19849f1afb8e,lxx_ai,cutt.us,https://cutt.us/,76,45615,General,unknown,85,lxx_link=https://cutt.us/; lxx_link_type=Dofollow; lxx_paid=false; manual_hold=false; language=English; update_date=2025-09-23T00:00:00+00:00; tips=; details=; offer=
267,19fd6eba-4aa8-4916-bfa8-2acb8f472163,lxx_ai,cycling74.com,https://cycling74.com/,76,217276,Music,unknown,85,lxx_link=https://cycling74.com/; lxx_link_type=Dofollow; lxx_paid=false; manual_hold=false; language=English; update_date=2025-09-23T00:00:00+00:00; tips=; details=; offer=
268,ede9f6ef-1839-4193-9086-b55ff7a0ebdb,lxx_ai,datpiff.com,https://datpiff.com/,76,89241,Music,unknown,85,lxx_link=https://datpiff.com/; lxx_link_type=Dofollow; lxx_paid=false; manual_hold=false; language=English; update_date=2025-09-23T00:00:00+00:00; tips=; details=; offer=
269,267616a7-66bb-4942-9a54-478ed5879f8a,lxx_ai,divephotoguide.com,https://www.divephotoguide.com/,76,55162,Photography,unknown,85,lxx_link=https://www.divephotoguide.com/; lxx_link_type=Dofollow; lxx_paid=false; manual_hold=false; language=English; update_date=2025-09-23T00:00:00+00:00; tips=; details=; offer=
270,60de4010-6169-43f1-be10-17c9bbfe6aa1,lxx_ai,doyoubuzz.com,https://doyoubuzz.com/,76,169293,General,unknown,85,lxx_link=https://doyoubuzz.com/; lxx_link_type=Dofollow; lxx_paid=false; manual_hold=false; language=French; update_date=2025-09-23T00:00:00+00:00; tips=; details=; offer=
271,4eb0d252-70ef-4182-84c0-913c20b8c2b9,lxx_ai,forum.instaforex.com,https://forum.instaforex.com/,76,877,Finance,unknown,85,lxx_link=https://forum.instaforex.com/; lxx_link_type=Dofollow; lxx_paid=false; manual_hold=false; language=English; update_date=2025-09-23T00:00:00+00:00; tips=; details=; offer=
272,6229145e-c7fe-4fd2-8411-efec4a5239a2,lxx_ai,forum.maxthon.com,https://forum.maxthon.com/,76,45728,General,unknown,85,lxx_link=https://forum.maxthon.com/; lxx_link_type=Dofollow; lxx_paid=false; manual_hold=false; language=English; update_date=2025-09-23T00:00:00+00:00; tips=; details=; offer=
273,0ee273dc-191c-4b2f-ac9a-3a16a1007171,lxx_ai,gamedev.net,https://gamedev.net/,76,229687,Developers,unknown,85,lxx_link=https://gamedev.net/; lxx_link_type=Dofollow; lxx_paid=false; manual_hold=false; language=English; update_date=2025-09-23T00:00:00+00:00; tips=; details=; offer=
274,297206bf-e8f7-472d-8d90-ddc7197343fb,lxx_ai,gta5-mods.com,https://www.gta5-mods.com/,76,4802555,gaming,unknown,85,lxx_link=https://www.gta5-mods.com/; lxx_link_type=Dofollow; lxx_paid=false; manual_hold=false; language=English; update_date=2025-09-23T00:00:00+00:00; tips=; details=; offer=
275,67551623-23b7-4f35-a016-426e6622d798,lxx_ai,jobs.newtimes.co.rw,https://jobs.newtimes.co.rw/,76,5627,General,unknown,85,lxx_link=https://jobs.newtimes.co.rw/; lxx_link_type=Dofollow; lxx_paid=false; manual_hold=false; language=English; update_date=2025-09-23T00:00:00+00:00; tips=; details=; offer=
276,fe023d03-510c-4650-a7bf-8539cbfaec61,lxx_ai,jobs.thetab.com,https://jobs.thetab.com/,76,33262,General,unknown,85,lxx_link=https://jobs.thetab.com/; lxx_link_type=Dofollow; lxx_paid=false; manual_hold=false; language=English; update_date=2025-09-23T00:00:00+00:00; tips=; details=; offer=
277,abc7ba67-9d03-4089-ac22-5db1bf06a0ae,lxx_ai,pinshape.com,https://pinshape.com/,76,273991,3D Printing,unknown,85,lxx_link=https://pinshape.com/; lxx_link_type=Dofollow; lxx_paid=false; manual_hold=false; language=English; update_date=2025-09-23T00:00:00+00:00; tips=; details=; offer=
278,61772a85-f726-43f7-9eaa-c3beff00b81a,lxx_ai,triberr.com,https://triberr.com/,76,42880,General,unknown,85,lxx_link=https://triberr.com/; lxx_link_type=Dofollow; lxx_paid=false; manual_hold=false; language=English; update_date=2025-09-23T00:00:00+00:00; tips=; details=; offer=
279,8bb11652-b435-4a21-a188-e2b64c8e7127,lxx_ai,vingle.net,https://vingle.net/,76,5279,General,unknown,85,lxx_link=https://vingle.net/; lxx_link_type=Dofollow; lxx_paid=false; manual_hold=false; language=English; update_date=2025-09-23T00:00:00+00:00; tips=; details=; offer=
280,d130f904-40b7-43de-a65f-c81aa4ac2e66,lxx_ai,xtgem.com,https://xtgem.com/,76,68368,General,unknown,85,lxx_link=https://xtgem.com/; lxx_link_type=Dofollow; lxx_paid=false; manual_hold=false; language=Russian; update_date=2025-09-23T00:00:00+00:00; tips=; details=; offer=
281,05042d30-7bbc-481b-9bcb-3e5a0507135b,lxx_ai,airliners.net,https://airliners.net/forum/,75,1903223,Aviation,unknown,85,lxx_link=https://airliners.net/forum/; lxx_link_type=Dofollow; lxx_paid=false; manual_hold=false; language=English; update_date=2025-09-23T00:00:00+00:00; tips=; details=; offer=
282,9587e947-7011-4430-a6a7-71a19ed990d4,lxx_ai,anobii.com,https://anobii.com/,75,420185,Books,unknown,85,lxx_link=https://anobii.com/; lxx_link_type=Dofollow; lxx_paid=false; manual_hold=false; language=Italian; update_date=2025-09-23T00:00:00+00:00; tips=; details=; offer=
283,50be603d-1617-4bcc-b15d-42e964b380ff,lxx_ai,artistecard.com,https://artistecard.com/,75,27145,Music,unknown,85,lxx_link=https://artistecard.com/; lxx_link_type=Dofollow; lxx_paid=false; manual_hold=false; language=English; update_date=2025-09-23T00:00:00+00:00; tips=; details=; offer=
284,bd790baf-a766-4278-8462-40a56604b1c9,lxx_ai,bc.vc,https://bc.vc/,75,82173,General,unknown,85,lxx_link=https://bc.vc/; lxx_link_type=Dofollow; lxx_paid=false; manual_hold=false; language=English; update_date=2025-09-23T00:00:00+00:00; tips=; details=; offer=
285,6dd27151-517e-42c6-a485-867784b1af23,lxx_ai,bcz.com,https://bcz.com/,75,63500,General,unknown,85,lxx_link=https://bcz.com/; lxx_link_type=Dofollow; lxx_paid=false; manual_hold=false; language=English; update_date=2025-09-23T00:00:00+00:00; tips=; details=; offer=
286,f9c76b5d-572d-47d7-9253-6ef2804c65d6,lxx_ai,desktopnexus.com,https://desktopnexus.com/,75,94525,General,unknown,85,lxx_link=https://desktopnexus.com/; lxx_link_type=Dofollow; lxx_paid=false; manual_hold=false; language=English; update_date=2025-09-23T00:00:00+00:00; tips=; details=; offer=
287,ed6501cb-87df-4587-a053-d2ebc516ab56,lxx_ai,dochub.com,https://dochub.com/,75,6878511,General,unknown,85,lxx_link=https://dochub.com/; lxx_link_type=Dofollow; lxx_paid=false; manual_hold=false; language=German; update_date=2025-09-23T00:00:00+00:00; tips=; details=; offer=
288,ac621bbb-020d-4853-9006-9076c1656e62,lxx_ai,emaze.com,https://emaze.com/,75,322259,General,unknown,85,lxx_link=https://emaze.com/; lxx_link_type=Dofollow; lxx_paid=false; manual_hold=false; language=English; update_date=2025-09-23T00:00:00+00:00; tips=; details=; offer=
289,bb2baaf3-0e8e-4cbb-90e8-af3f209fc39a,lxx_ai,fc2.com,https://fc2.com/,75,133181393,General,unknown,85,lxx_link=https://fc2.com/; lxx_link_type=Dofollow; lxx_paid=false; manual_hold=false; language=English; update_date=2025-09-23T00:00:00+00:00; tips=; details=; offer=
290,8c4281c4-77fa-495b-876a-7bf598c45bf6,lxx_ai,flipgorilla.com,https://flipgorilla.com/,75,9138,General,unknown,85,lxx_link=https://flipgorilla.com/; lxx_link_type=Dofollow; lxx_paid=false; manual_hold=false; language=English; update_date=2025-09-23T00:00:00+00:00; tips=; details=; offer=
291,f4d590ed-54e7-4e65-b1f7-32a0d0492250,lxx_ai,helpforum.covenanteyes.com,https://helpforum.covenanteyes.com/,75,0,General,unknown,85,lxx_link=https://helpforum.covenanteyes.com/; lxx_link_type=Dofollow; lxx_paid=false; manual_hold=false; language=English; update_date=2025-09-23T00:00:00+00:00; tips=; details=; offer=
292,9b74e2e1-d3b5-4461-b351-95cdbf625cc6,lxx_ai,kvraudio.com,https://kvraudio.com/forum/,75,1072182,Music,unknown,85,lxx_link=https://kvraudio.com/forum/; lxx_link_type=Dofollow; lxx_paid=false; manual_hold=false; language=English; update_date=2025-09-23T00:00:00+00:00; tips=; details=; offer=
293,dd910297-19fc-418b-bd29-8ddf9487955c,lxx_ai,projectmanagement.com,https://www.projectmanagement.com/,75,608526,General,unknown,85,lxx_link=https://www.projectmanagement.com/; lxx_link_type=Dofollow; lxx_paid=false; manual_hold=false; language=English; update_date=2025-09-23T00:00:00+00:00; tips=; details=; offer=
294,0260467c-9573-4af1-87e4-4a1018c6444e,lxx_ai,time.ly,https://time.ly/,75,106879,General,unknown,85,lxx_link=https://time.ly/; lxx_link_type=Dofollow; lxx_paid=false; manual_hold=false; language=English; update_date=2025-09-23T00:00:00+00:00; tips=; details=; offer=
295,4a90b492-e6c0-42c0-9333-0b06eede8f18,lxx_ai,avsforum.com,https://avsforum.com/,74,2003152,Consumer,unknown,85,lxx_link=https://avsforum.com/; lxx_link_type=Dofollow; lxx_paid=false; manual_hold=false; language=English; update_date=2025-09-23T00:00:00+00:00; tips=; details=; offer=
296,b7164625-7272-4861-a30d-87cc85f113cd,lxx_ai,bit.ai,https://bit.ai/,74,132853,General,unknown,85,lxx_link=https://bit.ai/; lxx_link_type=Dofollow; lxx_paid=false; manual_hold=false; language=English; update_date=2025-09-23T00:00:00+00:00; tips=; details=; offer=
297,68285057-0289-4045-ba16-81622e7efae2,lxx_ai,board.radionomy.com,https://board.radionomy.com/,74,0,General,unknown,85,lxx_link=https://board.radionomy.com/; lxx_link_type=Dofollow; lxx_paid=false; manual_hold=false; language=English; update_date=2025-09-23T00:00:00+00:00; tips=; details=; offer=
298,f96d001a-4da1-41d3-bdf7-50a42bd8179a,lxx_ai,couchsurfing.org,https://couchsurfing.org/,74,65292,travel,unknown,85,lxx_link=https://couchsurfing.org/; lxx_link_type=Dofollow; lxx_paid=false; manual_hold=false; language=English; update_date=2025-09-23T00:00:00+00:00; tips=; details=; offer=
299,9e3599f6-dc7c-452b-91a4-925913626776,lxx_ai,edocr.com,https://edocr.com/,74,152854,General,unknown,85,lxx_link=https://edocr.com/; lxx_link_type=Dofollow; lxx_paid=false; manual_hold=false; language=English; update_date=2025-09-23T00:00:00+00:00; tips=; details=; offer=
300,d6e735a5-0c9b-4466-ba51-fe1ad082560b,lxx_ai,elink.io,https://elink.io/,74,106917,General,unknown,85,lxx_link=https://elink.io/; lxx_link_type=Dofollow; lxx_paid=false; manual_hold=false; language=English; update_date=2025-09-23T00:00:00+00:00; tips=; details=; offer=
301,c449f833-6702-4d66-a719-d00d1fa72bcf,lxx_ai,hub.safe.com,https://hub.safe.com/,74,4977,General,unknown,85,lxx_link=https://hub.safe.com/; lxx_link_type=Dofollow; lxx_paid=false; manual_hold=false; language=English; update_date=2025-09-23T00:00:00+00:00; tips=; details=; offer=
302,609c9d82-4b4a-4136-b6cc-7f3f0d2197ad,lxx_ai,jobs.blooloop.com,https://jobs.blooloop.com/,74,14108,Business,unknown,85,lxx_link=https://jobs.blooloop.com/; lxx_link_type=Dofollow; lxx_paid=false; manual_hold=false; language=English; update_date=2025-09-23T00:00:00+00:00; tips=; details=; offer=
303,6b898ae8-7d73-4aff-a5bb-1de5a9c45357,lxx_ai,jobs.citylimits.org,https://jobs.citylimits.org/,74,14550,General,unknown,85,lxx_link=https://jobs.citylimits.org/; lxx_link_type=Dofollow; lxx_paid=false; manual_hold=false; language=English; update_date=2025-09-23T00:00:00+00:00; tips=; details=; offer=
304,d36c2414-9fae-46da-b67b-07af06b65f90,lxx_ai,members.cnu.org,https://members.cnu.org/,74,8274,General,unknown,85,lxx_link=https://members.cnu.org/; lxx_link_type=Dofollow; lxx_paid=false; manual_hold=false; language=English; update_date=2025-09-23T00:00:00+00:00; tips=; details=; offer=
305,739dce8d-2c78-4888-97b2-fb63777ff0ef,lxx_ai,miarroba.com,https://miarroba.com/,74,90584,General,unknown,85,lxx_link=https://miarroba.com/; lxx_link_type=Dofollow; lxx_paid=false; manual_hold=false; language=Spanish; update_date=2025-09-23T00:00:00+00:00; tips=; details=; offer=
306,4c53c9e7-5d6e-45bf-a2d4-c741bae91ee5,lxx_ai,onmogul.com,https://onmogul.com/,74,41998,General,unknown,85,lxx_link=https://onmogul.com/; lxx_link_type=Dofollow; lxx_paid=false; manual_hold=false; language=English; update_date=2025-09-23T00:00:00+00:00; tips=; details=; offer=
307,99ad3747-4c85-4ad5-861f-d8d3cf97f02f,lxx_ai,openideo.com,https://openideo.com/,74,12630,Education,unknown,85,lxx_link=https://openideo.com/; lxx_link_type=Dofollow; lxx_paid=false; manual_hold=false; language=English; update_date=2025-09-23T00:00:00+00:00; tips=; details=; offer=
308,8939d3ff-7919-4130-854e-2dadf6776b9d,lxx_ai,postach.io,https://postach.io/,74,69858,General,unknown,85,lxx_link=https://postach.io/; lxx_link_type=Dofollow; lxx_paid=false; manual_hold=false; language=English; update_date=2025-09-23T00:00:00+00:00; tips=; details=; offer=
309,cc3b034a-4b82-448f-baaa-884826527dc7,lxx_ai,sqlservercentral.com,https://sqlservercentral.com/,74,480539,Developer,unknown,85,lxx_link=https://sqlservercentral.com/; lxx_link_type=Dofollow; lxx_paid=false; manual_hold=false; language=English; update_date=2025-09-23T00:00:00+00:00; tips=; details=; offer=
310,6c75b9d0-a3e1-41e4-a80d-3fb82f190fd4,lxx_ai,tr.im,https://tr.im/,74,299,General,unknown,85,lxx_link=https://tr.im/; lxx_link_type=Dofollow; lxx_paid=false; manual_hold=false; language=English; update_date=2025-09-23T00:00:00+00:00; tips=; details=; offer=
311,6a875c18-5ba0-4e91-8296-353de5dc0f24,lxx_ai,uid.me,https://uid.me/,74,69708,General,unknown,85,lxx_link=https://uid.me/; lxx_link_type=Dofollow; lxx_paid=false; manual_hold=false; language=Russian; update_date=2025-09-23T00:00:00+00:00; tips=; details=; offer=
312,290674fc-449d-45b3-8421-daab9ec1617a,lxx_ai,ukit.me,https://ukit.me/,74,49030,General,unknown,85,lxx_link=https://ukit.me/; lxx_link_type=Dofollow; lxx_paid=false; manual_hold=false; language=English; update_date=2025-09-23T00:00:00+00:00; tips=; details=; offer=
313,2b9e2b30-2865-498a-9879-e2bbd5ac529c,lxx_ai,v.gd,https://v.gd/,74,77052,General,unknown,85,lxx_link=https://v.gd/; lxx_link_type=Dofollow; lxx_paid=false; manual_hold=false; language=English; update_date=2025-09-23T00:00:00+00:00; tips=; details=; offer=
314,2632b462-38ba-4df5-a8fd-e66c3295f95a,lxx_ai,able2know.org,https://able2know.org/,73,32638,General,unknown,85,lxx_link=https://able2know.org/; lxx_link_type=Dofollow; lxx_paid=false; manual_hold=false; language=English; update_date=2025-09-23T00:00:00+00:00; tips=; details=; offer=
315,aa8a7803-283a-402c-9d5e-a533d1255a8b,lxx_ai,allmyfaves.com,https://allmyfaves.com/,73,126109,General,unknown,85,lxx_link=https://allmyfaves.com/; lxx_link_type=Dofollow; lxx_paid=false; manual_hold=false; language=English; update_date=2025-09-23T00:00:00+00:00; tips=; details=; offer=
316,d85f947c-0209-4116-bcb2-2196b1e37fe7,lxx_ai,chordie.com,https://www.chordie.com/forum/index.php,73,746334,Music,unknown,85,lxx_link=https://www.chordie.com/forum/index.php; lxx_link_type=Dofollow; lxx_paid=false; manual_hold=false; language=English; update_date=2025-09-23T00:00:00+00:00; tips=; details=; offer=
317,6d622b43-c319-40b2-ba4d-dec7187384f9,lxx_ai,crevado.com,https://crevado.com/,73,111301,General,unknown,85,lxx_link=https://crevado.com/; lxx_link_type=Dofollow; lxx_paid=false; manual_hold=false; language=English; update_date=2025-09-23T00:00:00+00:00; tips=; details=; offer=
318,c8a1de43-437a-4592-8373-b390b720f98b,lxx_ai,dailygram.com,https://dailygram.com/,73,6875,General,unknown,85,lxx_link=https://dailygram.com/; lxx_link_type=Dofollow; lxx_paid=false; manual_hold=false; language=English; update_date=2025-09-23T00:00:00+00:00; tips=; details=; offer=
319,9a0b56a4-450c-4a23-9608-908a09bf3cc4,lxx_ai,dead.net,https://www.dead.net/,73,193341,Music,unknown,85,lxx_link=https://www.dead.net/; lxx_link_type=Dofollow; lxx_paid=false; manual_hold=false; language=Russian; update_date=2025-09-23T00:00:00+00:00; tips=; details=; offer=
320,a2e4f2aa-5a91-4f1e-b44e-ce95ed894995,lxx_ai,delphiforums.com,https://delphiforums.com/,73,379043,General,unknown,85,lxx_link=https://delphiforums.com/; lxx_link_type=Dofollow; lxx_paid=false; manual_hold=false; language=English; update_date=2025-09-23T00:00:00+00:00; tips=; details=; offer=
321,37089e9d-b6d3-4fa7-8d16-cdf3b7b8b448,lxx_ai,doodleordie.com,https://doodleordie.com/,73,31721,General,unknown,85,lxx_link=https://doodleordie.com/; lxx_link_type=Dofollow; lxx_paid=false; manual_hold=false; language=English; update_date=2025-09-23T00:00:00+00:00; tips=; details=; offer=
322,3fa5b00a-b3c1-46ca-9129-ac596efc2d81,lxx_ai,dropmark.com,https://dropmark.com/,73,81511,General,unknown,85,lxx_link=https://dropmark.com/; lxx_link_type=Dofollow; lxx_paid=false; manual_hold=false; language=English; update_date=2025-09-23T00:00:00+00:00; tips=; details=; offer=
323,6cdb8253-2817-4201-8a86-018ec0afe615,lxx_ai,feedbooks.com,https://www.feedbooks.com/,73,68987,Books,unknown,85,lxx_link=https://www.feedbooks.com/; lxx_link_type=Dofollow; lxx_paid=false; manual_hold=false; language=English; update_date=2025-09-23T00:00:00+00:00; tips=; details=; offer=
324,2bd7c968-2912-497e-bf09-50fa396b4ff5,lxx_ai,forums.tigsource.com,https://forums.tigsource.com/index.php,73,59209,Gaming,unknown,85,lxx_link=https://forums.tigsource.com/index.php; lxx_link_type=Dofollow; lxx_paid=false; manual_hold=false; language=English; update_date=2025-09-23T00:00:00+00:00; tips=; details=; offer=
325,e7afac32-567a-4d2e-8bdd-e08f5ce2e5d1,lxx_ai,guides.co,https://guides.co/,73,70477,General,unknown,85,lxx_link=https://guides.co/; lxx_link_type=Dofollow; lxx_paid=false; manual_hold=false; language=English; update_date=2025-09-23T00:00:00+00:00; tips=; details=; offer=
326,70d013e7-3151-4bb6-bda2-c5ac33384377,lxx_ai,hockeydb.com,https://hockeydb.com/vb/index.php,73,3076545,Sports,unknown,85,lxx_link=https://hockeydb.com/vb/index.php; lxx_link_type=Dofollow; lxx_paid=false; manual_hold=false; language=English; update_date=2025-09-23T00:00:00+00:00; tips=; details=; offer=
327,c33a9b76-6bab-48ce-a4e5-449b380f40ad,lxx_ai,itsmyurls.com,https://itsmyurls.com/,73,1541,General,unknown,85,lxx_link=https://itsmyurls.com/; lxx_link_type=Dofollow; lxx_paid=false; manual_hold=false; language=English; update_date=2025-09-23T00:00:00+00:00; tips=; details=; offer=
328,7c0e007b-6736-4ca1-ad62-2009076db0e6,lxx_ai,jambase.com,https://jambase.com/,73,2416705,Music,unknown,85,lxx_link=https://jambase.com/; lxx_link_type=Dofollow; lxx_paid=false; manual_hold=false; language=English; update_date=2025-09-23T00:00:00+00:00; tips=; details=; offer=
329,6f7862a4-566e-4092-a911-6bb47cc87958,lxx_ai,jobs.girlsintech.org,https://jobs.girlsintech.org/,73,0,General,unknown,85,lxx_link=https://jobs.girlsintech.org/; lxx_link_type=Dofollow; lxx_paid=false; manual_hold=false; language=English; update_date=2025-09-23T00:00:00+00:00; tips=; details=; offer=
330,3bc6a931-61e7-4b04-b4b0-6b11933aa1e2,lxx_ai,neogaf.com,https://neogaf.com/,73,1984089,Gaming,unknown,85,lxx_link=https://neogaf.com/; lxx_link_type=Dofollow; lxx_paid=false; manual_hold=false; language=English; update_date=2025-09-23T00:00:00+00:00; tips=; details=; offer=
331,3fea6949-b983-4725-836d-44cd6e734cd7,lxx_ai,noti.st,https://noti.st/,73,26697,General,unknown,85,lxx_link=https://noti.st/; lxx_link_type=Dofollow; lxx_paid=false; manual_hold=false; language=English; update_date=2025-09-23T00:00:00+00:00; tips=; details=; offer=
332,ca1077da-2922-4771-b3a2-7a94e1ba4dd6,lxx_ai,outdoorproject.com,https://outdoorproject.com/,73,83921,General,unknown,85,lxx_link=https://outdoorproject.com/; lxx_link_type=Dofollow; lxx_paid=false; manual_hold=false; language=English; update_date=2025-09-23T00:00:00+00:00; tips=; details=; offer=
333,258f17c6-7e02-412a-a51f-ea72473d0a7f,lxx_ai,packersmovers.activeboard.com,https://packersmovers.activeboard.com/,73,0,General,unknown,85,lxx_link=https://packersmovers.activeboard.com/; lxx_link_type=Dofollow; lxx_paid=false; manual_hold=false; language=English; update_date=2025-09-23T00:00:00+00:00; tips=; details=; offer=
334,73c1f3d6-e387-43d8-a19f-883e199b1745,lxx_ai,publiclab.org,https://publiclab.org/,73,1976,General,unknown,85,lxx_link=https://publiclab.org/; lxx_link_type=Dofollow; lxx_paid=false; manual_hold=false; language=English; update_date=2025-09-23T00:00:00+00:00; tips=; details=; offer=
335,37996bdf-f176-4e3c-bf0f-0ab04d618678,lxx_ai,screenskills.com,https://screenskills.com/,73,262312,General,unknown,85,lxx_link=https://screenskills.com/; lxx_link_type=Dofollow; lxx_paid=false; manual_hold=false; language=English; update_date=2025-09-23T00:00:00+00:00; tips=; details=; offer=
336,a327718e-8973-4df5-9f10-78051ee90b6c,lxx_ai,stageit.com,https://stageit.com/,73,51483,Music,unknown,85,lxx_link=https://stageit.com/; lxx_link_type=Dofollow; lxx_paid=false; manual_hold=false; language=English; update_date=2025-09-23T00:00:00+00:00; tips=; details=; offer=
337,63a30fcf-d2a4-4ce1-b64d-fcfb5a7ce468,lxx_ai,ttlink.com,https://ttlink.com/,73,10,General,unknown,85,lxx_link=https://ttlink.com/; lxx_link_type=Dofollow; lxx_paid=false; manual_hold=false; language=English; update_date=2025-09-23T00:00:00+00:00; tips=; details=; offer=
338,89958aff-f36d-4bc9-a539-85cd3243baca,lxx_ai,videa.hu,https://videa.hu/,73,17466030,General,unknown,85,lxx_link=https://videa.hu/; lxx_link_type=Dofollow; lxx_paid=false; manual_hold=false; language=Hungarian; update_date=2025-09-23T00:00:00+00:00; tips=; details=; offer=
339,20e6cbfb-daba-4893-a7ad-b488d51e18bc,lxx_ai,video.qoto.org,https://video.qoto.org/,73,1133,General,unknown,85,lxx_link=https://video.qoto.org/; lxx_link_type=Dofollow; lxx_paid=false; manual_hold=false; language=English; update_date=2025-09-23T00:00:00+00:00; tips=; details=; offer=
340,eef59eca-da1e-4d07-af68-2b8d65be0f1d,lxx_ai,worldcosplay.net,https://worldcosplay.net/,73,14948,General,unknown,85,lxx_link=https://worldcosplay.net/; lxx_link_type=Dofollow; lxx_paid=false; manual_hold=false; language=English; update_date=2025-09-23T00:00:00+00:00; tips=; details=; offer=
341,e5f0ceed-27f7-41c3-b2b0-2d64983055bc,lxx_ai,zumvu.com,https://zumvu.com/,73,82391,General,unknown,85,lxx_link=https://zumvu.com/; lxx_link_type=Dofollow; lxx_paid=false; manual_hold=false; language=English; update_date=2025-09-23T00:00:00+00:00; tips=; details=; offer=
342,1f714eab-69d3-44b9-a31d-5af880a1027b,lxx_ai,all4webs.com,https://all4webs.com/,72,26927,General,unknown,85,lxx_link=https://all4webs.com/; lxx_link_type=Dofollow; lxx_paid=false; manual_hold=false; language=English; update_date=2025-09-23T00:00:00+00:00; tips=; details=; offer=
343,e9567488-99f8-4883-896d-e59bca49e855,lxx_ai,artmight.com,https://artmight.com/,72,879,Art,unknown,85,lxx_link=https://artmight.com/; lxx_link_type=Dofollow; lxx_paid=false; manual_hold=false; language=English; update_date=2025-09-23T00:00:00+00:00; tips=; details=; offer=
344,96b3372b-653a-4753-881e-973c23761b01,lxx_ai,bibliocrunch.com,https://bibliocrunch.com/,72,670,Books,unknown,85,lxx_link=https://bibliocrunch.com/; lxx_link_type=Dofollow; lxx_paid=false; manual_hold=false; language=English; update_date=2025-09-23T00:00:00+00:00; tips=; details=; offer=
345,e9aa7ea1-3e53-4ee4-b199-9c24d0696870,lxx_ai,blackplanet.com,https://blackplanet.com/,72,112545,General,unknown,85,lxx_link=https://blackplanet.com/; lxx_link_type=Dofollow; lxx_paid=false; manual_hold=false; language=English; update_date=2025-09-23T00:00:00+00:00; tips=; details=; offer=
346,e9101bd2-a061-4398-bb5c-5f6e30ac28da,lxx_ai,britishforcesdiscounts.co.uk,https://britishforcesdiscounts.co.uk/,72,11062,General,unknown,85,lxx_link=https://britishforcesdiscounts.co.uk/; lxx_link_type=Dofollow; lxx_paid=false; manual_hold=false; language=English; update_date=2025-09-23T00:00:00+00:00; tips=; details=; offer=
347,d8193ff3-0d40-4bed-b498-7af7a87eae3c,lxx_ai,data.axmag.com,https://data.axmag.com/,72,0,General,unknown,85,lxx_link=https://data.axmag.com/; lxx_link_type=Dofollow; lxx_paid=false; manual_hold=false; language=Indonesian; update_date=2025-09-23T00:00:00+00:00; tips=; details=; offer=
348,f0adb35e-5b43-4843-9b30-1d4bedaf67ca,lxx_ai,docracy.com,https://docracy.com/,72,3070,Legal,unknown,85,lxx_link=https://docracy.com/; lxx_link_type=Dofollow; lxx_paid=false; manual_hold=false; language=English; update_date=2025-09-23T00:00:00+00:00; tips=; details=; offer=
349,3e311a91-b969-44f4-845a-d61c5caf72db,lxx_ai,forum.moogmusic.com,https://forum.moogmusic.com/index.php,72,16919,Music,unknown,85,lxx_link=https://forum.moogmusic.com/index.php; lxx_link_type=Dofollow; lxx_paid=false; manual_hold=false; language=English; update_date=2025-09-23T00:00:00+00:00; tips=; details=; offer=
350,a490797b-3b1f-4b81-983a-4050d0916be6,lxx_ai,forums.ernieball.com,https://forums.ernieball.com/,72,35346,Music,unknown,85,lxx_link=https://forums.ernieball.com/; lxx_link_type=Dofollow; lxx_paid=false; manual_hold=false; language=English; update_date=2025-09-23T00:00:00+00:00; tips=; details=; offer=
351,7db663a4-601c-4e29-b8a0-9a6db55938d2,lxx_ai,forums.onlinebookclub.org,https://forums.onlinebookclub.org/,72,470789,Books,unknown,85,lxx_link=https://forums.onlinebookclub.org/; lxx_link_type=Dofollow; lxx_paid=false; manual_hold=false; language=English; update_date=2025-09-23T00:00:00+00:00; tips=; details=; offer=
352,bb20e2cd-5a15-4060-959c-822f35cd6bf1,lxx_ai,forums.powwows.com,https://forums.powwows.com/,72,9409,General,unknown,85,lxx_link=https://forums.powwows.com/; lxx_link_type=Dofollow; lxx_paid=false; manual_hold=false; language=English; update_date=2025-09-23T00:00:00+00:00; tips=; details=; offer=
353,87ec3640-3dbe-4eed-b1f2-ef873d6b341b,lxx_ai,froont.com,https://froont.com/,72,9660,General,unknown,85,lxx_link=https://froont.com/; lxx_link_type=Dofollow; lxx_paid=false; manual_hold=false; language=English; update_date=2025-09-23T00:00:00+00:00; tips=; details=; offer=
354,87127c0f-2145-4d93-9135-1bd686cf8eb5,lxx_ai,gotartwork.com,https://gotartwork.com/,72,13741,art,unknown,85,lxx_link=https://gotartwork.com/; lxx_link_type=Dofollow; lxx_paid=false; manual_hold=false; language=English; update_date=2025-09-23T00:00:00+00:00; tips=; details=; offer=
355,224d6b3a-6036-47e0-ae61-1e0b853eeccd,lxx_ai,hostsearch.com,https://www.hostsearch.com/,72,47357,Hosting,unknown,85,lxx_link=https://www.hostsearch.com/; lxx_link_type=Dofollow; lxx_paid=false; manual_hold=false; language=English; update_date=2025-09-23T00:00:00+00:00; tips=; details=; offer=
356,789eb018-f9f7-4eb6-b16f-22baa6e818b8,lxx_ai,insanelymac.com,https://insanelymac.com/,72,275735,Consumer,unknown,85,lxx_link=https://insanelymac.com/; lxx_link_type=Dofollow; lxx_paid=false; manual_hold=false; language=English; update_date=2025-09-23T00:00:00+00:00; tips=; details=; offer=
357,05328571-3d2c-4a8b-bec6-f41b0cd862ae,lxx_ai,inside.com,https://inside.com/,72,6420,General,unknown,85,lxx_link=https://inside.com/; lxx_link_type=Dofollow; lxx_paid=false; manual_hold=false; language=English; update_date=2025-09-23T00:00:00+00:00; tips=; details=; offer=
358,4fbea607-1c74-4761-af3d-c7505d0085e9,lxx_ai,jetphotos.com,https://jetphotos.com/,72,10823617,Aviation,unknown,85,lxx_link=https://jetphotos.com/; lxx_link_type=Dofollow; lxx_paid=false; manual_hold=false; language=English; update_date=2025-09-23T00:00:00+00:00; tips=; details=; offer=
359,9ead18fb-d9c1-425e-b2d6-d36dc3b655d0,lxx_ai,justlanded.com,https://justlanded.com/,72,126102,General,unknown,85,lxx_link=https://justlanded.com/; lxx_link_type=Dofollow; lxx_paid=false; manual_hold=false; language=English; update_date=2025-09-23T00:00:00+00:00; tips=; details=; offer=
360,3ca48f8e-6153-4263-98fd-111b50b7e64a,lxx_ai,kutt.it,https://kutt.it/,72,74178,General,unknown,85,lxx_link=https://kutt.it/; lxx_link_type=Dofollow; lxx_paid=false; manual_hold=false; language=English; update_date=2025-09-23T00:00:00+00:00; tips=; details=; offer=
361,72d104a9-60f8-457b-87ff-a4d2df571d5e,lxx_ai,mapleprimes.com,https://www.mapleprimes.com/,72,39891,Developers,unknown,85,lxx_link=https://www.mapleprimes.com/; lxx_link_type=Dofollow; lxx_paid=false; manual_hold=false; language=English; update_date=2025-09-23T00:00:00+00:00; tips=; details=; offer=
362,15ea08b3-1bed-4355-b717-e4c193e49ac7,lxx_ai,mifare.net,https://mifare.net/,72,7383,General,unknown,85,lxx_link=https://mifare.net/; lxx_link_type=Dofollow; lxx_paid=false; manual_hold=false; language=English; update_date=2025-09-23T00:00:00+00:00; tips=; details=; offer=
363,331ab8e3-e08f-4c72-be26-eb5bd07824d2,lxx_ai,runnerspace.com,https://runnerspace.com/,72,264887,Sports,unknown,85,lxx_link=https://runnerspace.com/; lxx_link_type=Dofollow; lxx_paid=false; manual_hold=false; language=English; update_date=2025-09-23T00:00:00+00:00; tips=; details=; offer=
364,1a0c4409-b1f8-47ed-8ffe-ddb5679acbf7,lxx_ai,theloop.com.au,https://theloop.com.au/,72,0,Design,unknown,85,lxx_link=https://theloop.com.au/; lxx_link_type=Dofollow; lxx_paid=false; manual_hold=false; language=English; update_date=2025-09-23T00:00:00+00:00; tips=; details=; offer=
365,d298c4ef-64b0-421d-b255-cd172b908d7b,lxx_ai,travellerspoint.com,https://travellerspoint.com/,72,140792,travel,unknown,85,lxx_link=https://travellerspoint.com/; lxx_link_type=Dofollow; lxx_paid=false; manual_hold=false; language=English; update_date=2025-09-23T00:00:00+00:00; tips=; details=; offer=
366,eaf17553-14e9-42bc-a2c5-8ce4906ecdf5,lxx_ai,tuugo.us,https://tuugo.us/,72,11599,General,unknown,85,lxx_link=https://tuugo.us/; lxx_link_type=Dofollow; lxx_paid=false; manual_hold=false; language=English; update_date=2025-09-23T00:00:00+00:00; tips=; details=; offer=
367,33bbde25-b9d5-48f4-a347-58dc1af3693b,lxx_ai,urlzs.com,https://urlzs.com/,72,33392,General,unknown,85,lxx_link=https://urlzs.com/; lxx_link_type=Dofollow; lxx_paid=false; manual_hold=false; language=English; update_date=2025-09-23T00:00:00+00:00; tips=; details=; offer=
368,144f7e7c-c3a3-49a7-8ace-da30d4021713,lxx_ai,webgarden.com,https://webgarden.com/,72,0,General,unknown,85,lxx_link=https://webgarden.com/; lxx_link_type=Dofollow; lxx_paid=false; manual_hold=false; language=English; update_date=2025-09-23T00:00:00+00:00; tips=; details=; offer=
369,34c32ec3-6b80-424a-b3db-b59f6324918e,lxx_ai,za.gl,https://za.gl/,72,153094,General,unknown,85,lxx_link=https://za.gl/; lxx_link_type=Dofollow; lxx_paid=false; manual_hold=false; language=English; update_date=2025-09-23T00:00:00+00:00; tips=; details=; offer=
370,74494c92-b2f8-4ba5-bcd6-f944ffdfe467,lxx_ai,zeef.com,https://zeef.com/,72,0,Information,unknown,85,lxx_link=https://zeef.com/; lxx_link_type=Dofollow; lxx_paid=false; manual_hold=false; language=English; update_date=2025-09-23T00:00:00+00:00; tips=; details=; offer=
371,a21e1536-5d84-4297-a940-eb7e942b5b9e,lxx_ai,zintro.com,https://zintro.com/,72,27931,General,unknown,85,lxx_link=https://zintro.com/; lxx_link_type=Dofollow; lxx_paid=false; manual_hold=false; language=English; update_date=2025-09-23T00:00:00+00:00; tips=; details=; offer=
372,3f0f89f3-8cab-4cfe-920f-82a891f4457a,lxx_ai,0rz.tw,https://0rz.tw/,71,21733,General,unknown,85,lxx_link=https://0rz.tw/; lxx_link_type=Dofollow; lxx_paid=false; manual_hold=false; language=English; update_date=2025-09-23T00:00:00+00:00; tips=; details=; offer=
373,1cf87f4a-8617-47d8-9caa-6c44f440ff84,lxx_ai,4mark.net,https://www.4mark.net/,71,76109,General,unknown,85,lxx_link=https://www.4mark.net/; lxx_link_type=Dofollow; lxx_paid=false; manual_hold=false; language=English; update_date=2025-09-23T00:00:00+00:00; tips=; details=; offer=
374,57decf84-4c30-4501-8a0b-da2bcddf367c,lxx_ai,a-zbusinessfinder.com,https://a-zbusinessfinder.com/,71,3170,Business,unknown,85,lxx_link=https://a-zbusinessfinder.com/; lxx_link_type=Dofollow; lxx_paid=false; manual_hold=false; language=English; update_date=2025-09-23T00:00:00+00:00; tips=; details=; offer=
375,8d5aede2-c7ff-447d-a477-6e814101516b,lxx_ai,alle.bg,https://alle.bg/,71,152047,General,unknown,85,lxx_link=https://alle.bg/; lxx_link_type=Dofollow; lxx_paid=false; manual_hold=false; language=Bulgarian; update_date=2025-09-23T00:00:00+00:00; tips=; details=; offer=
376,c89eab5a-f12e-4075-a70a-9767a153f11c,lxx_ai,chomikuj.pl,https://chomikuj.pl/,71,6826414,General,unknown,85,lxx_link=https://chomikuj.pl/; lxx_link_type=Dofollow; lxx_paid=false; manual_hold=false; language=Polish; update_date=2025-09-23T00:00:00+00:00; tips=; details=; offer=
377,16d2bd63-5eb6-4034-b408-0321a1b55997,lxx_ai,filmsforaction.org,https://filmsforaction.org/,71,138188,General,unknown,85,lxx_link=https://filmsforaction.org/; lxx_link_type=Dofollow; lxx_paid=false; manual_hold=false; language=English; update_date=2025-09-23T00:00:00+00:00; tips=; details=; offer=
378,754d54d9-b4a6-4e2e-8ee9-2bac4c91593c,lxx_ai,foro.zendalibros.com,https://foro.zendalibros.com/,71,9655,General,unknown,85,lxx_link=https://foro.zendalibros.com/; lxx_link_type=Dofollow; lxx_paid=false; manual_hold=false; language=Spanish; update_date=2025-09-23T00:00:00+00:00; tips=; details=; offer=
379,f5b009b0-09d1-4bd6-8f07-413955e4f85f,lxx_ai,hackathon.io,https://hackathon.io/,71,2450,General,unknown,85,lxx_link=https://hackathon.io/; lxx_link_type=Dofollow; lxx_paid=false; manual_hold=false; language=English; update_date=2025-09-23T00:00:00+00:00; tips=; details=; offer=
380,4aa63e27-fbff-4132-b2b1-afeb891b28fc,lxx_ai,hotvsnot.com,https://hotvsnot.com/,71,5587,General,unknown,85,lxx_link=https://hotvsnot.com/; lxx_link_type=Dofollow; lxx_paid=false; manual_hold=false; language=English; update_date=2025-09-23T00:00:00+00:00; tips=; details=; offer=
381,bdfcd6bb-1ce8-49c7-8c69-c0e2212cd150,lxx_ai,linkarena.com,https://linkarena.com/,71,5235,General,unknown,85,lxx_link=https://linkarena.com/; lxx_link_type=Dofollow; lxx_paid=false; manual_hold=false; language=English; update_date=2025-09-23T00:00:00+00:00; tips=; details=; offer=
382,4601107f-4018-4bfe-b394-6aefb0ff50b1,lxx_ai,myvidster.com,https://www.myvidster.com/,71,971291,General,unknown,85,lxx_link=https://www.myvidster.com/; lxx_link_type=Dofollow; lxx_paid=false; manual_hold=false; language=English; update_date=2025-09-23T00:00:00+00:00; tips=; details=; offer=
383,ae55fc26-07f3-4b7e-80c9-b7853b7e5b13,lxx_ai,projectnoah.org,https://projectnoah.org/,71,41770,Photography,unknown,85,lxx_link=https://projectnoah.org/; lxx_link_type=Dofollow; lxx_paid=false; manual_hold=false; language=English; update_date=2025-09-23T00:00:00+00:00; tips=; details=; offer=
384,cb5f35ee-fc5d-47d8-8905-0e047c0a720c,lxx_ai,prosportsdaily.com,https://www.prosportsdaily.com/,71,0,Sports,unknown,85,lxx_link=https://www.prosportsdaily.com/; lxx_link_type=Dofollow; lxx_paid=false; manual_hold=false; language=English; update_date=2025-09-23T00:00:00+00:00; tips=; details=; offer=
385,d8dd0da0-34d1-40ae-b8d6-a07716f9f26c,lxx_ai,ralph.bakerlab.org,https://ralph.bakerlab.org/,71,1235,General,unknown,85,lxx_link=https://ralph.bakerlab.org/; lxx_link_type=Dofollow; lxx_paid=false; manual_hold=false; language=English; update_date=2025-09-23T00:00:00+00:00; tips=; details=; offer=
386,f6cda8d8-3f22-4fae-9ed4-a42687ff99d5,lxx_ai,releasewire.com,https://releasewire.com/,71,16936,General,unknown,85,lxx_link=https://releasewire.com/; lxx_link_type=Dofollow; lxx_paid=false; manual_hold=false; language=English; update_date=2025-09-23T00:00:00+00:00; tips=; details=; offer=
387,60e78ea6-97c3-4f54-8a15-668be0fa6447,lxx_ai,simbla.com,https://simbla.com/,71,6796,General,unknown,85,lxx_link=https://simbla.com/; lxx_link_type=Dofollow; lxx_paid=false; manual_hold=false; language=English; update_date=2025-09-23T00:00:00+00:00; tips=; details=; offer=
388,7af84d9a-1b20-403d-b781-e74a4d1c4872,lxx_ai,simpsite.nl,https://simpsite.nl/,71,0,General,unknown,85,lxx_link=https://simpsite.nl/; lxx_link_type=Dofollow; lxx_paid=false; manual_hold=false; language=Dutch; update_date=2025-09-23T00:00:00+00:00; tips=; details=; offer=
389,e86734d0-fa96-4fad-acb3-52d0567c4c7c,lxx_ai,storyweaver.org.in,https://storyweaver.org.in/,71,88151,General,unknown,85,lxx_link=https://storyweaver.org.in/; lxx_link_type=Dofollow; lxx_paid=false; manual_hold=false; language=English; update_date=2025-09-23T00:00:00+00:00; tips=; details=; offer=
390,e28903e9-8897-450e-a076-df4146460169,lxx_ai,wox.cc,https://wox.cc/,71,45800,General,unknown,85,lxx_link=https://wox.cc/; lxx_link_type=Dofollow; lxx_paid=false; manual_hold=false; language=Japanese; update_date=2025-09-23T00:00:00+00:00; tips=; details=; offer=
391,431f82f4-38f2-43d5-a560-d2165cc40e50,lxx_ai,zzb.bz,https://zzb.bz/,71,6795,General,unknown,85,lxx_link=https://zzb.bz/; lxx_link_type=Dofollow; lxx_paid=false; manual_hold=false; language=English; update_date=2025-09-23T00:00:00+00:00; tips=; details=; offer=
392,b82fb965-5744-40d3-9432-1b06f2ef0f4a,lxx_ai,adlandpro.com,https://adlandpro.com/,70,77883,General,unknown,85,lxx_link=https://adlandpro.com/; lxx_link_type=Dofollow; lxx_paid=false; manual_hold=false; language=English; update_date=2025-09-23T00:00:00+00:00; tips=; details=; offer=
393,909b24dd-6eb7-4c38-8006-b8d3843ed91e,lxx_ai,aytoloja.org,https://www.aytoloja.org/,70,3886,General,unknown,85,lxx_link=https://www.aytoloja.org/; lxx_link_type=Dofollow; lxx_paid=false; manual_hold=false; language=English; update_date=2025-09-23T00:00:00+00:00; tips=; details=; offer=
394,065b1f31-901a-4e8a-ac1f-d5b4bd36131f,lxx_ai,cheaperseeker.com,https://www.cheaperseeker.com/,70,0,General,unknown,85,lxx_link=https://www.cheaperseeker.com/; lxx_link_type=Dofollow; lxx_paid=false; manual_hold=false; language=English; update_date=2025-09-23T00:00:00+00:00; tips=; details=; offer=
395,9c2881ff-a57e-45da-a098-3864ee49e60d,lxx_ai,chilp.it,https://chilp.it/,70,0,General,unknown,85,lxx_link=https://chilp.it/; lxx_link_type=Dofollow; lxx_paid=false; manual_hold=false; language=English; update_date=2025-09-23T00:00:00+00:00; tips=; details=; offer=
396,7acf83bb-223a-4d9e-ab14-b1cc79811171,lxx_ai,crokes.com,https://www.crokes.com/,70,4952,Books,unknown,85,lxx_link=https://www.crokes.com/; lxx_link_type=Dofollow; lxx_paid=false; manual_hold=false; language=English; update_date=2025-09-23T00:00:00+00:00; tips=; details=; offer=
397,20ee42bf-91ef-49a9-afdb-250522d72515,lxx_ai,demo.socialengine.com,https://demo.socialengine.com/,70,3180,General,unknown,85,lxx_link=https://demo.socialengine.com/; lxx_link_type=Dofollow; lxx_paid=false; manual_hold=false; language=English; update_date=2025-09-23T00:00:00+00:00; tips=; details=; offer=
398,0b952c1a-537b-4cc5-b73e-5ac810c5f1f3,lxx_ai,envirolink.org,https://envirolink.org/forum/,70,791,General,unknown,85,lxx_link=https://envirolink.org/forum/; lxx_link_type=Dofollow; lxx_paid=false; manual_hold=false; language=English; update_date=2025-09-23T00:00:00+00:00; tips=; details=; offer=
399,996ae555-0e3e-4614-beef-c5f590ef8781,lxx_ai,forum.phpwcms.org,https://forum.phpwcms.org/,70,0,Developers,unknown,85,lxx_link=https://forum.phpwcms.org/; lxx_link_type=Dofollow; lxx_paid=false; manual_hold=false; language=English; update_date=2025-09-23T00:00:00+00:00; tips=; details=; offer=
400,5fa3fdb1-d609-4938-9c1f-9472463b3a0b,lxx_ai,forums.redflagdeals.com,https://forums.redflagdeals.com/,70,7381183,General,unknown,85,lxx_link=https://forums.redflagdeals.com/; lxx_link_type=Dofollow; lxx_paid=false; manual_hold=false; language=English; update_date=2025-09-23T00:00:00+00:00; tips=; details=; offer=
401,cc7785c9-4d0e-4d18-8899-dde7ece2c6c7,lxx_ai,hashatit.com,https://hashatit.com/,70,0,General,unknown,85,lxx_link=https://hashatit.com/; lxx_link_type=Dofollow; lxx_paid=false; manual_hold=false; language=English; update_date=2025-09-23T00:00:00+00:00; tips=; details=; offer=
402,52e963e8-5243-4bae-8cbf-bcca259830cd,lxx_ai,hogwartsishere.com,https://hogwartsishere.com/,70,108432,General,unknown,85,lxx_link=https://hogwartsishere.com/; lxx_link_type=Dofollow; lxx_paid=false; manual_hold=false; language=English; update_date=2025-09-23T00:00:00+00:00; tips=; details=; offer=
403,faf4496c-a9a7-41be-b9d2-34ed5c722069,lxx_ai,jobs.asoprs.org,https://jobs.asoprs.org/,70,1345,Medicine,unknown,85,lxx_link=https://jobs.asoprs.org/; lxx_link_type=Dofollow; lxx_paid=false; manual_hold=false; language=English; update_date=2025-09-23T00:00:00+00:00; tips=; details=; offer=
404,fe15d492-6cbf-49ac-b837-146a3a91850f,lxx_ai,keymander.iogear.com,https://keymander.iogear.com/,70,5760,Consumer,unknown,85,lxx_link=https://keymander.iogear.com/; lxx_link_type=Dofollow; lxx_paid=false; manual_hold=false; language=English; update_date=2025-09-23T00:00:00+00:00; tips=; details=; offer=
405,687e1230-95cf-4b22-8873-ed2923c2b951,lxx_ai,mappery.com,https://mappery.com/,70,33667,General,unknown,85,lxx_link=https://mappery.com/; lxx_link_type=Dofollow; lxx_paid=false; manual_hold=false; language=English; update_date=2025-09-23T00:00:00+00:00; tips=; details=; offer=
406,176da2fb-8bcc-4230-b173-ef182306ac27,lxx_ai,myopportunity.com,https://myopportunity.com/,70,0,General,unknown,85,lxx_link=https://myopportunity.com/; lxx_link_type=Dofollow; lxx_paid=false; manual_hold=false; language=English; update_date=2025-09-23T00:00:00+00:00; tips=; details=; offer=
407,2f029d83-7329-4ae1-96c8-aa5068b71e8b,lxx_ai,rctech.net,https://rctech.net/forum/,70,145108,Automobile,unknown,85,lxx_link=https://rctech.net/forum/; lxx_link_type=Dofollow; lxx_paid=false; manual_hold=false; language=English; update_date=2025-09-23T00:00:00+00:00; tips=; details=; offer=
408,0852b8d7-2f12-448f-bf04-e68d369dd456,lxx_ai,tuugo.ch,https://tuugo.ch/,70,0,General,unknown,85,lxx_link=https://tuugo.ch/; lxx_link_type=Dofollow; lxx_paid=false; manual_hold=false; language=German; update_date=2025-09-23T00:00:00+00:00; tips=; details=; offer=
409,1b474b50-0c61-42c6-ab04-5fad5dacaea6,lxx_ai,v4.phpfox.com,https://v4.phpfox.com/,70,234,General,unknown,85,lxx_link=https://v4.phpfox.com/; lxx_link_type=Dofollow; lxx_paid=false; manual_hold=false; language=English; update_date=2025-09-23T00:00:00+00:00; tips=; details=; offer=
410,16a14511-8647-4ee2-97ac-1f371433345f,lxx_ai,video-bookmark.com,https://video-bookmark.com/,70,57417,General,unknown,85,lxx_link=https://video-bookmark.com/; lxx_link_type=Dofollow; lxx_paid=false; manual_hold=false; language=English; update_date=2025-09-23T00:00:00+00:00; tips=; details=; offer=
411,c8d441d3-9516-44de-9111-5269f968a02d,lxx_ai,wow.link,https://wow.link/,70,1286123,General,unknown,85,lxx_link=https://wow.link/; lxx_link_type=Dofollow; lxx_paid=false; manual_hold=false; language=English; update_date=2025-09-23T00:00:00+00:00; tips=; details=; offer=
412,1efc0560-c9b3-44e1-92ff-1746344cc4b8,lxx_ai,yarabook.com,https://yarabook.com/,70,0,Social,unknown,85,lxx_link=https://yarabook.com/; lxx_link_type=Dofollow; lxx_paid=false; manual_hold=false; language=English; update_date=2025-09-23T00:00:00+00:00; tips=; details=; offer=
413,6d2780b4-b9dd-49d8-bf01-66b34da89763,lxx_ai,community.adobe.com,https://community.adobe.com/,96,7929073,General,profile,80,lxx_link=https://community.adobe.com/; lxx_link_type=Nofollow; lxx_paid=false; manual_hold=false; language=English; update_date=2025-09-23T00:00:00+00:00; tips=; details=; offer=
414,90fecfe6-b1b4-4c60-95c8-9b2f7b190180,lxx_ai,community.mybb.com,https://community.mybb.com/,90,18531,General,profile,80,lxx_link=https://community.mybb.com/; lxx_link_type=Nofollow; lxx_paid=false; manual_hold=false; language=English; update_date=2025-09-23T00:00:00+00:00; tips=; details=; offer=
415,4e1327af-b76a-43b0-aa36-d7ec4ec0885e,lxx_ai,universalmediaserver.com,https://universalmediaserver.com/forum/,59,78359,Entertainment,media,80,lxx_link=https://universalmediaserver.com/forum/; lxx_link_type=Dofollow; lxx_paid=false; manual_hold=false; language=English; update_date=2025-09-23T00:00:00+00:00; tips=; details=; offer=
416,36c7e9da-e962-40ff-b8bf-0f15aa4bed64,lxx_ai,socialmediainuk.com,https://socialmediainuk.com/,58,54997,General,media,80,lxx_link=https://socialmediainuk.com/; lxx_link_type=Dofollow; lxx_paid=false; manual_hold=false; language=English; update_date=2025-09-23T00:00:00+00:00; tips=; details=; offer=
417,3538e32d-4e2e-4a4d-b43f-2fb6de4386c7,lxx_ai,mediajx.com,https://mediajx.com/,57,11875,General,media,80,lxx_link=https://mediajx.com/; lxx_link_type=Dofollow; lxx_paid=false; manual_hold=false; language=English; update_date=2025-09-23T00:00:00+00:00; tips=; details=; offer=
418,a0a56722-5eed-4d8a-b6b2-c962e36e8ccf,lxx_ai,socialmediastore.net,https://socialmediastore.net/,56,34568,General,media,80,lxx_link=https://socialmediastore.net/; lxx_link_type=Dofollow; lxx_paid=false; manual_hold=false; language=English; update_date=2025-09-23T00:00:00+00:00; tips=; details=; offer=
419,b5a67c8a-6144-43b4-b6ea-b35091dca599,lxx_ai,pdfslide.us,https://pdfslide.us/,51,0,General,document,80,lxx_link=https://pdfslide.us/; lxx_link_type=Dofollow; lxx_paid=false; manual_hold=false; language=English; update_date=2025-09-23T00:00:00+00:00; tips=; details=; offer=
420,97cb90bd-f50c-41f2-8443-7f2f4071c258,lxx_ai,media.discovery-japan.me,https://media.discovery-japan.me/,49,0,General,media,80,lxx_link=https://media.discovery-japan.me/; lxx_link_type=Dofollow; lxx_paid=false; manual_hold=false; language=English; update_date=2025-09-23T00:00:00+00:00; tips=; details=; offer=
421,c22c67ca-1ece-4b25-8b10-9e302dbb405c,lxx_ai,goodreads.com,https://goodreads.com/,92,90106967,Books,classified,78,lxx_link=https://goodreads.com/; lxx_link_type=Nofollow; lxx_paid=false; manual_hold=false; language=English; update_date=2025-09-23T00:00:00+00:00; tips=; details=; offer=
422,7af2c956-5a0f-428b-aeb9-f28233928d3a,lxx_ai,hashnode.dev,https://hashnode.dev/,85,324400,Blog,blog_comment,78,lxx_link=https://hashnode.dev/; lxx_link_type=Unknown; lxx_paid=false; manual_hold=false; language=English; update_date=2025-05-18T00:00:00+00:00; tips=; details=; offer=
423,b2e9352c-5421-4f1e-bafe-552a0a5977c6,lxx_ai,hollywoodfringe.org,https://www.hollywoodfringe.org/,71,35700,Forum,blog_comment,78,lxx_link=https://www.hollywoodfringe.org/; lxx_link_type=Unknown; lxx_paid=false; manual_hold=false; language=English; update_date=2025-05-21T00:00:00+00:00; tips=Post a comment; details=; offer=
424,9d8fe2c0-db68-4a2a-a816-3e89a693a426,lxx_ai,canetads.com,https://www.canetads.com/,69,14983,General,classified,78,lxx_link=https://www.canetads.com/; lxx_link_type=Dofollow; lxx_paid=false; manual_hold=false; language=English; update_date=2025-09-23T00:00:00+00:00; tips=; details=; offer=
425,e12b5d55-bb9d-4324-a43a-ba3da8c69df1,lxx_ai,aunetads.com,https://aunetads.com/,68,610,General,classified,78,lxx_link=https://aunetads.com/; lxx_link_type=Dofollow; lxx_paid=false; manual_hold=false; language=English; update_date=2025-09-23T00:00:00+00:00; tips=; details=; offer=
426,3dcdaf38-5478-4814-8837-45504467af3b,lxx_ai,innetads.com,https://innetads.com/,65,22572,General,classified,78,lxx_link=https://innetads.com/; lxx_link_type=Dofollow; lxx_paid=false; manual_hold=false; language=English; update_date=2025-09-23T00:00:00+00:00; tips=; details=; offer=
427,1e46ebe0-f195-4ad4-86fe-9674fcb2668c,lxx_ai,usaonlineclassifieds.com,https://usaonlineclassifieds.com/,65,23736,General,classified,78,lxx_link=https://usaonlineclassifieds.com/; lxx_link_type=Dofollow; lxx_paid=false; manual_hold=false; language=English; update_date=2025-09-23T00:00:00+00:00; tips=; details=; offer=
428,a487afe1-6c75-4fc6-9418-ad843ab86daf,lxx_ai,ukadslist.com,https://ukadslist.com/,62,20956,General,classified,78,lxx_link=https://ukadslist.com/; lxx_link_type=Dofollow; lxx_paid=false; manual_hold=false; language=English; update_date=2025-09-23T00:00:00+00:00; tips=; details=; offer=
429,89c66183-3108-48bf-88f2-5f77c674b96e,lxx_ai,freeglobalclassifiedads.com,https://freeglobalclassifiedads.com/,60,8694,General,classified,78,lxx_link=https://freeglobalclassifiedads.com/; lxx_link_type=Dofollow; lxx_paid=false; manual_hold=false; language=English; update_date=2025-09-23T00:00:00+00:00; tips=; details=; offer=
430,38273a07-8d27-4f8a-a541-2db48ccc2c48,lxx_ai,globalclassified.net,https://globalclassified.net/,54,70520,General,classified,78,lxx_link=https://globalclassified.net/; lxx_link_type=Dofollow; lxx_paid=false; manual_hold=false; language=English; update_date=2025-09-23T00:00:00+00:00; tips=; details=; offer=
431,6eb351f2-8db7-4d7f-bcbd-498d87cb8b3c,lxx_ai,classified4free.net,https://classified4free.net/,53,27670,General,classified,78,lxx_link=https://classified4free.net/; lxx_link_type=Dofollow; lxx_paid=false; manual_hold=false; language=English; update_date=2025-09-23T00:00:00+00:00; tips=; details=; offer=
432,e37f1918-06ca-4d96-92e5-efbd081bf502,lxx_ai,freeadsonline.biz,https://freeadsonline.biz/,53,80267,General,classified,78,lxx_link=https://freeadsonline.biz/; lxx_link_type=Dofollow; lxx_paid=false; manual_hold=false; language=English; update_date=2025-09-23T00:00:00+00:00; tips=; details=; offer=
433,7530e872-87d3-4d4e-be5a-b4734a633857,lxx_ai,socialnetworkadsinfo.com,https://socialnetworkadsinfo.com/,53,44784,General,classified,78,lxx_link=https://socialnetworkadsinfo.com/; lxx_link_type=Dofollow; lxx_paid=false; manual_hold=false; language=English; update_date=2025-09-23T00:00:00+00:00; tips=; details=; offer=
434,45b5ce5e-a82d-4ed6-970a-64f7698eb12e,lxx_ai,classifieds4free.biz,https://classifieds4free.biz/,52,86611,General,classified,78,lxx_link=https://classifieds4free.biz/; lxx_link_type=Dofollow; lxx_paid=false; manual_hold=false; language=English; update_date=2025-09-23T00:00:00+00:00; tips=; details=; offer=
435,e8abf83f-7130-4411-b3ba-5dc575b7fb43,lxx_ai,nextfreeads.com,https://nextfreeads.com/,52,55402,General,classified,78,lxx_link=https://nextfreeads.com/; lxx_link_type=Dofollow; lxx_paid=false; manual_hold=false; language=English; update_date=2025-09-23T00:00:00+00:00; tips=; details=; offer=
436,1d650baf-97be-4959-b4bf-c49d87526e34,lxx_ai,posthereads.com,https://posthereads.com/,48,45709,General,classified,78,lxx_link=https://posthereads.com/; lxx_link_type=Dofollow; lxx_paid=false; manual_hold=false; language=English; update_date=2025-09-23T00:00:00+00:00; tips=; details=; offer=
437,b1fa65e6-29b2-44be-8f87-2191061eefd7,lxx_ai,greatclassified.com,https://greatclassified.com/,45,33871,General,classified,78,lxx_link=https://greatclassified.com/; lxx_link_type=Dofollow; lxx_paid=false; manual_hold=false; language=English; update_date=2025-09-23T00:00:00+00:00; tips=; details=; offer=
438,13b2992b-f6d6-4c6e-8839-bdc83920e45c,lxx_ai,wallclassifieds.com,https://wallclassifieds.com/,45,112872,General,classified,78,lxx_link=https://wallclassifieds.com/; lxx_link_type=Dofollow; lxx_paid=false; manual_hold=false; language=English; update_date=2025-09-23T00:00:00+00:00; tips=; details=; offer=
439,2e6f7609-8232-40fa-8e3c-208cb905ff16,lxx_ai,freewebads.biz,https://freewebads.biz/,43,32100,General,classified,78,lxx_link=https://freewebads.biz/; lxx_link_type=Dofollow; lxx_paid=false; manual_hold=false; language=English; update_date=2025-09-23T00:00:00+00:00; tips=; details=; offer=
440,792b5e77-2731-45c5-a61f-f83dc27fe87f,lxx_ai,freebestads.com,https://freebestads.com/,42,50800,General,classified,78,lxx_link=https://freebestads.com/; lxx_link_type=Dofollow; lxx_paid=false; manual_hold=false; language=English; update_date=2025-09-23T00:00:00+00:00; tips=; details=; offer=
441,ba676f5b-5648-4087-9cff-ebadfb401151,lxx_ai,craigslist.org,https://craigslist.org/,88,129751439,General,directory,75,lxx_link=https://craigslist.org/; lxx_link_type=Nofollow; lxx_paid=false; manual_hold=false; language=German; update_date=2025-09-23T00:00:00+00:00; tips=; details=; offer=
442,c6a3c6fb-7944-4ab4-90f0-c4d82131f22f,lxx_ai,hcpdirectory.cigna.com,https://hcpdirectory.cigna.com/web/public/consumer/directory,88,370466,Doctor,directory,75,lxx_link=https://hcpdirectory.cigna.com/web/public/consumer/directory; lxx_link_type=Nofollow; lxx_paid=false; manual_hold=false; language=English; update_date=2025-09-23T00:00:00+00:00; tips=; details=; offer=
443,69e6a6d0-3840-41b2-a540-502a10450de5,lxx_ai,financesonline.com,https://financesonline.com/,87,25749,SaaS,directory,75,lxx_link=https://financesonline.com/; lxx_link_type=Nofollow; lxx_paid=false; manual_hold=false; language=English; update_date=2025-09-23T00:00:00+00:00; tips=; details=; offer=
444,93dd941a-705b-42f9-8723-4a51d755e831,lxx_ai,geekwire.com,https://www.geekwire.com/startup-list/,86,839016,Startup,directory,75,lxx_link=https://www.geekwire.com/startup-list/; lxx_link_type=Nofollow; lxx_paid=false; manual_hold=false; language=English; update_date=2025-09-23T00:00:00+00:00; tips=; details=; offer=
445,d038b677-5083-4282-98eb-9353b2f348ee,lxx_ai,softpedia.com,https://softpedia.com/,86,3906410,Software,directory,75,lxx_link=https://softpedia.com/; lxx_link_type=Nofollow; lxx_paid=false; manual_hold=false; language=English; update_date=2025-09-23T00:00:00+00:00; tips=; details=; offer=
446,f1675db7-f034-4b70-a969-7168625834e4,lxx_ai,softwareadvice.com,https://www.softwareadvice.com/,86,608306,General,directory,75,lxx_link=https://www.softwareadvice.com/; lxx_link_type=Nofollow; lxx_paid=false; manual_hold=false; language=English; update_date=2025-09-23T00:00:00+00:00; tips=; details=; offer=
447,690b4d5d-665d-4f4d-bc30-6bd1c8a7b603,lxx_ai,yourstory.com,https://yourstory.com/companies,86,1358011,Startup,directory,75,lxx_link=https://yourstory.com/companies; lxx_link_type=Nofollow; lxx_paid=false; manual_hold=false; language=English; update_date=2025-09-23T00:00:00+00:00; tips=; details=; offer=
448,137bafe9-5173-4ffc-8d26-c837c3b57b95,lxx_ai,forum.inaturalist.org,https://forum.inaturalist.org/,85,306109,Science,directory,75,lxx_link=https://forum.inaturalist.org/; lxx_link_type=Nofollow; lxx_paid=false; manual_hold=false; language=English; update_date=2025-09-23T00:00:00+00:00; tips=; details=; offer=
449,7dd300be-b173-4744-ab8a-26085b292c1f,lxx_ai,getapp.com,https://www.getapp.com/,85,641882,SaaS,directory,75,lxx_link=https://www.getapp.com/; lxx_link_type=Nofollow; lxx_paid=false; manual_hold=false; language=English; update_date=2025-09-23T00:00:00+00:00; tips=; details=; offer=
450,d4423436-bd46-4d7c-8742-c64664c24e74,lxx_ai,appsumo.com,https://appsumo.com/,84,2045572,SaaS,directory,75,lxx_link=https://appsumo.com/; lxx_link_type=Nofollow; lxx_paid=false; manual_hold=false; language=English; update_date=2025-09-23T00:00:00+00:00; tips=; details=; offer=
451,9bd7efc0-f470-4ce8-8feb-b0f16e869c5e,lxx_ai,techinasia.com,https://www.techinasia.com/jobs/search,84,808752,Startup,directory,75,lxx_link=https://www.techinasia.com/jobs/search; lxx_link_type=Nofollow; lxx_paid=false; manual_hold=false; language=English; update_date=2025-09-23T00:00:00+00:00; tips=; details=; offer=
452,eb8c1440-d0b8-4aa8-b96e-9430b0ecc6a3,lxx_ai,techinasia.com,https://www.techinasia.com/companies,84,808752,Startup,directory,75,lxx_link=https://www.techinasia.com/companies; lxx_link_type=Nofollow; lxx_paid=false; manual_hold=false; language=English; update_date=2025-09-23T00:00:00+00:00; tips=; details=; offer=
453,2e477f85-e0b2-43a6-86f9-3a4d229492b2,lxx_ai,alternativeto.net,https://alternativeto.net/,80,3049932,SaaS,directory,75,lxx_link=https://alternativeto.net/; lxx_link_type=Nofollow; lxx_paid=false; manual_hold=false; language=English; update_date=2025-09-23T00:00:00+00:00; tips=; details=; offer=
454,d19b8106-290b-4467-a7bb-a2f558559b45,lxx_ai,directory.financemagnates.com,https://directory.financemagnates.com/,80,6302,Blockchain,directory,75,lxx_link=https://directory.financemagnates.com/; lxx_link_type=Nofollow; lxx_paid=false; manual_hold=false; language=English; update_date=2025-09-23T00:00:00+00:00; tips=; details=; offer=
455,27fdbeb9-55a3-42e1-b843-a0022662e17d,lxx_ai,toolbox.com,https://www.toolbox.com/,80,0,General,directory,75,lxx_link=https://www.toolbox.com/; lxx_link_type=Nofollow; lxx_paid=false; manual_hold=false; language=English; update_date=2025-09-23T00:00:00+00:00; tips=; details=; offer=
456,cc53d00b-2ad6-4ae6-a021-e7eb1fb19407,lxx_ai,technologyadvice.com,https://technologyadvice.com/,79,242032,SaaS,directory,75,lxx_link=https://technologyadvice.com/; lxx_link_type=Nofollow; lxx_paid=false; manual_hold=false; language=English; update_date=2025-09-23T00:00:00+00:00; tips=; details=; offer=
457,c7dc82a3-8f46-4814-9a41-4abcc7aa7b95,lxx_ai,webestools.com,https://webestools.com/,79,7609,Developer,directory,75,lxx_link=https://webestools.com/; lxx_link_type=Nofollow; lxx_paid=false; manual_hold=false; language=English; update_date=2025-09-23T00:00:00+00:00; tips=; details=; offer=
458,19ad37d7-9347-4d86-9361-5774b9224247,lxx_ai,list.ly,https://list.ly/,78,163134,General,directory,75,lxx_link=https://list.ly/; lxx_link_type=Nofollow; lxx_paid=false; manual_hold=false; language=English; update_date=2025-09-23T00:00:00+00:00; tips=; details=; offer=
459,4272f171-fb3f-4fac-8bff-1dec013dfdc7,lxx_ai,eu-startups.com,https://www.eu-startups.com/directory/,77,339311,Startup,directory,75,lxx_link=https://www.eu-startups.com/directory/; lxx_link_type=Nofollow; lxx_paid=false; manual_hold=false; language=English; update_date=2025-09-23T00:00:00+00:00; tips=; details=; offer=
460,accb3a99-c8cf-4ce7-ba87-8c90edee3739,lxx_ai,nomadlist.com,https://nomadlist.com/,76,31062,Social,directory,75,lxx_link=https://nomadlist.com/; lxx_link_type=Nofollow; lxx_paid=false; manual_hold=false; language=English; update_date=2025-09-23T00:00:00+00:00; tips=; details=; offer=
461,06df8da6-ff27-4f7c-b6bf-956045e52573,lxx_ai,crozdesk.com,https://crozdesk.com/,75,224336,SaaS,directory,75,lxx_link=https://crozdesk.com/; lxx_link_type=Nofollow; lxx_paid=false; manual_hold=false; language=English; update_date=2025-09-23T00:00:00+00:00; tips=; details=; offer=
462,5ec6a879-4295-4142-a196-ec023544a998,lxx_ai,betalist.com,https://betalist.com/,74,211119,general,directory,75,lxx_link=https://betalist.com/; lxx_link_type=Nofollow; lxx_paid=false; manual_hold=false; language=English; update_date=2025-09-23T00:00:00+00:00; tips=; details=; offer=
463,e5b4980b-c69e-4228-8be5-832e162ecf60,lxx_ai,fileforum.com,https://fileforum.com/,74,104271,Software,directory,75,lxx_link=https://fileforum.com/; lxx_link_type=Nofollow; lxx_paid=false; manual_hold=false; language=English; update_date=2025-09-23T00:00:00+00:00; tips=; details=; offer=
464,dd646118-19de-41e9-adfe-5512d8970b5b,lxx_ai,saashub.com,https://www.saashub.com/,74,439999,SaaS,directory,75,lxx_link=https://www.saashub.com/; lxx_link_type=Nofollow; lxx_paid=false; manual_hold=false; language=English; update_date=2025-09-23T00:00:00+00:00; tips=; details=; offer=
465,e326151c-969d-4ae3-bf60-1f4be6596159,lxx_ai,saasworthy.com,https://www.saasworthy.com/,74,296144,SaaS,directory,75,lxx_link=https://www.saasworthy.com/; lxx_link_type=Nofollow; lxx_paid=false; manual_hold=false; language=English; update_date=2025-09-23T00:00:00+00:00; tips=; details=; offer=
466,ae5f776e-ff6f-440c-9e04-d407041211b5,lxx_ai,alternative.me,https://alternative.me/,73,1133800,SaaS,directory,75,lxx_link=https://alternative.me/; lxx_link_type=Nofollow; lxx_paid=false; manual_hold=false; language=English; update_date=2025-09-23T00:00:00+00:00; tips=; details=; offer=
467,f37cf430-7ecb-4573-bcd3-088d88f2f8d7,lxx_ai,startus.cc,https://www.startus.cc/,73,115205,Startup,directory,75,lxx_link=https://www.startus.cc/; lxx_link_type=Nofollow; lxx_paid=false; manual_hold=false; language=English; update_date=2025-09-23T00:00:00+00:00; tips=; details=; offer=
468,a73e0eb3-b008-4c60-b5e6-43dbe088beeb,lxx_ai,featuredcustomers.com,https://www.featuredcustomers.com/,72,61153,SaaS,directory,75,lxx_link=https://www.featuredcustomers.com/; lxx_link_type=Nofollow; lxx_paid=false; manual_hold=false; language=English; update_date=2025-09-23T00:00:00+00:00; tips=; details=; offer=
469,7876c092-8c86-4b3d-842d-3d1af975e3ee,lxx_ai,serchen.com,https://serchen.com/,71,100893,SaaS,directory,75,lxx_link=https://serchen.com/; lxx_link_type=Nofollow; lxx_paid=false; manual_hold=false; language=English; update_date=2025-09-23T00:00:00+00:00; tips=; details=; offer=
470,684fbd18-e1bf-42aa-a112-a86dac09f152,lxx_ai,sideprojectors.com,https://www.sideprojectors.com/,71,80597,Startup,directory,75,lxx_link=https://www.sideprojectors.com/; lxx_link_type=Nofollow; lxx_paid=false; manual_hold=false; language=English; update_date=2025-09-23T00:00:00+00:00; tips=; details=; offer=
471,7b7ce15c-2859-4af0-9a7d-5dcc0182c0d3,lxx_ai,soft32.com,https://soft32.com/,71,31666,Software,directory,75,lxx_link=https://soft32.com/; lxx_link_type=Nofollow; lxx_paid=false; manual_hold=false; language=English; update_date=2025-09-23T00:00:00+00:00; tips=; details=; offer=
472,f78924a1-1b8f-4a18-ab1e-fa098528e558,lxx_ai,dealfuel.com,https://dealfuel.com/,70,117203,SaaS,directory,75,lxx_link=https://dealfuel.com/; lxx_link_type=Nofollow; lxx_paid=false; manual_hold=false; language=English; update_date=2025-09-23T00:00:00+00:00; tips=; details=; offer=
473,fd42bc37-6808-4d99-b3a2-eb58f4e09f98,lxx_ai,webtoolhub.com,https://webtoolhub.com/,70,847,General,directory,75,lxx_link=https://webtoolhub.com/; lxx_link_type=Nofollow; lxx_paid=false; manual_hold=false; language=English; update_date=2025-09-23T00:00:00+00:00; tips=; details=; offer=
474,96d18ee3-fee3-4314-8e82-703a0484169b,lxx_ai,yourlisten.com,https://yourlisten.com/,70,0,Music,directory,75,lxx_link=https://yourlisten.com/; lxx_link_type=Nofollow; lxx_paid=false; manual_hold=false; language=English; update_date=2025-09-23T00:00:00+00:00; tips=; details=; offer=
475,8f9956bc-44a0-4fd7-8522-e1e587d449a8,lxx_ai,coodoeil.fr,http://www.coodoeil.fr/,64,3900,General,directory,75,lxx_link=http://www.coodoeil.fr/; lxx_link_type=Unknown; lxx_paid=false; manual_hold=false; language=English; update_date=2025-07-18T00:00:00+00:00; tips=Submit your product; details=; offer=
476,b420afde-3e16-4ace-9048-0e7bc2ffd613,lxx_ai,fazier.com,https://fazier.com/,62,19100,Startup,directory,75,lxx_link=https://fazier.com/; lxx_link_type=Unknown; lxx_paid=false; manual_hold=false; language=English; update_date=2025-05-18T00:00:00+00:00; tips=; details=; offer=
477,a58e197d-bee1-4430-9c47-0ebcc6584e6a,lxx_ai,sites-internationaux.com,http://www.sites-internationaux.com/,60,1000,General,directory,75,lxx_link=http://www.sites-internationaux.com/; lxx_link_type=Unknown; lxx_paid=false; manual_hold=false; language=English; update_date=2025-07-18T00:00:00+00:00; tips=Submit your product; details=; offer=
478,e37724dc-76f4-4c49-8a0d-d02edc71e119,lxx_ai,paginemail.it,http://paginemail.it/,56,29800,General,directory,75,lxx_link=http://paginemail.it/; lxx_link_type=Unknown; lxx_paid=false; manual_hold=false; language=Italian; update_date=2025-07-18T00:00:00+00:00; tips=Submit your product; details=; offer=
479,b3de87ac-e231-495e-b348-6f5207f7783b,lxx_ai,showmebest.ai,https://showmebest.ai/,56,156,AI Tools Directory,directory,75,lxx_link=https://showmebest.ai/; lxx_link_type=Unknown; lxx_paid=false; manual_hold=false; language=English; update_date=2025-09-21T00:00:00+00:00; tips=; details=; offer=
480,56d4983a-1036-443f-a890-ddfef5ae8e16,lxx_ai,aihub.cn,https://www.aihub.cn/,54,122700,AI Tools Directory,directory,75,lxx_link=https://www.aihub.cn/; lxx_link_type=Unknown; lxx_paid=false; manual_hold=false; language=Chinese; update_date=2025-05-18T00:00:00+00:00; tips=; details=; offer=
481,75fc2752-a488-4959-8f86-0785cac53460,lxx_ai,tooldirectory.ai,https://tooldirectory.ai/,54,16900,AI Tools Directory,directory,75,lxx_link=https://tooldirectory.ai/; lxx_link_type=Unknown; lxx_paid=false; manual_hold=false; language=English; update_date=2025-05-18T00:00:00+00:00; tips=; details=; offer=
482,b88818cc-f1d6-4b91-9557-5c7cd51748fb,lxx_ai,lemon-directory.com,http://lemon-directory.com/,49,2000,General,directory,75,lxx_link=http://lemon-directory.com/; lxx_link_type=Unknown; lxx_paid=false; manual_hold=false; language=English; update_date=2025-07-18T00:00:00+00:00; tips=Submit your product; details=; offer=
483,d39b4b8f-3d09-4690-a203-e6c4837a5519,lxx_ai,genify.dev,https://genify.dev/,44,0,AI Tools Directory,directory,75,lxx_link=https://genify.dev/; lxx_link_type=Unknown; lxx_paid=false; manual_hold=false; language=English; update_date=2025-09-22T00:00:00+00:00; tips=; details=; offer=
484,d59ecca0-f140-43cc-aadc-19a64133c34f,lxx_ai,mossai.org,https://mossai.org,40,6600,AI Tools Directory,directory,75,lxx_link=https://mossai.org; lxx_link_type=Unknown; lxx_paid=false; manual_hold=false; language=English; update_date=2025-08-08T00:00:00+00:00; tips=; details=; offer=
485,3f1611b7-2e21-4d90-b0c7-9703eab383c5,lxx_ai,blogocial.com,https://blogocial.com/,69,6043,General,blog_comment,73,lxx_link=https://blogocial.com/; lxx_link_type=Dofollow; lxx_paid=false; manual_hold=false; language=English; update_date=2025-09-23T00:00:00+00:00; tips=; details=; offer=
486,3392f68c-3d50-4991-b17b-b38db6d9a66e,lxx_ai,pointblog.net,https://pointblog.net/,69,8303,General,blog_comment,73,lxx_link=https://pointblog.net/; lxx_link_type=Dofollow; lxx_paid=false; manual_hold=false; language=English; update_date=2025-09-23T00:00:00+00:00; tips=; details=; offer=
487,38bdfd10-bfaa-424b-830b-7c6d6e5f0e04,lxx_ai,tinyblogging.com,https://tinyblogging.com/,69,2695,General,blog_comment,73,lxx_link=https://tinyblogging.com/; lxx_link_type=Dofollow; lxx_paid=false; manual_hold=false; language=English; update_date=2025-09-23T00:00:00+00:00; tips=; details=; offer=
488,787c3772-d5de-4630-a65c-d840d8570e00,lxx_ai,blog5.net,https://blog5.net/,68,734,General,blog_comment,73,lxx_link=https://blog5.net/; lxx_link_type=Dofollow; lxx_paid=false; manual_hold=false; language=English; update_date=2025-09-23T00:00:00+00:00; tips=; details=; offer=
489,9439fd4a-97b4-49a8-ac33-1a72ec21c914,lxx_ai,onesmablog.com,https://onesmablog.com/,68,3334,General,blog_comment,73,lxx_link=https://onesmablog.com/; lxx_link_type=Dofollow; lxx_paid=false; manual_hold=false; language=English; update_date=2025-09-23T00:00:00+00:00; tips=; details=; offer=
490,2988df1e-d66e-409f-ad85-b50587484af5,lxx_ai,bloguetechno.com,https://bloguetechno.com/,67,1788,General,blog_comment,73,lxx_link=https://bloguetechno.com/; lxx_link_type=Dofollow; lxx_paid=false; manual_hold=false; language=English; update_date=2025-09-23T00:00:00+00:00; tips=; details=; offer=
491,ef24b053-ea08-461b-a3b7-1bcbf3f3e2a3,lxx_ai,myblogu.com,https://myblogu.com/,67,0,General,blog_comment,73,lxx_link=https://myblogu.com/; lxx_link_type=Dofollow; lxx_paid=false; manual_hold=false; language=English; update_date=2025-09-23T00:00:00+00:00; tips=; details=; offer=
492,06ec82aa-4406-41c2-a1c7-43a8c6e636e3,lxx_ai,blog2learn.com,https://blog2learn.com/,65,0,General,blog_comment,73,lxx_link=https://blog2learn.com/; lxx_link_type=Dofollow; lxx_paid=false; manual_hold=false; language=English; update_date=2025-09-23T00:00:00+00:00; tips=; details=; offer=
493,dd4855ad-74b0-43db-962c-0fa95f995131,lxx_ai,blogdigy.com,https://blogdigy.com/,65,1889,General,blog_comment,73,lxx_link=https://blogdigy.com/; lxx_link_type=Dofollow; lxx_paid=false; manual_hold=false; language=English; update_date=2025-09-23T00:00:00+00:00; tips=; details=; offer=
494,1ff78b36-96d7-488b-9658-3f64ccd68652,lxx_ai,blogkoo.com,https://blogkoo.com/,65,7904,General,blog_comment,73,lxx_link=https://blogkoo.com/; lxx_link_type=Dofollow; lxx_paid=false; manual_hold=false; language=English; update_date=2025-09-23T00:00:00+00:00; tips=; details=; offer=
495,57a07e3b-9462-4a2f-91ab-72269e15685d,lxx_ai,fireblogz.com,https://fireblogz.com/,65,113,General,blog_comment,73,lxx_link=https://fireblogz.com/; lxx_link_type=Dofollow; lxx_paid=false; manual_hold=false; language=English; update_date=2025-09-23T00:00:00+00:00; tips=; details=; offer=
496,a511b27f-500d-4475-95ef-49e218090240,lxx_ai,suomiblog.com,https://suomiblog.com/,65,12042,General,blog_comment,73,lxx_link=https://suomiblog.com/; lxx_link_type=Dofollow; lxx_paid=false; manual_hold=false; language=English; update_date=2025-09-23T00:00:00+00:00; tips=; details=; offer=
497,095e54a2-a02d-479c-adb5-436b7344aa42,lxx_ai,affiliatblogger.com,https://affiliatblogger.com/,64,0,General,blog_comment,73,lxx_link=https://affiliatblogger.com/; lxx_link_type=Dofollow; lxx_paid=false; manual_hold=false; language=English; update_date=2025-09-23T00:00:00+00:00; tips=; details=; offer=
498,95598090-dae0-4166-909f-00f7462d340d,lxx_ai,blogdon.net,https://blogdon.net/,64,1789,General,blog_comment,73,lxx_link=https://blogdon.net/; lxx_link_type=Dofollow; lxx_paid=false; manual_hold=false; language=English; update_date=2025-09-23T00:00:00+00:00; tips=; details=; offer=
499,3b73848e-490a-44da-96ae-9f8e510d3cb8,lxx_ai,dbblog.net,https://dbblog.net/,64,0,General,blog_comment,73,lxx_link=https://dbblog.net/; lxx_link_type=Dofollow; lxx_paid=false; manual_hold=false; language=English; update_date=2025-09-23T00:00:00+00:00; tips=; details=; offer=
500,1832519b-ecc6-4e31-b67f-901cf5cd6884,lxx_ai,isblog.net,https://isblog.net/,64,3564,General,blog_comment,73,lxx_link=https://isblog.net/; lxx_link_type=Dofollow; lxx_paid=false; manual_hold=false; language=English; update_date=2025-09-23T00:00:00+00:00; tips=; details=; offer=
501,9c88cf9b-74a4-429c-a94c-ced0fcec5de7,lxx_ai,shotblogs.com,https://shotblogs.com/,64,5583,General,blog_comment,73,lxx_link=https://shotblogs.com/; lxx_link_type=Dofollow; lxx_paid=false; manual_hold=false; language=English; update_date=2025-09-23T00:00:00+00:00; tips=; details=; offer=
502,5f85ca9e-b066-4c83-a487-bbd44b1cc762,lxx_ai,amoblog.com,https://amoblog.com/,63,1365,General,blog_comment,73,lxx_link=https://amoblog.com/; lxx_link_type=Dofollow; lxx_paid=false; manual_hold=false; language=English; update_date=2025-09-23T00:00:00+00:00; tips=; details=; offer=
503,0d92a0cf-f09e-4bc7-b4f7-aed251bf0a70,lxx_ai,blog-a-story.com,https://blog-a-story.com/,63,217,General,blog_comment,73,lxx_link=https://blog-a-story.com/; lxx_link_type=Dofollow; lxx_paid=false; manual_hold=false; language=English; update_date=2025-09-23T00:00:00+00:00; tips=; details=; offer=
504,599d88dc-ca5a-4830-be94-48f12ea4a00a,lxx_ai,bloggerbags.com,https://bloggerbags.com/,63,0,General,blog_comment,73,lxx_link=https://bloggerbags.com/; lxx_link_type=Dofollow; lxx_paid=false; manual_hold=false; language=English; update_date=2025-09-23T00:00:00+00:00; tips=; details=; offer=
505,b775129d-64b0-4c89-822e-f82c7bf2861a,lxx_ai,bloggin-ads.com,https://bloggin-ads.com/,63,1411,General,blog_comment,73,lxx_link=https://bloggin-ads.com/; lxx_link_type=Dofollow; lxx_paid=false; manual_hold=false; language=English; update_date=2025-09-23T00:00:00+00:00; tips=; details=; offer=
506,bf88d0fb-f283-4fce-94fc-0564928ed26a,lxx_ai,blogofoto.com,https://blogofoto.com/,63,218,General,blog_comment,73,lxx_link=https://blogofoto.com/; lxx_link_type=Dofollow; lxx_paid=false; manual_hold=false; language=English; update_date=2025-09-23T00:00:00+00:00; tips=; details=; offer=
507,521dd12f-48c6-45e9-a316-fe4ec1c327a5,lxx_ai,blogpostie.com,https://blogpostie.com/,63,0,General,blog_comment,73,lxx_link=https://blogpostie.com/; lxx_link_type=Dofollow; lxx_paid=false; manual_hold=false; language=English; update_date=2025-09-23T00:00:00+00:00; tips=; details=; offer=
508,478630e4-796a-4234-aac0-2bf610b12031,lxx_ai,blogprodesign.com,https://blogprodesign.com/,63,587,General,blog_comment,73,lxx_link=https://blogprodesign.com/; lxx_link_type=Dofollow; lxx_paid=false; manual_hold=false; language=English; update_date=2025-09-23T00:00:00+00:00; tips=; details=; offer=
509,b81fd50c-f6cc-429f-8410-0ce4d24fcfe7,lxx_ai,blogs-service.com,https://blogs-service.com/,63,0,General,blog_comment,73,lxx_link=https://blogs-service.com/; lxx_link_type=Dofollow; lxx_paid=false; manual_hold=false; language=English; update_date=2025-09-23T00:00:00+00:00; tips=; details=; offer=
510,8fc3b5cc-f275-400b-b78e-c34c4ff283a1,lxx_ai,blogzag.com,https://blogzag.com/,63,3534,General,blog_comment,73,lxx_link=https://blogzag.com/; lxx_link_type=Dofollow; lxx_paid=false; manual_hold=false; language=English; update_date=2025-09-23T00:00:00+00:00; tips=; details=; offer=
511,4fe5ad87-abfe-48e6-8535-c7085dd2c936,lxx_ai,blogzet.com,https://blogzet.com/,63,1352,General,blog_comment,73,lxx_link=https://blogzet.com/; lxx_link_type=Dofollow; lxx_paid=false; manual_hold=false; language=English; update_date=2025-09-23T00:00:00+00:00; tips=; details=; offer=
512,ad35ee16-820b-4dc2-a500-661d25f68b1c,lxx_ai,bluxeblog.com,https://bluxeblog.com/,63,0,General,blog_comment,73,lxx_link=https://bluxeblog.com/; lxx_link_type=Dofollow; lxx_paid=false; manual_hold=false; language=English; update_date=2025-09-23T00:00:00+00:00; tips=; details=; offer=
513,4de8aafc-6c1d-4d8f-9396-4e8995b1893d,lxx_ai,imblogs.net,https://imblogs.net/,63,0,General,blog_comment,73,lxx_link=https://imblogs.net/; lxx_link_type=Dofollow; lxx_paid=false; manual_hold=false; language=English; update_date=2025-09-23T00:00:00+00:00; tips=; details=; offer=
514,d8103e4c-a3c1-42c6-b559-44205902319e,lxx_ai,acidblog.net,https://acidblog.net/,62,0,General,blog_comment,73,lxx_link=https://acidblog.net/; lxx_link_type=Dofollow; lxx_paid=false; manual_hold=false; language=English; update_date=2025-09-23T00:00:00+00:00; tips=; details=; offer=
515,c64ada46-9b07-4294-a889-eae6d51cbf3e,lxx_ai,blogfree.net,https://blogfree.net/,62,411478,General,blog_comment,73,lxx_link=https://blogfree.net/; lxx_link_type=Dofollow; lxx_paid=false; manual_hold=false; language=Italian; update_date=2025-09-23T00:00:00+00:00; tips=; details=; offer=
516,a0ab1cd4-640a-46b7-a151-f23eb26706dd,lxx_ai,blogthisbiz.com,https://blogthisbiz.com/,62,0,General,blog_comment,73,lxx_link=https://blogthisbiz.com/; lxx_link_type=Dofollow; lxx_paid=false; manual_hold=false; language=English; update_date=2025-09-23T00:00:00+00:00; tips=; details=; offer=
517,13128d84-9d75-4b40-9797-e928761f60b8,lxx_ai,canariblogs.com,https://canariblogs.com/,62,1389,General,blog_comment,73,lxx_link=https://canariblogs.com/; lxx_link_type=Dofollow; lxx_paid=false; manual_hold=false; language=English; update_date=2025-09-23T00:00:00+00:00; tips=; details=; offer=
518,3799ec06-e551-4be0-817a-e531a50b9020,lxx_ai,dailyblogzz.com,https://dailyblogzz.com/,62,0,General,blog_comment,73,lxx_link=https://dailyblogzz.com/; lxx_link_type=Dofollow; lxx_paid=false; manual_hold=false; language=English; update_date=2025-09-23T00:00:00+00:00; tips=; details=; offer=
519,412db25a-d443-4af1-9150-427704eb26c0,lxx_ai,designertoblog.com,https://designertoblog.com/,62,0,General,blog_comment,73,lxx_link=https://designertoblog.com/; lxx_link_type=Dofollow; lxx_paid=false; manual_hold=false; language=English; update_date=2025-09-23T00:00:00+00:00; tips=; details=; offer=
520,6fadf015-6c06-4417-9db8-66491b89bac0,lxx_ai,digiblogbox.com,https://digiblogbox.com/,62,356,General,blog_comment,73,lxx_link=https://digiblogbox.com/; lxx_link_type=Dofollow; lxx_paid=false; manual_hold=false; language=English; update_date=2025-09-23T00:00:00+00:00; tips=; details=; offer=
521,6c756961-1686-453b-bbe4-272704336991,lxx_ai,free-blogz.com,https://free-blogz.com/,62,0,General,blog_comment,73,lxx_link=https://free-blogz.com/; lxx_link_type=Dofollow; lxx_paid=false; manual_hold=false; language=English; update_date=2025-09-23T00:00:00+00:00; tips=; details=; offer=
522,9dc2ce17-1444-4293-95db-e8223082e427,lxx_ai,getblogs.net,https://getblogs.net/,62,0,General,blog_comment,73,lxx_link=https://getblogs.net/; lxx_link_type=Dofollow; lxx_paid=false; manual_hold=false; language=English; update_date=2025-09-23T00:00:00+00:00; tips=; details=; offer=
523,35512f6b-62b4-4c11-80e9-d2c246652642,lxx_ai,uzblog.net,https://uzblog.net/,62,800,General,blog_comment,73,lxx_link=https://uzblog.net/; lxx_link_type=Dofollow; lxx_paid=false; manual_hold=false; language=English; update_date=2025-09-23T00:00:00+00:00; tips=; details=; offer=
524,d4d0765d-89c9-4746-a565-8fcddb141fea,lxx_ai,xzblogs.com,https://xzblogs.com/,62,0,General,blog_comment,73,lxx_link=https://xzblogs.com/; lxx_link_type=Dofollow; lxx_paid=false; manual_hold=false; language=English; update_date=2025-09-23T00:00:00+00:00; tips=; details=; offer=
525,8dc9f2dd-d116-47cc-8e77-04fbfd516b45,lxx_ai,aboutyoublog.com,https://aboutyoublog.com/,61,977,General,blog_comment,73,lxx_link=https://aboutyoublog.com/; lxx_link_type=Dofollow; lxx_paid=false; manual_hold=false; language=English; update_date=2025-09-23T00:00:00+00:00; tips=; details=; offer=
526,939f0aff-f0da-4433-be0b-1d92decd5c75,lxx_ai,actoblog.com,https://actoblog.com/,61,0,General,blog_comment,73,lxx_link=https://actoblog.com/; lxx_link_type=Dofollow; lxx_paid=false; manual_hold=false; language=English; update_date=2025-09-23T00:00:00+00:00; tips=; details=; offer=
527,5659eb40-b206-4655-af2f-ca5fd2c2a3b2,lxx_ai,aioblogs.com,https://aioblogs.com/,61,0,General,blog_comment,73,lxx_link=https://aioblogs.com/; lxx_link_type=Dofollow; lxx_paid=false; manual_hold=false; language=English; update_date=2025-09-23T00:00:00+00:00; tips=; details=; offer=
528,68250315-a2cc-4045-b612-5ea1a9c2f74c,lxx_ai,ambien-blog.com,https://ambien-blog.com/,61,109,General,blog_comment,73,lxx_link=https://ambien-blog.com/; lxx_link_type=Dofollow; lxx_paid=false; manual_hold=false; language=English; update_date=2025-09-23T00:00:00+00:00; tips=; details=; offer=
529,ef8a5595-d625-4f1f-a8b9-849c59393160,lxx_ai,articlesblogger.com,https://articlesblogger.com/,61,177,General,blog_comment,73,lxx_link=https://articlesblogger.com/; lxx_link_type=Dofollow; lxx_paid=false; manual_hold=false; language=English; update_date=2025-09-23T00:00:00+00:00; tips=; details=; offer=
530,8fb9c12c-13d4-4aa0-9522-4c69a84b4819,lxx_ai,blog-gold.com,https://blog-gold.com/,61,387,General,blog_comment,73,lxx_link=https://blog-gold.com/; lxx_link_type=Dofollow; lxx_paid=false; manual_hold=false; language=English; update_date=2025-09-23T00:00:00+00:00; tips=; details=; offer=
531,a28c4f8a-6808-4089-a619-d0d665380fa7,lxx_ai,blogadvize.com,https://blogadvize.com/,61,104,General,blog_comment,73,lxx_link=https://blogadvize.com/; lxx_link_type=Dofollow; lxx_paid=false; manual_hold=false; language=English; update_date=2025-09-23T00:00:00+00:00; tips=; details=; offer=
532,1d5de712-85c2-41e0-816f-5572a10b7f4e,lxx_ai,bloggerswise.com,https://bloggerswise.com/,61,0,General,blog_comment,73,lxx_link=https://bloggerswise.com/; lxx_link_type=Dofollow; lxx_paid=false; manual_hold=false; language=English; update_date=2025-09-23T00:00:00+00:00; tips=; details=; offer=
533,35ad22f9-c749-4717-bc55-94f24957b252,lxx_ai,bloggosite.com,https://bloggosite.com/,61,0,General,blog_comment,73,lxx_link=https://bloggosite.com/; lxx_link_type=Dofollow; lxx_paid=false; manual_hold=false; language=English; update_date=2025-09-23T00:00:00+00:00; tips=; details=; offer=
534,30f72ddb-129a-4a68-a14d-718520024413,lxx_ai,blogoscience.com,https://blogoscience.com/,61,0,General,blog_comment,73,lxx_link=https://blogoscience.com/; lxx_link_type=Dofollow; lxx_paid=false; manual_hold=false; language=English; update_date=2025-09-23T00:00:00+00:00; tips=; details=; offer=
535,6b91fcc8-8ccf-42bc-9a34-2358d590133a,lxx_ai,blue-blogs.com,https://blue-blogs.com/,61,106,General,blog_comment,73,lxx_link=https://blue-blogs.com/; lxx_link_type=Dofollow; lxx_paid=false; manual_hold=false; language=English; update_date=2025-09-23T00:00:00+00:00; tips=; details=; offer=
536,15e48a7d-f6d2-4a5a-b639-57779c9397b5,lxx_ai,collectblogs.com,https://collectblogs.com/,61,0,General,blog_comment,73,lxx_link=https://collectblogs.com/; lxx_link_type=Dofollow; lxx_paid=false; manual_hold=false; language=English; update_date=2025-09-23T00:00:00+00:00; tips=; details=; offer=
537,60164303-4e1e-43d2-a317-5788cd77985d,lxx_ai,csublogs.com,https://csublogs.com/,61,2492,General,blog_comment,73,lxx_link=https://csublogs.com/; lxx_link_type=Dofollow; lxx_paid=false; manual_hold=false; language=English; update_date=2025-09-23T00:00:00+00:00; tips=; details=; offer=
538,2c87d41b-4ae9-42bd-a738-e65f15d67c8a,lxx_ai,dailyhitblog.com,https://dailyhitblog.com/,61,0,General,blog_comment,73,lxx_link=https://dailyhitblog.com/; lxx_link_type=Dofollow; lxx_paid=false; manual_hold=false; language=English; update_date=2025-09-23T00:00:00+00:00; tips=; details=; offer=
539,e69a241b-6f2b-4d1d-9d52-f3c3a3eb3dbd,lxx_ai,dsiblogger.com,https://dsiblogger.com/,61,0,General,blog_comment,73,lxx_link=https://dsiblogger.com/; lxx_link_type=Dofollow; lxx_paid=false; manual_hold=false; language=English; update_date=2025-09-23T00:00:00+00:00; tips=; details=; offer=
540,95844acf-8984-4c13-b82d-06b548d411f6,lxx_ai,jaiblogs.com,https://jaiblogs.com/,61,0,General,blog_comment,73,lxx_link=https://jaiblogs.com/; lxx_link_type=Dofollow; lxx_paid=false; manual_hold=false; language=English; update_date=2025-09-23T00:00:00+00:00; tips=; details=; offer=
541,62684323-ee00-44dc-a625-6d2fa10b3dec,lxx_ai,ka-blogs.com,https://ka-blogs.com/,61,345,General,blog_comment,73,lxx_link=https://ka-blogs.com/; lxx_link_type=Dofollow; lxx_paid=false; manual_hold=false; language=English; update_date=2025-09-23T00:00:00+00:00; tips=; details=; offer=
542,6e80b705-611e-40e2-a35f-2cabeceda302,lxx_ai,livebloggs.com,https://livebloggs.com/,61,756,General,blog_comment,73,lxx_link=https://livebloggs.com/; lxx_link_type=Dofollow; lxx_paid=false; manual_hold=false; language=English; update_date=2025-09-23T00:00:00+00:00; tips=; details=; offer=
543,1687c007-9d14-48a0-ad12-11edbf7b9f1b,lxx_ai,look4blog.com,https://look4blog.com/,61,0,General,blog_comment,73,lxx_link=https://look4blog.com/; lxx_link_type=Dofollow; lxx_paid=false; manual_hold=false; language=English; update_date=2025-09-23T00:00:00+00:00; tips=; details=; offer=
544,6496666e-284c-4951-9e14-c7a353b289fd,lxx_ai,mpeblog.com,https://mpeblog.com/,61,1326,General,blog_comment,73,lxx_link=https://mpeblog.com/; lxx_link_type=Dofollow; lxx_paid=false; manual_hold=false; language=English; update_date=2025-09-23T00:00:00+00:00; tips=; details=; offer=
545,70e1f593-0a5b-4588-ad9c-8bb55797bb1a,lxx_ai,timeblog.net,https://timeblog.net/,61,656,General,blog_comment,73,lxx_link=https://timeblog.net/; lxx_link_type=Dofollow; lxx_paid=false; manual_hold=false; language=English; update_date=2025-09-23T00:00:00+00:00; tips=; details=; offer=
546,5b0de913-d350-4638-9bb7-f9fc2e2e6cd0,lxx_ai,widblog.com,https://widblog.com/,61,480,General,blog_comment,73,lxx_link=https://widblog.com/; lxx_link_type=Dofollow; lxx_paid=false; manual_hold=false; language=English; update_date=2025-09-23T00:00:00+00:00; tips=; details=; offer=
547,08c02f86-9a79-41fc-b95c-2f21b532269a,lxx_ai,atualblog.com,https://atualblog.com/,60,0,General,blog_comment,73,lxx_link=https://atualblog.com/; lxx_link_type=Dofollow; lxx_paid=false; manual_hold=false; language=English; update_date=2025-09-23T00:00:00+00:00; tips=; details=; offer=
548,fe385e62-e5ad-47ab-a674-e06fd4cdd8de,lxx_ai,blog-mall.com,https://blog-mall.com/,60,0,General,blog_comment,73,lxx_link=https://blog-mall.com/; lxx_link_type=Dofollow; lxx_paid=false; manual_hold=false; language=English; update_date=2025-09-23T00:00:00+00:00; tips=; details=; offer=
549,8095f6a6-9294-4dc4-8e73-2835cb17a763,lxx_ai,blogacep.com,https://blogacep.com/,60,0,General,blog_comment,73,lxx_link=https://blogacep.com/; lxx_link_type=Dofollow; lxx_paid=false; manual_hold=false; language=English; update_date=2025-09-23T00:00:00+00:00; tips=; details=; offer=
550,0a4e4168-617b-4045-a2da-ec678eca9fd7,lxx_ai,blogofchange.com,https://blogofchange.com/,60,0,General,blog_comment,73,lxx_link=https://blogofchange.com/; lxx_link_type=Dofollow; lxx_paid=false; manual_hold=false; language=English; update_date=2025-09-23T00:00:00+00:00; tips=; details=; offer=
551,681a9efb-a247-405a-b573-affef53ecdfc,lxx_ai,blogproducer.com,https://blogproducer.com/,60,0,General,blog_comment,73,lxx_link=https://blogproducer.com/; lxx_link_type=Dofollow; lxx_paid=false; manual_hold=false; language=English; update_date=2025-09-23T00:00:00+00:00; tips=; details=; offer=
552,40274e6d-a6ea-4f19-b5ef-dbeaf757ef50,lxx_ai,blogrelation.com,https://blogrelation.com/,60,0,General,blog_comment,73,lxx_link=https://blogrelation.com/; lxx_link_type=Dofollow; lxx_paid=false; manual_hold=false; language=English; update_date=2025-09-23T00:00:00+00:00; tips=; details=; offer=
553,67ed4d28-dd26-49fe-bcf8-177813fb7851,lxx_ai,blogrenanda.com,https://blogrenanda.com/,60,0,General,blog_comment,73,lxx_link=https://blogrenanda.com/; lxx_link_type=Dofollow; lxx_paid=false; manual_hold=false; language=English; update_date=2025-09-23T00:00:00+00:00; tips=; details=; offer=
554,7dba0498-2159-4024-85d6-8102992d69f1,lxx_ai,blogsidea.com,https://blogsidea.com/,60,0,General,blog_comment,73,lxx_link=https://blogsidea.com/; lxx_link_type=Dofollow; lxx_paid=false; manual_hold=false; language=English; update_date=2025-09-23T00:00:00+00:00; tips=; details=; offer=
555,cce427ad-64c4-484b-ba24-4909889cf000,lxx_ai,blogstival.com,https://blogstival.com/,60,412,General,blog_comment,73,lxx_link=https://blogstival.com/; lxx_link_type=Dofollow; lxx_paid=false; manual_hold=false; language=English; update_date=2025-09-23T00:00:00+00:00; tips=; details=; offer=
556,2e915a67-9117-4b5d-b047-424512befc1b,lxx_ai,develop-blog.com,https://develop-blog.com/,60,0,General,blog_comment,73,lxx_link=https://develop-blog.com/; lxx_link_type=Dofollow; lxx_paid=false; manual_hold=false; language=English; update_date=2025-09-23T00:00:00+00:00; tips=; details=; offer=
557,97378991-2d02-486a-92a7-64eed97af6e3,lxx_ai,dreamyblogs.com,https://dreamyblogs.com/,60,0,General,blog_comment,73,lxx_link=https://dreamyblogs.com/; lxx_link_type=Dofollow; lxx_paid=false; manual_hold=false; language=English; update_date=2025-09-23T00:00:00+00:00; tips=; details=; offer=
558,aa111d38-6871-4f20-850b-8daba0b27e1a,lxx_ai,is-blog.com,https://is-blog.com/,60,0,General,blog_comment,73,lxx_link=https://is-blog.com/; lxx_link_type=Dofollow; lxx_paid=false; manual_hold=false; language=English; update_date=2025-09-23T00:00:00+00:00; tips=; details=; offer=
559,6be47b93-2189-4746-af03-3c2344d976f7,lxx_ai,mdkblog.com,https://mdkblog.com/,60,0,General,blog_comment,73,lxx_link=https://mdkblog.com/; lxx_link_type=Dofollow; lxx_paid=false; manual_hold=false; language=English; update_date=2025-09-23T00:00:00+00:00; tips=; details=; offer=
560,49e8ffbb-c961-4ac9-a0f9-f6b1fb4fd64c,lxx_ai,mybloglicious.com,https://mybloglicious.com/,60,0,General,blog_comment,73,lxx_link=https://mybloglicious.com/; lxx_link_type=Dofollow; lxx_paid=false; manual_hold=false; language=English; update_date=2025-09-23T00:00:00+00:00; tips=; details=; offer=
561,4ebc01e7-dc44-4091-af97-f0ed12f9d776,lxx_ai,post-blogs.com,https://post-blogs.com/,60,0,General,blog_comment,73,lxx_link=https://post-blogs.com/; lxx_link_type=Dofollow; lxx_paid=false; manual_hold=false; language=English; update_date=2025-09-23T00:00:00+00:00; tips=; details=; offer=
562,a270e429-bdb4-4dad-82ec-0f975fa4ef03,lxx_ai,review-blogger.com,https://review-blogger.com/,60,4241,General,blog_comment,73,lxx_link=https://review-blogger.com/; lxx_link_type=Dofollow; lxx_paid=false; manual_hold=false; language=English; update_date=2025-09-23T00:00:00+00:00; tips=; details=; offer=
563,df5cb187-08aa-48eb-83f8-caaf830a73bd,lxx_ai,thenerdsblog.com,https://thenerdsblog.com/,60,0,General,blog_comment,73,lxx_link=https://thenerdsblog.com/; lxx_link_type=Dofollow; lxx_paid=false; manual_hold=false; language=English; update_date=2025-09-23T00:00:00+00:00; tips=; details=; offer=
564,b7089b41-9cf2-4375-9706-bcc781ed42f6,lxx_ai,theobloggers.com,https://theobloggers.com/,60,0,General,blog_comment,73,lxx_link=https://theobloggers.com/; lxx_link_type=Dofollow; lxx_paid=false; manual_hold=false; language=English; update_date=2025-09-23T00:00:00+00:00; tips=; details=; offer=
565,e9b0d5fa-266c-4577-9d0a-a67235abf3ac,lxx_ai,ttblogs.com,https://ttblogs.com/,60,0,General,blog_comment,73,lxx_link=https://ttblogs.com/; lxx_link_type=Dofollow; lxx_paid=false; manual_hold=false; language=English; update_date=2025-09-23T00:00:00+00:00; tips=; details=; offer=
566,075a8963-7fcf-4ae3-8000-5715d98c50b3,lxx_ai,vblogetin.com,https://vblogetin.com/,60,0,General,blog_comment,73,lxx_link=https://vblogetin.com/; lxx_link_type=Dofollow; lxx_paid=false; manual_hold=false; language=English; update_date=2025-09-23T00:00:00+00:00; tips=; details=; offer=
567,078d37ab-594b-4136-8551-e2498cda2bf0,lxx_ai,bleepblogs.com,https://bleepblogs.com/,59,0,General,blog_comment,73,lxx_link=https://bleepblogs.com/; lxx_link_type=Dofollow; lxx_paid=false; manual_hold=false; language=English; update_date=2025-09-23T00:00:00+00:00; tips=; details=; offer=
568,56d0cce2-7069-4643-9d64-6e89be2a1807,lxx_ai,blog4youth.com,https://blog4youth.com/,59,721,General,blog_comment,73,lxx_link=https://blog4youth.com/; lxx_link_type=Dofollow; lxx_paid=false; manual_hold=false; language=English; update_date=2025-09-23T00:00:00+00:00; tips=; details=; offer=
569,05c38a41-d933-43a5-846f-21c182746356,lxx_ai,blogger.ba,https://blogger.ba/,59,36167,General,blog_comment,73,lxx_link=https://blogger.ba/; lxx_link_type=Dofollow; lxx_paid=false; manual_hold=false; language=English; update_date=2025-09-23T00:00:00+00:00; tips=; details=; offer=
570,b6f49f7e-4326-4f52-8c90-bad79228104b,lxx_ai,bloginwi.com,https://bloginwi.com/,59,0,General,blog_comment,73,lxx_link=https://bloginwi.com/; lxx_link_type=Dofollow; lxx_paid=false; manual_hold=false; language=English; update_date=2025-09-23T00:00:00+00:00; tips=; details=; offer=
571,183e6477-cece-4736-b7bc-e01bf3993c84,lxx_ai,blogripley.com,https://blogripley.com/,59,1103,General,blog_comment,73,lxx_link=https://blogripley.com/; lxx_link_type=Dofollow; lxx_paid=false; manual_hold=false; language=English; update_date=2025-09-23T00:00:00+00:00; tips=; details=; offer=
572,402ce8a9-300c-4cc9-971e-28bc6367073d,lxx_ai,blogsuperapp.com,https://blogsuperapp.com/,59,0,General,blog_comment,73,lxx_link=https://blogsuperapp.com/; lxx_link_type=Dofollow; lxx_paid=false; manual_hold=false; language=English; update_date=2025-09-23T00:00:00+00:00; tips=; details=; offer=
573,9f03dbdb-590e-432b-81fd-c28e9f3a22f2,lxx_ai,blogvivi.com,https://blogvivi.com/,59,288,General,blog_comment,73,lxx_link=https://blogvivi.com/; lxx_link_type=Dofollow; lxx_paid=false; manual_hold=false; language=English; update_date=2025-09-23T00:00:00+00:00; tips=; details=; offer=
574,4181a89c-6f3a-4a1d-a246-a373662bb168,lxx_ai,get-blogging.com,https://get-blogging.com/,59,0,General,blog_comment,73,lxx_link=https://get-blogging.com/; lxx_link_type=Dofollow; lxx_paid=false; manual_hold=false; language=English; update_date=2025-09-23T00:00:00+00:00; tips=; details=; offer=
575,83b9f965-404c-4881-8ad0-559c09f0140e,lxx_ai,myparisblog.com,https://myparisblog.com/,59,53254,General,blog_comment,73,lxx_link=https://myparisblog.com/; lxx_link_type=Dofollow; lxx_paid=false; manual_hold=false; language=English; update_date=2025-09-23T00:00:00+00:00; tips=; details=; offer=
576,24d68af3-f8a3-478b-ae74-3a0cdd87ff3c,lxx_ai,newsbloger.com,https://newsbloger.com/,59,0,General,blog_comment,73,lxx_link=https://newsbloger.com/; lxx_link_type=Dofollow; lxx_paid=false; manual_hold=false; language=English; update_date=2025-09-23T00:00:00+00:00; tips=; details=; offer=
577,05d265a9-4b42-4c45-9bbf-d5eb5497edd1,lxx_ai,topbloghub.com,https://topbloghub.com/,59,0,General,blog_comment,73,lxx_link=https://topbloghub.com/; lxx_link_type=Dofollow; lxx_paid=false; manual_hold=false; language=English; update_date=2025-09-23T00:00:00+00:00; tips=; details=; offer=
578,535eb2ec-f9fe-4caf-83a0-1760a3a681db,lxx_ai,win-blog.com,https://win-blog.com/,59,0,General,blog_comment,73,lxx_link=https://win-blog.com/; lxx_link_type=Dofollow; lxx_paid=false; manual_hold=false; language=English; update_date=2025-09-23T00:00:00+00:00; tips=; details=; offer=
579,5c256d15-8ece-41d1-a6f4-8f59283f909b,lxx_ai,worldblogged.com,https://worldblogged.com/,59,0,General,blog_comment,73,lxx_link=https://worldblogged.com/; lxx_link_type=Dofollow; lxx_paid=false; manual_hold=false; language=English; update_date=2025-09-23T00:00:00+00:00; tips=; details=; offer=
580,587baa66-991a-4fca-aa6b-bee97d64e7a8,lxx_ai,yomoblog.com,https://yomoblog.com/,59,165,General,blog_comment,73,lxx_link=https://yomoblog.com/; lxx_link_type=Dofollow; lxx_paid=false; manual_hold=false; language=English; update_date=2025-09-23T00:00:00+00:00; tips=; details=; offer=
581,5d98b297-8e4c-4b2e-8c16-bed8291e9603,lxx_ai,activablog.com,https://activablog.com/,58,179,General,blog_comment,73,lxx_link=https://activablog.com/; lxx_link_type=Dofollow; lxx_paid=false; manual_hold=false; language=English; update_date=2025-09-23T00:00:00+00:00; tips=; details=; offer=
582,e4d23add-3c9c-4e82-93c5-e19e0a4aac4e,lxx_ai,activosblog.com,https://activosblog.com/,58,6550,General,blog_comment,73,lxx_link=https://activosblog.com/; lxx_link_type=Dofollow; lxx_paid=false; manual_hold=false; language=English; update_date=2025-09-23T00:00:00+00:00; tips=; details=; offer=
583,c5fae7ae-babd-4d02-96e2-958da5ed08a6,lxx_ai,blazingblog.com,https://blazingblog.com/,58,0,General,blog_comment,73,lxx_link=https://blazingblog.com/; lxx_link_type=Dofollow; lxx_paid=false; manual_hold=false; language=English; update_date=2025-09-23T00:00:00+00:00; tips=; details=; offer=
584,abd42d95-78be-4aa3-8b77-c4bce3f5756c,lxx_ai,bligblogging.com,https://bligblogging.com/,58,0,General,blog_comment,73,lxx_link=https://bligblogging.com/; lxx_link_type=Dofollow; lxx_paid=false; manual_hold=false; language=English; update_date=2025-09-23T00:00:00+00:00; tips=; details=; offer=
585,8a3152f2-9cd9-40a5-b2ec-68be1d9b4f0d,lxx_ai,blog2news.com,https://blog2news.com/,58,0,General,blog_comment,73,lxx_link=https://blog2news.com/; lxx_link_type=Dofollow; lxx_paid=false; manual_hold=false; language=English; update_date=2025-09-23T00:00:00+00:00; tips=; details=; offer=
586,50dcb115-1d1c-493a-8608-51327fc87117,lxx_ai,blogdal.com,https://blogdal.com/,58,0,General,blog_comment,73,lxx_link=https://blogdal.com/; lxx_link_type=Dofollow; lxx_paid=false; manual_hold=false; language=English; update_date=2025-09-23T00:00:00+00:00; tips=; details=; offer=
587,0ced9e05-2635-42f9-a1b5-fc20af04ce3b,lxx_ai,bloggazzo.com,https://bloggazzo.com/,58,1543,General,blog_comment,73,lxx_link=https://bloggazzo.com/; lxx_link_type=Dofollow; lxx_paid=false; manual_hold=false; language=English; update_date=2025-09-23T00:00:00+00:00; tips=; details=; offer=
588,f20cf1c3-fc43-4528-92af-9146ab482c5c,lxx_ai,bloginder.com,https://bloginder.com/,58,0,General,blog_comment,73,lxx_link=https://bloginder.com/; lxx_link_type=Dofollow; lxx_paid=false; manual_hold=false; language=English; update_date=2025-09-23T00:00:00+00:00; tips=; details=; offer=
589,705ef6a5-0c7c-4469-9fc1-bf774a02b643,lxx_ai,blognody.com,https://blognody.com/,58,1496,General,blog_comment,73,lxx_link=https://blognody.com/; lxx_link_type=Dofollow; lxx_paid=false; manual_hold=false; language=English; update_date=2025-09-23T00:00:00+00:00; tips=; details=; offer=
590,9899bfd7-f175-4a30-85a0-ff0764663d68,lxx_ai,blogolenta.com,https://blogolenta.com/,58,0,General,blog_comment,73,lxx_link=https://blogolenta.com/; lxx_link_type=Dofollow; lxx_paid=false; manual_hold=false; language=English; update_date=2025-09-23T00:00:00+00:00; tips=; details=; offer=
591,ba288c03-63a8-4bec-b939-cd733f6557be,lxx_ai,blogs100.com,https://blogs100.com/,58,0,General,blog_comment,73,lxx_link=https://blogs100.com/; lxx_link_type=Dofollow; lxx_paid=false; manual_hold=false; language=English; update_date=2025-09-23T00:00:00+00:00; tips=; details=; offer=
592,39d8d758-2f97-44a7-8b86-bc77af23aabe,lxx_ai,dgbloggers.com,https://dgbloggers.com/,58,0,General,blog_comment,73,lxx_link=https://dgbloggers.com/; lxx_link_type=Dofollow; lxx_paid=false; manual_hold=false; language=English; update_date=2025-09-23T00:00:00+00:00; tips=; details=; offer=
593,d56f9fe6-333d-4b97-a53b-f924ab22e2c8,lxx_ai,glifeblog.com,https://glifeblog.com/,58,2059,General,blog_comment,73,lxx_link=https://glifeblog.com/; lxx_link_type=Dofollow; lxx_paid=false; manual_hold=false; language=English; update_date=2025-09-23T00:00:00+00:00; tips=; details=; offer=
594,45cabf8e-1a75-493c-a08a-9c63be82b2a2,lxx_ai,idblogz.com,https://idblogz.com/,58,0,General,blog_comment,73,lxx_link=https://idblogz.com/; lxx_link_type=Dofollow; lxx_paid=false; manual_hold=false; language=English; update_date=2025-09-23T00:00:00+00:00; tips=; details=; offer=
595,2f406ce3-934b-4084-b699-78e6b01d3d39,lxx_ai,izrablog.com,https://izrablog.com/,58,0,General,blog_comment,73,lxx_link=https://izrablog.com/; lxx_link_type=Dofollow; lxx_paid=false; manual_hold=false; language=English; update_date=2025-09-23T00:00:00+00:00; tips=; details=; offer=
596,ae0fc1e2-c7c2-439f-8004-239c071a8b63,lxx_ai,kylieblog.com,https://kylieblog.com/,58,0,General,blog_comment,73,lxx_link=https://kylieblog.com/; lxx_link_type=Dofollow; lxx_paid=false; manual_hold=false; language=English; update_date=2025-09-23T00:00:00+00:00; tips=; details=; offer=
597,77f5e5e9-81e2-45b7-ae2b-0f42308ce88b,lxx_ai,spintheblog.com,https://spintheblog.com/,58,0,General,blog_comment,73,lxx_link=https://spintheblog.com/; lxx_link_type=Dofollow; lxx_paid=false; manual_hold=false; language=English; update_date=2025-09-23T00:00:00+00:00; tips=; details=; offer=
598,f72fa3ff-8588-4699-8bb8-ffc19832609a,lxx_ai,targetblogs.com,https://targetblogs.com/,58,0,General,blog_comment,73,lxx_link=https://targetblogs.com/; lxx_link_type=Dofollow; lxx_paid=false; manual_hold=false; language=English; update_date=2025-09-23T00:00:00+00:00; tips=; details=; offer=
599,35858867-ab06-4f4b-8b08-a6ecd3d48553,lxx_ai,blogcudinti.com,https://blogcudinti.com/,57,0,General,blog_comment,73,lxx_link=https://blogcudinti.com/; lxx_link_type=Dofollow; lxx_paid=false; manual_hold=false; language=English; update_date=2025-09-23T00:00:00+00:00; tips=; details=; offer=
600,b967e3e8-b7d9-4426-92b0-33e0a7349503,lxx_ai,blogdomago.com,https://blogdomago.com/,57,0,General,blog_comment,73,lxx_link=https://blogdomago.com/; lxx_link_type=Dofollow; lxx_paid=false; manual_hold=false; language=English; update_date=2025-09-23T00:00:00+00:00; tips=; details=; offer=
601,99031aca-2cb6-4be1-8879-1b93d348343e,lxx_ai,bloguerosa.com,https://bloguerosa.com/,57,0,General,blog_comment,73,lxx_link=https://bloguerosa.com/; lxx_link_type=Dofollow; lxx_paid=false; manual_hold=false; language=English; update_date=2025-09-23T00:00:00+00:00; tips=; details=; offer=
602,27b269fd-c509-4cdf-8bc1-8e19851717f4,lxx_ai,daneblogger.com,https://daneblogger.com/,57,1537,General,blog_comment,73,lxx_link=https://daneblogger.com/; lxx_link_type=Dofollow; lxx_paid=false; manual_hold=false; language=English; update_date=2025-09-23T00:00:00+00:00; tips=; details=; offer=
603,f938d33e-59ef-44f4-9f3c-b12f1398bfea,lxx_ai,eedblog.com,https://eedblog.com/,57,0,General,blog_comment,73,lxx_link=https://eedblog.com/; lxx_link_type=Dofollow; lxx_paid=false; manual_hold=false; language=English; update_date=2025-09-23T00:00:00+00:00; tips=; details=; offer=
604,55da7d5c-aa39-40c0-a28c-92e0c5901ebd,lxx_ai,goabroadblog.com,https://goabroadblog.com/,57,351,General,blog_comment,73,lxx_link=https://goabroadblog.com/; lxx_link_type=Dofollow; lxx_paid=false; manual_hold=false; language=English; update_date=2025-09-23T00:00:00+00:00; tips=; details=; offer=
605,38115991-d1b5-4acb-893a-93e296efb5c3,lxx_ai,humor-blog.com,https://humor-blog.com/,57,0,General,blog_comment,73,lxx_link=https://humor-blog.com/; lxx_link_type=Dofollow; lxx_paid=false; manual_hold=false; language=English; update_date=2025-09-23T00:00:00+00:00; tips=; details=; offer=
606,495367e4-e624-4b14-a190-74dff7586566,lxx_ai,prublogger.com,https://prublogger.com/,57,178,General,blog_comment,73,lxx_link=https://prublogger.com/; lxx_link_type=Dofollow; lxx_paid=false; manual_hold=false; language=English; update_date=2025-09-23T00:00:00+00:00; tips=; details=; offer=
607,e9378290-5346-4525-a99d-5e9e9c4189fc,lxx_ai,smblogsites.com,https://smblogsites.com/,57,0,General,blog_comment,73,lxx_link=https://smblogsites.com/; lxx_link_type=Dofollow; lxx_paid=false; manual_hold=false; language=English; update_date=2025-09-23T00:00:00+00:00; tips=; details=; offer=
608,4b7c1870-750a-497b-8f8e-236d31486a74,lxx_ai,theblogfairy.com,https://theblogfairy.com/,57,0,General,blog_comment,73,lxx_link=https://theblogfairy.com/; lxx_link_type=Dofollow; lxx_paid=false; manual_hold=false; language=English; update_date=2025-09-23T00:00:00+00:00; tips=; details=; offer=
609,5bb6499a-860c-47b5-80c7-5ddd879e757a,lxx_ai,thechapblog.com,https://thechapblog.com/,57,0,General,blog_comment,73,lxx_link=https://thechapblog.com/; lxx_link_type=Dofollow; lxx_paid=false; manual_hold=false; language=English; update_date=2025-09-23T00:00:00+00:00; tips=; details=; offer=
610,32565636-8406-485f-b36e-42291552ecb8,lxx_ai,theideasblog.com,https://theideasblog.com/,57,0,General,blog_comment,73,lxx_link=https://theideasblog.com/; lxx_link_type=Dofollow; lxx_paid=false; manual_hold=false; language=English; update_date=2025-09-23T00:00:00+00:00; tips=; details=; offer=
611,691d6093-1336-44d1-995f-ee18270f8e17,lxx_ai,thelateblog.com,https://thelateblog.com/,57,0,General,blog_comment,73,lxx_link=https://thelateblog.com/; lxx_link_type=Dofollow; lxx_paid=false; manual_hold=false; language=English; update_date=2025-09-23T00:00:00+00:00; tips=; details=; offer=
612,d087be2c-7ca0-49ff-9f3c-520f31d6d2e9,lxx_ai,blogaritma.com,https://blogaritma.com/,56,2534,General,blog_comment,73,lxx_link=https://blogaritma.com/; lxx_link_type=Dofollow; lxx_paid=false; manual_hold=false; language=English; update_date=2025-09-23T00:00:00+00:00; tips=; details=; offer=
613,d37e379f-fdb6-4108-8f08-19f5b6acdab6,lxx_ai,idblogmaker.com,https://idblogmaker.com/,56,0,General,blog_comment,73,lxx_link=https://idblogmaker.com/; lxx_link_type=Dofollow; lxx_paid=false; manual_hold=false; language=English; update_date=2025-09-23T00:00:00+00:00; tips=; details=; offer=
614,b9f411ef-f087-4eea-927b-838daebc8d89,lxx_ai,ssnblog.com,https://ssnblog.com/,56,0,General,blog_comment,73,lxx_link=https://ssnblog.com/; lxx_link_type=Dofollow; lxx_paid=false; manual_hold=false; language=English; update_date=2025-09-23T00:00:00+00:00; tips=; details=; offer=
615,9c98c5a6-575c-4a77-be1d-588809c4e235,lxx_ai,thekatyblog.com,https://thekatyblog.com/,56,0,General,blog_comment,73,lxx_link=https://thekatyblog.com/; lxx_link_type=Dofollow; lxx_paid=false; manual_hold=false; language=English; update_date=2025-09-23T00:00:00+00:00; tips=; details=; offer=
616,6f52c1c9-0182-46ca-989d-4ac6694c1b82,lxx_ai,fediverse.blog,https://fediverse.blog/,54,3358,General,blog_comment,73,lxx_link=https://fediverse.blog/; lxx_link_type=Dofollow; lxx_paid=false; manual_hold=false; language=English; update_date=2025-09-23T00:00:00+00:00; tips=; details=; offer=
617,1e461522-875c-431a-b84b-46e82b00cb0b,lxx_ai,moblog.net,https://moblog.net/,54,0,Blog,blog_comment,73,lxx_link=https://moblog.net/; lxx_link_type=Dofollow; lxx_paid=false; manual_hold=false; language=English; update_date=2025-09-23T00:00:00+00:00; tips=; details=; offer=
618,ff3208ec-03d7-4082-9f8f-925e5235ab80,lxx_ai,fr.vefblog.net,https://fr.vefblog.net/,53,2669,General,blog_comment,73,lxx_link=https://fr.vefblog.net/; lxx_link_type=Dofollow; lxx_paid=false; manual_hold=false; language=French; update_date=2025-09-23T00:00:00+00:00; tips=; details=; offer=
619,878072ba-d146-4c7d-a38d-03c897119570,lxx_ai,grindr.uservoice.com,https://grindr.uservoice.com/,89,117400,Product Forum,unknown,70,lxx_link=https://grindr.uservoice.com/; lxx_link_type=Unknown; lxx_paid=false; manual_hold=false; language=English; update_date=2025-05-21T00:00:00+00:00; tips=Reply to a post; details=; offer=
620,ea7fe520-c749-48f3-b33e-0347f6efc5fb,lxx_ai,papyrus.uservoice.com,https://papyrus.uservoice.com/,89,2600,Product Forum,unknown,70,lxx_link=https://papyrus.uservoice.com/; lxx_link_type=Unknown; lxx_paid=false; manual_hold=false; language=English; update_date=2025-05-21T00:00:00+00:00; tips=Reply to a post; details=; offer=
621,7b533844-4036-4950-b506-f734ba8bb0fb,lxx_ai,castbox.fm,https://castbox.fm,87,879400,Forum,unknown,70,lxx_link=https://castbox.fm; lxx_link_type=Unknown; lxx_paid=false; manual_hold=false; language=English; update_date=2025-05-21T00:00:00+00:00; tips=Review a podcast; details=; offer=
622,59ea5ee4-44d4-4ab8-9bf4-fe840ccda740,lxx_ai,carbonmade.com,https://carbonmade.com/,83,222546,Design,unknown,70,lxx_link=https://carbonmade.com/; lxx_link_type=Unknown; lxx_paid=false; manual_hold=false; language=English; update_date=2025-09-23T00:00:00+00:00; tips=; details=; offer=
623,4b87450e-fa5c-4bf6-81ea-0dfb5989c42d,lxx_ai,arrl.org,https://arrl.org/forum/,82,2100000,Forum,unknown,70,lxx_link=https://arrl.org/forum/; lxx_link_type=Unknown; lxx_paid=false; manual_hold=false; language=English; update_date=2025-05-21T00:00:00+00:00; tips=Reply to a post; details=; offer=
624,d0d3c061-367f-49be-9370-900aeac3dc89,lxx_ai,forum.plarium.com,https://forum.plarium.com/,75,929200,Forum,unknown,70,lxx_link=https://forum.plarium.com/; lxx_link_type=Unknown; lxx_paid=false; manual_hold=false; language=English; update_date=2025-05-21T00:00:00+00:00; tips=Reply to a post; details=; offer=
625,a8dbaea9-60ff-4eae-8614-8cc0220a6c28,lxx_ai,bibsonomy.org,https://www.bibsonomy.org/,74,121800,Website detection,unknown,70,lxx_link=https://www.bibsonomy.org/; lxx_link_type=Unknown; lxx_paid=false; manual_hold=false; language=English; update_date=2025-05-18T00:00:00+00:00; tips=; details=; offer=
626,a151e804-40af-4a54-be92-afe30ffb38c4,lxx_ai,bookcrossing.com,https://bookcrossing.com/,74,45656,Books,unknown,70,lxx_link=https://bookcrossing.com/; lxx_link_type=Unknown; lxx_paid=false; manual_hold=false; language=English; update_date=2025-09-23T00:00:00+00:00; tips=; details=; offer=
627,6e278d45-270a-41c3-bd68-6a1a51c121ee,lxx_ai,forum.imobie.com,https://forum.imobie.com/,74,497,Phone Forum,unknown,70,lxx_link=https://forum.imobie.com/; lxx_link_type=Unknown; lxx_paid=false; manual_hold=false; language=English; update_date=2025-05-21T00:00:00+00:00; tips=Reply to a post; details=; offer=
628,595c215c-7d33-4181-ac66-1f0ac14c5453,lxx_ai,cloudim.copiny.com,https://cloudim.copiny.com/,73,316,Forum,unknown,70,lxx_link=https://cloudim.copiny.com/; lxx_link_type=Unknown; lxx_paid=false; manual_hold=false; language=English; update_date=2025-05-21T00:00:00+00:00; tips=Reply to a post; details=; offer=
629,88bf9461-1190-4482-bcc8-c7f319e9e678,lxx_ai,forum.alta.ru,https://forum.alta.ru/,73,34500,Forum,unknown,70,lxx_link=https://forum.alta.ru/; lxx_link_type=Unknown; lxx_paid=false; manual_hold=false; language=Russian; update_date=2025-05-21T00:00:00+00:00; tips=Reply to a post; details=; offer=
630,774b9dd3-e8bd-4084-8a28-a8f9df51170d,lxx_ai,knowem.com,https://knowem.com/,73,12232,General,unknown,70,lxx_link=https://knowem.com/; lxx_link_type=Unknown; lxx_paid=false; manual_hold=false; language=English; update_date=2025-09-23T00:00:00+00:00; tips=; details=; offer=
631,1482d4ff-3716-4c44-a0ce-a2f174682190,lxx_ai,edottosgd.sanita.puglia.it,https://edottosgd.sanita.puglia.it/knowledgetree/dashboard.php,72,2400,Forum,unknown,70,lxx_link=https://edottosgd.sanita.puglia.it/knowledgetree/dashboard.php; lxx_link_type=Unknown; lxx_paid=false; manual_hold=false; language=Italian; update_date=2025-05-21T00:00:00+00:00; tips=Reply to a post; details=; offer=
632,90e2018d-0e75-4852-b065-007037bce236,lxx_ai,szotar.sztaki.hu,https://szotar.sztaki.hu/,72,123700,General,unknown,70,lxx_link=https://szotar.sztaki.hu/; lxx_link_type=Unknown; lxx_paid=false; manual_hold=false; language=Hungarian; update_date=2025-05-21T00:00:00+00:00; tips=Generate an entry; details=; offer=
633,477dc5e4-2076-4b2b-b3cf-165dcbb80578,lxx_ai,updownradar.com,https://updownradar.com,72,454100,General,unknown,70,"lxx_link=https://updownradar.com; lxx_link_type=Unknown; lxx_paid=false; manual_hold=false; language=English; update_date=2025-05-21T00:00:00+00:00; tips=Website status check, enter URL; details=; offer="
634,9182952c-9ca9-4331-8b57-9cb9acaebace,lxx_ai,feedbear.com,https://feedbear.com,71,38400,General,unknown,70,lxx_link=https://feedbear.com; lxx_link_type=Unknown; lxx_paid=false; manual_hold=false; language=English; update_date=2025-05-18T00:00:00+00:00; tips=; details=; offer=
635,881a4285-6f8b-4316-8556-0aafac015d8a,lxx_ai,dev.muvizu.com,https://dev.muvizu.com/Chat/,70,1200,Forum,unknown,70,lxx_link=https://dev.muvizu.com/Chat/; lxx_link_type=Unknown; lxx_paid=false; manual_hold=false; language=English; update_date=2025-05-21T00:00:00+00:00; tips=Reply to a post; details=; offer=
636,67fa8103-2e17-40b7-b02d-c6c0cb1ac8f7,lxx_ai,worldranklist.com,https://worldranklist.com/,37,1302,General,directory,70,lxx_link=https://worldranklist.com/; lxx_link_type=Dofollow; lxx_paid=false; manual_hold=false; language=English; update_date=2025-09-23T00:00:00+00:00; tips=; details=; offer=
637,aeb694d4-8df2-4e39-af91-1090384e8788,lxx_ai,toplistingsite.com,https://toplistingsite.com/,34,6624,General,directory,70,lxx_link=https://toplistingsite.com/; lxx_link_type=Dofollow; lxx_paid=false; manual_hold=false; language=English; update_date=2025-09-23T00:00:00+00:00; tips=; details=; offer=
638,da2878ca-348d-474e-8e48-3f1ea662f262,lxx_ai,247webdirectory.com,https://247webdirectory.com/,33,9364,General,directory,70,lxx_link=https://247webdirectory.com/; lxx_link_type=Dofollow; lxx_paid=false; manual_hold=false; language=English; update_date=2025-09-23T00:00:00+00:00; tips=; details=; offer=
639,26c08edc-fec8-43de-a712-a8012e3add4a,lxx_ai,producthubx.com,https://producthubx.com/submit,30,64160,AI Tools Directory,directory,70,lxx_link=https://producthubx.com/; lxx_link_type=Dofollow; lxx_paid=false; manual_hold=false; language=English; update_date=2025-09-21T00:00:00+00:00; tips=https://producthubx.com/submit; details=; offer=
640,457f1f48-920e-4034-a9ad-eb1add0b8f85,lxx_ai,socialbookmarkingsitelist.xyz,https://socialbookmarkingsitelist.xyz/,30,0,General,directory,70,lxx_link=https://socialbookmarkingsitelist.xyz/; lxx_link_type=Dofollow; lxx_paid=false; manual_hold=false; language=English; update_date=2025-09-23T00:00:00+00:00; tips=; details=; offer=
641,f492aea9-6fde-4f66-a7ad-53c70d3238c1,lxx_ai,seosubmitbookmark.com,https://seosubmitbookmark.com/,29,13828,General,directory,70,lxx_link=https://seosubmitbookmark.com/; lxx_link_type=Dofollow; lxx_paid=false; manual_hold=false; language=English; update_date=2025-09-23T00:00:00+00:00; tips=; details=; offer=
642,86452df2-cd6e-46b0-95c3-6258fc104203,lxx_ai,directorynode.com,https://directorynode.com/,28,2278,General,directory,70,lxx_link=https://directorynode.com/; lxx_link_type=Dofollow; lxx_paid=false; manual_hold=false; language=English; update_date=2025-09-23T00:00:00+00:00; tips=; details=; offer=
643,d86e0aad-49b4-49dd-a9d7-b7b7c1a6a42b,lxx_ai,craigsdirectory.com,https://craigsdirectory.com/,23,4218,General,directory,70,lxx_link=https://craigsdirectory.com/; lxx_link_type=Dofollow; lxx_paid=false; manual_hold=false; language=English; update_date=2025-09-23T00:00:00+00:00; tips=; details=; offer=
644,5487580c-1f8a-4d7a-9476-fdd5fe0e2154,lxx_ai,corpsubmit.com,https://corpsubmit.com/,21,14707,General,directory,70,lxx_link=https://corpsubmit.com/; lxx_link_type=Dofollow; lxx_paid=false; manual_hold=false; language=English; update_date=2025-09-23T00:00:00+00:00; tips=; details=; offer=
645,0f40bcda-72ba-4145-afb2-e99747b01d88,lxx_ai,directoryfeeds.com,https://directoryfeeds.com/,21,17571,General,directory,70,lxx_link=https://directoryfeeds.com/; lxx_link_type=Dofollow; lxx_paid=false; manual_hold=false; language=English; update_date=2025-09-23T00:00:00+00:00; tips=; details=; offer=
646,8b881912-7431-458b-948e-88f7a67a539e,lxx_ai,directorysection.com,https://directorysection.com/,21,12167,General,directory,70,lxx_link=https://directorysection.com/; lxx_link_type=Dofollow; lxx_paid=false; manual_hold=false; language=English; update_date=2025-09-23T00:00:00+00:00; tips=; details=; offer=
647,557a090b-5555-456d-ab85-007afbfde1d6,lxx_ai,seolinksubmit.com,https://seolinksubmit.com/,21,7487,General,directory,70,lxx_link=https://seolinksubmit.com/; lxx_link_type=Dofollow; lxx_paid=false; manual_hold=false; language=English; update_date=2025-09-23T00:00:00+00:00; tips=; details=; offer=
648,987a12ac-17dd-4653-aa29-24d4e19f64c5,lxx_ai,corplistings.com,https://corplistings.com/,20,4248,General,directory,70,lxx_link=https://corplistings.com/; lxx_link_type=Dofollow; lxx_paid=false; manual_hold=false; language=English; update_date=2025-09-23T00:00:00+00:00; tips=; details=; offer=
649,752cc96b-8ccc-4b67-a373-1d894c21e57c,lxx_ai,directorymate.com,https://directorymate.com/,20,1588,General,directory,70,lxx_link=https://directorymate.com/; lxx_link_type=Dofollow; lxx_paid=false; manual_hold=false; language=English; update_date=2025-09-23T00:00:00+00:00; tips=; details=; offer=
650,29c77cbb-f6ab-4d27-a690-24d063b682fa,lxx_ai,directoryposts.com,https://directoryposts.com/,20,7140,General,directory,70,lxx_link=https://directoryposts.com/; lxx_link_type=Dofollow; lxx_paid=false; manual_hold=false; language=English; update_date=2025-09-23T00:00:00+00:00; tips=; details=; offer=
651,7eaa288d-7f46-4ffa-824e-330527798892,lxx_ai,directorystock.com,https://directorystock.com/,20,13528,General,directory,70,lxx_link=https://directorystock.com/; lxx_link_type=Dofollow; lxx_paid=false; manual_hold=false; language=English; update_date=2025-09-23T00:00:00+00:00; tips=; details=; offer=
652,44500396-8284-4812-bfc5-42004c0c8223,lxx_ai,seotool.insertarticles.info,https://seotool.insertarticles.info/,20,0,General,directory,70,lxx_link=https://seotool.insertarticles.info/; lxx_link_type=Dofollow; lxx_paid=false; manual_hold=false; language=English; update_date=2025-09-23T00:00:00+00:00; tips=; details=; offer=
653,9bb1aaba-77c4-4ae2-bc82-ec75c08a6503,lxx_ai,facebook.com,https://facebook.com/,100,12001342711,Social,unknown,65,lxx_link=https://facebook.com/; lxx_link_type=Nofollow; lxx_paid=false; manual_hold=false; language=English; update_date=2025-09-23T00:00:00+00:00; tips=; details=; offer=
654,9709f1d1-8633-41de-b3ef-2e8b2b7d4318,lxx_ai,instagram.com,https://www.instagram.com/,100,6679319077,Social,unknown,65,lxx_link=https://www.instagram.com/; lxx_link_type=Nofollow; lxx_paid=false; manual_hold=false; language=Tagalog; update_date=2025-09-23T00:00:00+00:00; tips=; details=; offer=
655,25dac42e-85f2-4a71-a69d-6f1fbc5ab063,lxx_ai,instagram.com,https://instagram.com,100,6679319077,Social,unknown,65,lxx_link=https://instagram.com; lxx_link_type=Nofollow; lxx_paid=false; manual_hold=false; language=English; update_date=2025-09-23T00:00:00+00:00; tips=; details=; offer=
656,08d2f910-e983-4d47-8534-c6b155967108,lxx_ai,linkedin.com,https://www.linkedin.com/,99,1793726996,Social,unknown,65,lxx_link=https://www.linkedin.com/; lxx_link_type=Nofollow; lxx_paid=false; manual_hold=false; language=English; update_date=2025-09-23T00:00:00+00:00; tips=; details=; offer=
657,17827464-fe6d-4029-9484-bfdd306c79d0,lxx_ai,google.com,https://www.google.com/business/,98,83873698954,General,unknown,65,lxx_link=https://www.google.com/business/; lxx_link_type=Nofollow; lxx_paid=false; manual_hold=false; language=English; update_date=2025-09-23T00:00:00+00:00; tips=; details=; offer=
658,ff2ba648-8595-42ba-a74e-de8905f52d02,lxx_ai,google.com,https://google.com/,98,83873698954,Search Engine,unknown,65,lxx_link=https://google.com/; lxx_link_type=Nofollow; lxx_paid=false; manual_hold=false; language=German; update_date=2025-09-23T00:00:00+00:00; tips=; details=; offer=
659,898fe82f-0c97-44d7-b7f3-925a001e7eff,lxx_ai,wordpress.org,https://wordpress.org/,98,10068683,Informational,unknown,65,lxx_link=https://wordpress.org/; lxx_link_type=Nofollow; lxx_paid=false; manual_hold=false; language=English; update_date=2025-09-23T00:00:00+00:00; tips=; details=; offer=
660,7ff1f7d6-af75-4689-aa7b-774ce45e2677,lxx_ai,mapsconnect.apple.com,https://mapsconnect.apple.com/,97,79281,General,unknown,65,lxx_link=https://mapsconnect.apple.com/; lxx_link_type=Nofollow; lxx_paid=false; manual_hold=false; language=English; update_date=2025-09-23T00:00:00+00:00; tips=; details=; offer=
661,eb773c76-c5bf-4295-bb80-98f9583a4a46,lxx_ai,pinterest.com,https://www.pinterest.com/,97,1371327688,Social,unknown,65,lxx_link=https://www.pinterest.com/; lxx_link_type=Nofollow; lxx_paid=false; manual_hold=false; language=English; update_date=2025-09-23T00:00:00+00:00; tips=; details=; offer=
662,27e66e8e-4470-46be-a70d-a5ae335c0121,lxx_ai,edex.adobe.com,https://edex.adobe.com/,96,218569,Educational,unknown,65,lxx_link=https://edex.adobe.com/; lxx_link_type=Nofollow; lxx_paid=false; manual_hold=false; language=English; update_date=2025-09-23T00:00:00+00:00; tips=; details=; offer=
663,e0b66c70-3533-409f-9690-94080dcfa8ee,lxx_ai,gravatar.com,https://gravatar.com/,96,1419601,General,unknown,65,lxx_link=https://gravatar.com/; lxx_link_type=Nofollow; lxx_paid=false; manual_hold=false; language=English; update_date=2025-09-23T00:00:00+00:00; tips=; details=; offer=
664,d7d019bd-40ad-4351-9047-5000dd7f26af,lxx_ai,vimeo.com,https://vimeo.com/,96,52009673,Social,unknown,65,lxx_link=https://vimeo.com/; lxx_link_type=Nofollow; lxx_paid=false; manual_hold=false; language=English; update_date=2025-09-23T00:00:00+00:00; tips=; details=; offer=
665,d34c1cb1-0b04-4901-8fc0-029f7069aaf5,lxx_ai,baidu.com,https://www.baidu.com/,95,2122223126,Search Engine,unknown,65,lxx_link=https://www.baidu.com/; lxx_link_type=Nofollow; lxx_paid=false; manual_hold=false; language=English; update_date=2025-09-23T00:00:00+00:00; tips=; details=; offer=
666,07b6f306-4fd4-4766-9d22-faa38ecf3864,lxx_ai,reddit.com,https://www.reddit.com/,95,4051375740,General,unknown,65,lxx_link=https://www.reddit.com/; lxx_link_type=Nofollow; lxx_paid=false; manual_hold=false; language=English; update_date=2025-09-23T00:00:00+00:00; tips=; details=; offer=
667,35c7c5e7-3773-4014-baa1-438814d715c1,lxx_ai,vk.com,https://vk.com/,95,968378685,Social,unknown,65,lxx_link=https://vk.com/; lxx_link_type=Nofollow; lxx_paid=false; manual_hold=false; language=German; update_date=2025-09-23T00:00:00+00:00; tips=; details=; offer=
668,291a6f78-6543-43b2-87e7-bdca773700fe,lxx_ai,wix.com,https://wix.com/,95,37611119,General,unknown,65,lxx_link=https://wix.com/; lxx_link_type=Nofollow; lxx_paid=false; manual_hold=false; language=English; update_date=2025-09-23T00:00:00+00:00; tips=; details=; offer=
669,28e2a1a8-a4f6-497a-b113-ee63cd271c80,lxx_ai,yelp.com,https://yelp.com/,95,142908406,General,unknown,65,lxx_link=https://yelp.com/; lxx_link_type=Nofollow; lxx_paid=false; manual_hold=false; language=English; update_date=2025-09-23T00:00:00+00:00; tips=; details=; offer=
670,312aa4df-4ca8-4a9d-9ef7-054841c2e9f3,lxx_ai,behance.net,https://www.behance.net/,94,36572285,Social,unknown,65,lxx_link=https://www.behance.net/; lxx_link_type=Nofollow; lxx_paid=false; manual_hold=false; language=English; update_date=2025-09-23T00:00:00+00:00; tips=; details=; offer=
671,c842d492-6c00-4b0a-964e-4538dfd2cf58,lxx_ai,forum.statcounter.com,https://forum.statcounter.com/,94,15384,Developers,unknown,65,lxx_link=https://forum.statcounter.com/; lxx_link_type=Nofollow; lxx_paid=false; manual_hold=false; language=English; update_date=2025-09-23T00:00:00+00:00; tips=; details=; offer=
672,05df0d64-7ba6-44c6-8d21-69e8007d5699,lxx_ai,medium.com,https://medium.com/,94,83556003,General,unknown,65,lxx_link=https://medium.com/; lxx_link_type=Nofollow; lxx_paid=false; manual_hold=false; language=English; update_date=2025-09-23T00:00:00+00:00; tips=; details=; offer=
673,46ffd4f9-6db0-4ead-8705-f49894ee7b71,lxx_ai,openstreetmap.org,https://openstreetmap.org/,94,8019889,General,unknown,65,lxx_link=https://openstreetmap.org/; lxx_link_type=Nofollow; lxx_paid=false; manual_hold=false; language=English; update_date=2025-09-23T00:00:00+00:00; tips=; details=; offer=
674,f2e42b0c-a139-4e45-b469-09929342f2b2,lxx_ai,soundcloud.com,https://soundcloud.com/,94,124457321,Social,unknown,65,lxx_link=https://soundcloud.com/; lxx_link_type=Nofollow; lxx_paid=false; manual_hold=false; language=English; update_date=2025-09-23T00:00:00+00:00; tips=; details=; offer=
675,97855623-ae3b-410b-a756-28375bcdc685,lxx_ai,xing.com,https://xing.com/,94,10818991,Social,unknown,65,lxx_link=https://xing.com/; lxx_link_type=Nofollow; lxx_paid=false; manual_hold=false; language=German; update_date=2025-09-23T00:00:00+00:00; tips=; details=; offer=
676,88f33bc3-5cb4-477e-86f7-1acb16025034,lxx_ai,bing.com,https://www.bing.com/,93,3694503083,Search Engine,unknown,65,lxx_link=https://www.bing.com/; lxx_link_type=Nofollow; lxx_paid=false; manual_hold=false; language=English; update_date=2025-09-23T00:00:00+00:00; tips=; details=; offer=
677,873297c2-f265-4cdd-8377-18be19d1edd0,lxx_ai,dribbble.com,https://dribbble.com/directories/jobs,93,11317874,Desgin,unknown,65,lxx_link=https://dribbble.com/directories/jobs; lxx_link_type=Nofollow; lxx_paid=false; manual_hold=false; language=English; update_date=2025-09-23T00:00:00+00:00; tips=; details=; offer=
678,57513cf1-ed11-42d9-b62f-279de5cce756,lxx_ai,dribbble.com,https://dribbble.com/,93,11317874,Design,unknown,65,lxx_link=https://dribbble.com/; lxx_link_type=Nofollow; lxx_paid=false; manual_hold=false; language=English; update_date=2025-09-23T00:00:00+00:00; tips=; details=; offer=
679,7e2123d1-1a7c-495f-8f8d-e6196c4123b4,lxx_ai,getpocket.com,https://getpocket.com/,93,1710095,General,unknown,65,lxx_link=https://getpocket.com/; lxx_link_type=Nofollow; lxx_paid=false; manual_hold=false; language=English; update_date=2025-09-23T00:00:00+00:00; tips=; details=; offer=
680,cc145214-ad2b-441b-8d1f-781f9bf75982,lxx_ai,patreon.com,https://www.patreon.com/,93,131204528,General,unknown,65,lxx_link=https://www.patreon.com/; lxx_link_type=Nofollow; lxx_paid=false; manual_hold=false; language=English; update_date=2025-09-23T00:00:00+00:00; tips=; details=; offer=
681,1b231d2f-c75d-407d-8830-4d4652969d7b,lxx_ai,flaticon.com,https://flaticon.com/,92,13405599,Design,unknown,65,lxx_link=https://flaticon.com/; lxx_link_type=Nofollow; lxx_paid=false; manual_hold=false; language=English; update_date=2025-09-23T00:00:00+00:00; tips=; details=; offer=
682,4859f211-74ec-464f-a045-f4906bac25ad,lxx_ai,gitlab.com,https://gitlab.com/,92,14021867,Developers,unknown,65,lxx_link=https://gitlab.com/; lxx_link_type=Nofollow; lxx_paid=false; manual_hold=false; language=English; update_date=2025-09-23T00:00:00+00:00; tips=; details=; offer=
683,2f3492e2-4874-4cf1-94e2-a498ee521fdd,lxx_ai,houzz.com,https://houzz.com/,92,10490008,Architecture,unknown,65,lxx_link=https://houzz.com/; lxx_link_type=Nofollow; lxx_paid=false; manual_hold=false; language=English; update_date=2025-09-23T00:00:00+00:00; tips=; details=; offer=
684,73e25fc7-6cbf-4544-a3f6-ee33199dec53,lxx_ai,indeed.com,https://indeed.com/,92,399778070,General,unknown,65,lxx_link=https://indeed.com/; lxx_link_type=Nofollow; lxx_paid=false; manual_hold=false; language=English; update_date=2025-09-23T00:00:00+00:00; tips=; details=; offer=
685,1ba8df40-3367-4f4c-8b34-8ae3c73b4465,lxx_ai,kickstarter.com,https://kickstarter.com/,92,19953592,General,unknown,65,lxx_link=https://kickstarter.com/; lxx_link_type=Nofollow; lxx_paid=false; manual_hold=false; language=English; update_date=2025-09-23T00:00:00+00:00; tips=; details=; offer=
686,859a38e9-4325-4472-bc6d-527d64180048,lxx_ai,pexels.com,https://pexels.com/,92,33906608,General,unknown,65,lxx_link=https://pexels.com/; lxx_link_type=Nofollow; lxx_paid=false; manual_hold=false; language=English; update_date=2025-09-23T00:00:00+00:00; tips=; details=; offer=
687,2f85998a-45d6-4afb-9a69-a8a400abeae9,lxx_ai,pixabay.com,https://pixabay.com/,92,41244375,General,unknown,65,lxx_link=https://pixabay.com/; lxx_link_type=Nofollow; lxx_paid=false; manual_hold=false; language=English; update_date=2025-09-23T00:00:00+00:00; tips=; details=; offer=
688,b890dcbe-95aa-4356-862a-d54ccb338096,lxx_ai,prestashop.com,https://prestashop.com/forums/,92,594906,General,unknown,65,lxx_link=https://prestashop.com/forums/; lxx_link_type=Nofollow; lxx_paid=false; manual_hold=false; language=English; update_date=2025-09-23T00:00:00+00:00; tips=; details=; offer=
689,a331bcdc-738d-4323-a557-c6452f3b1fcd,lxx_ai,quora.com,https://www.quora.com/,92,440932387,Social,unknown,65,lxx_link=https://www.quora.com/; lxx_link_type=Nofollow; lxx_paid=false; manual_hold=false; language=English; update_date=2025-09-23T00:00:00+00:00; tips=; details=; offer=
690,71b6211d-3c5e-431d-bdd4-15e14ed2f876,lxx_ai,stackoverflow.com,https://stackoverflow.com/,92,59456849,Developers,unknown,65,lxx_link=https://stackoverflow.com/; lxx_link_type=Nofollow; lxx_paid=false; manual_hold=false; language=English; update_date=2025-09-23T00:00:00+00:00; tips=; details=; offer=
691,bdbea5a3-e7e6-4a96-9da7-6c5b3878df4e,lxx_ai,ted.com,https://ted.com/,92,5214569,General,unknown,65,lxx_link=https://ted.com/; lxx_link_type=Nofollow; lxx_paid=false; manual_hold=false; language=English; update_date=2025-09-23T00:00:00+00:00; tips=; details=; offer=
692,58259780-a5d9-467a-af6b-32f76cae20de,lxx_ai,theverge.com,https://www.theverge.com/,92,17037807,Technology,unknown,65,lxx_link=https://www.theverge.com/; lxx_link_type=Nofollow; lxx_paid=false; manual_hold=false; language=English; update_date=2025-09-23T00:00:00+00:00; tips=; details=; offer=
693,b7f441c3-d091-4020-aff3-52c9dab1f44f,lxx_ai,about.me,https://about.me/,91,1862644,Social,unknown,65,lxx_link=https://about.me/; lxx_link_type=Nofollow; lxx_paid=false; manual_hold=false; language=English; update_date=2025-09-23T00:00:00+00:00; tips=; details=; offer=
694,ffb6fba5-e250-465f-a558-c1aee7eee4ff,lxx_ai,academia.edu,https://academia.edu/,91,27661597,Education,unknown,65,lxx_link=https://academia.edu/; lxx_link_type=Nofollow; lxx_paid=false; manual_hold=false; language=English; update_date=2025-09-23T00:00:00+00:00; tips=; details=; offer=
695,f1bb8056-4cf7-4fb1-aba3-99f2cfb57471,lxx_ai,buzzsprout.com,https://buzzsprout.com/,91,2463876,Podcast,unknown,65,lxx_link=https://buzzsprout.com/; lxx_link_type=Nofollow; lxx_paid=false; manual_hold=false; language=English; update_date=2025-09-23T00:00:00+00:00; tips=; details=; offer=
696,26ac4706-cf96-478b-9acc-ad8cc79398d0,lxx_ai,change.org,https://change.org/,91,29925449,General,unknown,65,lxx_link=https://change.org/; lxx_link_type=Nofollow; lxx_paid=false; manual_hold=false; language=German; update_date=2025-09-23T00:00:00+00:00; tips=; details=; offer=
697,cc4b4d84-d23b-4bd7-8b6e-e5302d25f6ef,lxx_ai,codepen.io,https://codepen.io/,91,4981589,Developers,unknown,65,lxx_link=https://codepen.io/; lxx_link_type=Nofollow; lxx_paid=false; manual_hold=false; language=English; update_date=2025-09-23T00:00:00+00:00; tips=; details=; offer=
698,3d93bf30-72d8-49b3-ac29-53b4af8ad52b,lxx_ai,coursera.org,https://coursera.org/,91,48839838,Education,unknown,65,lxx_link=https://coursera.org/; lxx_link_type=Nofollow; lxx_paid=false; manual_hold=false; language=English; update_date=2025-09-23T00:00:00+00:00; tips=; details=; offer=
699,5720d27f-f8b6-4065-8917-a16fd44d07db,lxx_ai,crunchbase.com,https://www.crunchbase.com/,91,4549443,General,unknown,65,lxx_link=https://www.crunchbase.com/; lxx_link_type=Nofollow; lxx_paid=false; manual_hold=false; language=English; update_date=2025-09-23T00:00:00+00:00; tips=; details=; offer=
700,064a4052-a72e-423c-bd90-020f0dd8f0b9,lxx_ai,dailymotion.com,https://dailymotion.com/,91,229035575,Social,unknown,65,lxx_link=https://dailymotion.com/; lxx_link_type=Nofollow; lxx_paid=false; manual_hold=false; language=English; update_date=2025-09-23T00:00:00+00:00; tips=; details=; offer=
701,1c6a0ac5-ff39-49c7-92eb-20da7df55c6b,lxx_ai,foursquare.com,https://foursquare.com/,91,2175341,General,unknown,65,lxx_link=https://foursquare.com/; lxx_link_type=Nofollow; lxx_paid=false; manual_hold=false; language=English; update_date=2025-09-23T00:00:00+00:00; tips=; details=; offer=
702,d1f08fe7-0e50-4a76-bbc7-21e763d48660,lxx_ai,gumroad.com,https://gumroad.com/,91,16296805,General,unknown,65,lxx_link=https://gumroad.com/; lxx_link_type=Nofollow; lxx_paid=false; manual_hold=false; language=English; update_date=2025-09-23T00:00:00+00:00; tips=; details=; offer=
703,1707e3fb-d1c7-4c92-b0f2-66a052402b90,lxx_ai,hub.docker.com,https://hub.docker.com/,91,4381158,General,unknown,65,lxx_link=https://hub.docker.com/; lxx_link_type=Nofollow; lxx_paid=false; manual_hold=false; language=English; update_date=2025-09-23T00:00:00+00:00; tips=; details=; offer=
704,6bdbd514-e462-4ab5-8881-2f1dba3238b8,lxx_ai,ko-fi.com,https://ko-fi.com/,91,12292935,General,unknown,65,lxx_link=https://ko-fi.com/; lxx_link_type=Nofollow; lxx_paid=false; manual_hold=false; language=English; update_date=2025-09-23T00:00:00+00:00; tips=; details=; offer=
705,45029d1d-f3f2-46cb-8c02-5dd2bf5261f6,lxx_ai,marketplace.visualstudio.com,https://marketplace.visualstudio.com/,91,3570689,Developers,unknown,65,lxx_link=https://marketplace.visualstudio.com/; lxx_link_type=Nofollow; lxx_paid=false; manual_hold=false; language=English; update_date=2025-09-23T00:00:00+00:00; tips=; details=; offer=
706,1a9d6d56-78af-4e19-aa17-7ea59f621b9a,lxx_ai,mixcloud.com,https://mixcloud.com/,91,4304389,Social,unknown,65,lxx_link=https://mixcloud.com/; lxx_link_type=Nofollow; lxx_paid=false; manual_hold=false; language=Catalan; update_date=2025-09-23T00:00:00+00:00; tips=; details=; offer=
707,251e9e65-0299-43c5-8613-1d6126b700df,lxx_ai,orcid.org,https://orcid.org/,91,9553526,General,unknown,65,lxx_link=https://orcid.org/; lxx_link_type=Nofollow; lxx_paid=false; manual_hold=false; language=English; update_date=2025-09-23T00:00:00+00:00; tips=; details=; offer=
708,5b1020a5-cd9c-4a5a-a9bc-f7cbe4af5afa,lxx_ai,pagesjaunes.fr,https://www.pagesjaunes.fr/,91,18925913,General,unknown,65,lxx_link=https://www.pagesjaunes.fr/; lxx_link_type=Nofollow; lxx_paid=false; manual_hold=false; language=English; update_date=2025-09-23T00:00:00+00:00; tips=; details=; offer=
709,11e2779a-4a2c-430d-9695-d54a16600f0b,lxx_ai,podbean.com,https://podbean.com/,91,2849365,Podcast,unknown,65,lxx_link=https://podbean.com/; lxx_link_type=Nofollow; lxx_paid=false; manual_hold=false; language=English; update_date=2025-09-23T00:00:00+00:00; tips=; details=; offer=
710,91c6aa76-4c90-412a-9079-34a410d40f5a,lxx_ai,qualtrics.com,https://qualtrics.com/,91,78863158,General,unknown,65,lxx_link=https://qualtrics.com/; lxx_link_type=Nofollow; lxx_paid=false; manual_hold=false; language=English; update_date=2025-09-23T00:00:00+00:00; tips=; details=; offer=
711,afc2a537-0fa6-4d84-b387-548265e3b21e,lxx_ai,yandex.com,https://yandex.com/,91,185406312,Search Engine,unknown,65,lxx_link=https://yandex.com/; lxx_link_type=Nofollow; lxx_paid=false; manual_hold=false; language=English; update_date=2025-09-23T00:00:00+00:00; tips=; details=; offer=
712,f634302d-bff5-460a-a2f1-3018d78a390b,lxx_ai,yell.com,https://yell.com/,91,2075331,General,unknown,65,lxx_link=https://yell.com/; lxx_link_type=Nofollow; lxx_paid=false; manual_hold=false; language=English; update_date=2025-09-23T00:00:00+00:00; tips=; details=; offer=
713,dfd71edb-1798-4ff5-b315-f88b2ba29bd8,lxx_ai,alexa.com,https://alexa.com/,90,17253,General,unknown,65,lxx_link=https://alexa.com/; lxx_link_type=Nofollow; lxx_paid=false; manual_hold=false; language=English; update_date=2025-09-23T00:00:00+00:00; tips=; details=; offer=
714,28e33eaa-a1b4-48e5-a44e-2e940f31cddc,lxx_ai,answers.unity.com,https://answers.unity.com/index.html,90,532550,Information,unknown,65,lxx_link=https://answers.unity.com/index.html; lxx_link_type=Nofollow; lxx_paid=false; manual_hold=false; language=English; update_date=2025-09-23T00:00:00+00:00; tips=; details=; offer=
715,06f49b0a-28a0-443e-9893-042f2def19be,lxx_ai,discogs.com,https://discogs.com/,90,40686723,General,unknown,65,lxx_link=https://discogs.com/; lxx_link_type=Nofollow; lxx_paid=false; manual_hold=false; language=English; update_date=2025-09-23T00:00:00+00:00; tips=; details=; offer=
716,5772af03-db92-470f-b13a-a21f13c32474,lxx_ai,forums.botanicalgarden.ubc.ca,https://forums.botanicalgarden.ubc.ca/,90,0,Gardening,unknown,65,lxx_link=https://forums.botanicalgarden.ubc.ca/; lxx_link_type=Nofollow; lxx_paid=false; manual_hold=false; language=English; update_date=2025-09-23T00:00:00+00:00; tips=; details=; offer=
717,bc470be5-7795-45e8-955f-e3945ec4abf7,lxx_ai,indiegogo.com,https://www.indiegogo.com/,90,2706355,General,unknown,65,lxx_link=https://www.indiegogo.com/; lxx_link_type=Nofollow; lxx_paid=false; manual_hold=false; language=English; update_date=2025-09-23T00:00:00+00:00; tips=; details=; offer=
718,f7e7c398-0921-4c61-8716-b21c849569e7,lxx_ai,paginegialle.it,https://www.paginegialle.it/,90,6771549,General,unknown,65,lxx_link=https://www.paginegialle.it/; lxx_link_type=Nofollow; lxx_paid=false; manual_hold=false; language=Italian; update_date=2025-09-23T00:00:00+00:00; tips=; details=; offer=
719,58177ce0-c431-4ca3-bdb8-5615a7e1b832,lxx_ai,patch.com,https://patch.com/,90,24192717,General,unknown,65,lxx_link=https://patch.com/; lxx_link_type=Nofollow; lxx_paid=false; manual_hold=false; language=English; update_date=2025-09-23T00:00:00+00:00; tips=; details=; offer=
720,9ca53695-7d9c-47c6-969f-58fdfd56cf7b,lxx_ai,prweb.com,https://www.prweb.com/,90,352461,General,unknown,65,lxx_link=https://www.prweb.com/; lxx_link_type=Nofollow; lxx_paid=false; manual_hold=false; language=English; update_date=2025-09-23T00:00:00+00:00; tips=; details=; offer=
721,09af5b41-f0fe-4482-83de-54f1bdcf796a,lxx_ai,readthedocs.org,https://readthedocs.org/,90,299348,General,unknown,65,lxx_link=https://readthedocs.org/; lxx_link_type=Nofollow; lxx_paid=false; manual_hold=false; language=English; update_date=2025-09-23T00:00:00+00:00; tips=; details=; offer=
722,e37dd3a0-96f9-48ee-8181-6310d26cbfc5,lxx_ai,spreaker.com,https://spreaker.com/,90,2033910,Podcast,unknown,65,lxx_link=https://spreaker.com/; lxx_link_type=Nofollow; lxx_paid=false; manual_hold=false; language=English; update_date=2025-09-23T00:00:00+00:00; tips=; details=; offer=
723,cdefa57a-c75d-4b47-8a81-e7dabde8a7fa,lxx_ai,yellowpages.com,https://www.yellowpages.com/,90,4828327,General,unknown,65,lxx_link=https://www.yellowpages.com/; lxx_link_type=Nofollow; lxx_paid=false; manual_hold=false; language=English; update_date=2025-09-23T00:00:00+00:00; tips=; details=; offer=
724,7c320ce5-8fa8-4200-8f89-c0cb1776c626,lxx_ai,wpforo.com,https://wpforo.com/community/,89,41209,General,profile,65,lxx_link=https://wpforo.com/community/; lxx_link_type=Nofollow; lxx_paid=false; manual_hold=false; language=English; update_date=2025-09-23T00:00:00+00:00; tips=; details=; offer=
725,57aac9d8-efbf-4340-b9f8-2bed6243e536,lxx_ai,community.windy.com,https://community.windy.com/,85,1474224,General,profile,65,lxx_link=https://community.windy.com/; lxx_link_type=Nofollow; lxx_paid=false; manual_hold=false; language=English; update_date=2025-09-23T00:00:00+00:00; tips=; details=; offer=
726,2df63be4-ba3f-41e5-9df8-a9425abc041a,lxx_ai,techspot.com,https://techspot.com/community/,82,3337699,Information,profile,65,lxx_link=https://techspot.com/community/; lxx_link_type=Nofollow; lxx_paid=false; manual_hold=false; language=English; update_date=2025-09-23T00:00:00+00:00; tips=; details=; offer=
727,efc6dca6-29fa-4ba0-829b-16562286f12e,lxx_ai,axigen.com,https://axigen.com/community/,81,47161,Developers,profile,65,lxx_link=https://axigen.com/community/; lxx_link_type=Nofollow; lxx_paid=false; manual_hold=false; language=English; update_date=2025-09-23T00:00:00+00:00; tips=; details=; offer=
728,fca6b260-1115-4fe8-98c9-813f733bb0a4,lxx_ai,fotocommunity.de,https://fotocommunity.de/,81,1123998,Photography,profile,65,lxx_link=https://fotocommunity.de/; lxx_link_type=Nofollow; lxx_paid=false; manual_hold=false; language=German; update_date=2025-09-23T00:00:00+00:00; tips=; details=; offer=
729,39759b21-14ab-4436-a7f8-f8f87ed4a856,lxx_ai,community.tubebuddy.com,https://community.tubebuddy.com/index.php,80,31438,General,profile,65,lxx_link=https://community.tubebuddy.com/index.php; lxx_link_type=Nofollow; lxx_paid=false; manual_hold=false; language=English; update_date=2025-09-23T00:00:00+00:00; tips=; details=; offer=
730,bfc21c3f-b16a-4776-9d92-d85869fbe818,lxx_ai,community.victronenergy.com,https://community.victronenergy.com/,79,342448,General,profile,65,lxx_link=https://community.victronenergy.com/; lxx_link_type=Nofollow; lxx_paid=false; manual_hold=false; language=English; update_date=2025-09-23T00:00:00+00:00; tips=; details=; offer=
731,f21be378-77f4-4b77-8425-527c81148e66,lxx_ai,community.endnote.com,https://community.endnote.com/,78,84465,Books,profile,65,lxx_link=https://community.endnote.com/; lxx_link_type=Nofollow; lxx_paid=false; manual_hold=false; language=English; update_date=2025-09-23T00:00:00+00:00; tips=; details=; offer=
732,ea89c0fb-9411-4f8f-afb0-233ce592dca6,lxx_ai,whmcs.community,https://whmcs.community/,72,86989,Developers,profile,65,lxx_link=https://whmcs.community/; lxx_link_type=Nofollow; lxx_paid=false; manual_hold=false; language=English; update_date=2025-09-23T00:00:00+00:00; tips=; details=; offer=
733,035d79f0-8333-49d6-a6d3-b7b6f47a22cc,lxx_ai,community.ptcb.org,https://community.ptcb.org/,70,0,Medicine,profile,65,lxx_link=https://community.ptcb.org/; lxx_link_type=Nofollow; lxx_paid=false; manual_hold=false; language=English; update_date=2025-09-23T00:00:00+00:00; tips=; details=; offer=
734,daf2ac9e-ab68-41e3-a702-e68d341719f1,lxx_ai,aprelium.com,https://aprelium.com/,69,5446,Hosting,unknown,65,lxx_link=https://aprelium.com/; lxx_link_type=Dofollow; lxx_paid=false; manual_hold=false; language=English; update_date=2025-09-23T00:00:00+00:00; tips=; details=; offer=
735,ba278316-98b2-43f9-b370-4adfa2188749,lxx_ai,diydrones.com,https://diydrones.com/,69,61509,General,unknown,65,lxx_link=https://diydrones.com/; lxx_link_type=Dofollow; lxx_paid=false; manual_hold=false; language=English; update_date=2025-09-23T00:00:00+00:00; tips=; details=; offer=
736,f0002c83-6716-41e9-949b-7d643f1fb532,lxx_ai,forum.ct8.pl,https://forum.ct8.pl/,69,140,Hosting,unknown,65,lxx_link=https://forum.ct8.pl/; lxx_link_type=Dofollow; lxx_paid=false; manual_hold=false; language=Polish; update_date=2025-09-23T00:00:00+00:00; tips=; details=; offer=
737,702f1432-ebed-4ca0-83f0-d726bbe7cb7d,lxx_ai,forum.jbonamassa.com,https://forum.jbonamassa.com/,69,8232,Music,unknown,65,lxx_link=https://forum.jbonamassa.com/; lxx_link_type=Dofollow; lxx_paid=false; manual_hold=false; language=English; update_date=2025-09-23T00:00:00+00:00; tips=; details=; offer=
738,655b1b26-a708-4390-8c88-0554c1b2f833,lxx_ai,forum.vpngate.net,https://forum.vpngate.net/,69,21960,General,unknown,65,lxx_link=https://forum.vpngate.net/; lxx_link_type=Dofollow; lxx_paid=false; manual_hold=false; language=English; update_date=2025-09-23T00:00:00+00:00; tips=; details=; offer=
739,668fba7a-58cf-4244-8a32-dbac21b697c8,lxx_ai,pressfolios.com,https://pressfolios.com/,69,9370,General,unknown,65,lxx_link=https://pressfolios.com/; lxx_link_type=Dofollow; lxx_paid=false; manual_hold=false; language=English; update_date=2025-09-23T00:00:00+00:00; tips=; details=; offer=
740,f91dd0d4-26e3-47dd-91d9-3df3b5c816ef,lxx_ai,40billion.com,https://40billion.com/,68,15912,Social,unknown,65,lxx_link=https://40billion.com/; lxx_link_type=Dofollow; lxx_paid=false; manual_hold=false; language=English; update_date=2025-09-23T00:00:00+00:00; tips=; details=; offer=
741,87dedaaa-488e-4540-a6dc-5f22fb1e5380,lxx_ai,careercup.com,https://careercup.com/,68,536,General,unknown,65,lxx_link=https://careercup.com/; lxx_link_type=Dofollow; lxx_paid=false; manual_hold=false; language=English; update_date=2025-09-23T00:00:00+00:00; tips=; details=; offer=
742,992ca9c6-57b3-4593-bade-da470ea4212c,lxx_ai,daniweb.com,https://daniweb.com/,68,108907,Developers,unknown,65,lxx_link=https://daniweb.com/; lxx_link_type=Dofollow; lxx_paid=false; manual_hold=false; language=English; update_date=2025-09-23T00:00:00+00:00; tips=; details=; offer=
743,f8b860a8-41bd-4e25-9c03-52b6b9f6dd7a,lxx_ai,findery.com,https://findery.com/,68,0,travel,unknown,65,lxx_link=https://findery.com/; lxx_link_type=Dofollow; lxx_paid=false; manual_hold=false; language=English; update_date=2025-09-23T00:00:00+00:00; tips=; details=; offer=
744,3c75fba5-e8d5-4b8c-84be-01ef26a89f60,lxx_ai,funadvice.com,https://funadvice.com/,68,40552,General,unknown,65,lxx_link=https://funadvice.com/; lxx_link_type=Dofollow; lxx_paid=false; manual_hold=false; language=English; update_date=2025-09-23T00:00:00+00:00; tips=; details=; offer=
745,bfa426fc-7cc9-42ef-86d6-dd646694dffb,lxx_ai,hmailserver.com,https://hmailserver.com/forum/,68,84572,Developers,unknown,65,lxx_link=https://hmailserver.com/forum/; lxx_link_type=Dofollow; lxx_paid=false; manual_hold=false; language=English; update_date=2025-09-23T00:00:00+00:00; tips=; details=; offer=
746,294e7d2f-16b2-4e0b-bfe7-349471d6bd03,lxx_ai,huzzaz.com,https://huzzaz.com/,68,33254,General,unknown,65,lxx_link=https://huzzaz.com/; lxx_link_type=Dofollow; lxx_paid=false; manual_hold=false; language=English; update_date=2025-09-23T00:00:00+00:00; tips=; details=; offer=
747,c7aaf51b-a6dc-4f6b-aa9c-eca6a8181154,lxx_ai,launchora.com,https://www.launchora.com/,68,142,General,unknown,65,lxx_link=https://www.launchora.com/; lxx_link_type=Dofollow; lxx_paid=false; manual_hold=false; language=English; update_date=2025-09-23T00:00:00+00:00; tips=; details=; offer=
748,aba713b5-690c-4cbb-b72f-a296b13e7393,lxx_ai,linqto.me,https://linqto.me/,68,18837,General,unknown,65,lxx_link=https://linqto.me/; lxx_link_type=Dofollow; lxx_paid=false; manual_hold=false; language=English; update_date=2025-09-23T00:00:00+00:00; tips=; details=; offer=
749,3b457aab-71c1-449f-af04-a1c0fa3c7b3d,lxx_ai,makeprojects.com,https://makeprojects.com/,68,19066,General,unknown,65,lxx_link=https://makeprojects.com/; lxx_link_type=Dofollow; lxx_paid=false; manual_hold=false; language=Croatian; update_date=2025-09-23T00:00:00+00:00; tips=; details=; offer=
750,7dc818f7-e1c2-4dee-bd08-876f1a707b53,lxx_ai,mru.org,https://mru.org/,68,251492,General,unknown,65,lxx_link=https://mru.org/; lxx_link_type=Dofollow; lxx_paid=false; manual_hold=false; language=English; update_date=2025-09-23T00:00:00+00:00; tips=; details=; offer=
751,b198ea99-b4fd-40d1-9c2c-a6b76ba060a9,lxx_ai,rpgmaker.net,https://rpgmaker.net/,68,15015,Gaming,unknown,65,lxx_link=https://rpgmaker.net/; lxx_link_type=Dofollow; lxx_paid=false; manual_hold=false; language=English; update_date=2025-09-23T00:00:00+00:00; tips=; details=; offer=
752,7796ee23-ebce-47c9-906b-ee85c429a134,lxx_ai,socialbookmarkssite.com,https://socialbookmarkssite.com/,68,47377,General,unknown,65,lxx_link=https://socialbookmarkssite.com/; lxx_link_type=Dofollow; lxx_paid=false; manual_hold=false; language=English; update_date=2025-09-23T00:00:00+00:00; tips=; details=; offer=
753,143b76a7-492d-4939-83db-97c1e1dbad2d,lxx_ai,anibookmark.com,https://www.anibookmark.com/,67,64333,General,unknown,65,lxx_link=https://www.anibookmark.com/; lxx_link_type=Dofollow; lxx_paid=false; manual_hold=false; language=English; update_date=2025-09-23T00:00:00+00:00; tips=; details=; offer=
754,c6f1a69b-ca16-4041-8ad9-6c34c0ed2a1d,lxx_ai,dreevoo.com,https://dreevoo.com/,67,8529,General,unknown,65,lxx_link=https://dreevoo.com/; lxx_link_type=Dofollow; lxx_paid=false; manual_hold=false; language=English; update_date=2025-09-23T00:00:00+00:00; tips=; details=; offer=
755,603228fa-429e-4bd7-aaa9-8351bc47c43d,lxx_ai,feedsfloor.com,https://www.feedsfloor.com/,67,14792,General,unknown,65,lxx_link=https://www.feedsfloor.com/; lxx_link_type=Dofollow; lxx_paid=false; manual_hold=false; language=English; update_date=2025-09-23T00:00:00+00:00; tips=; details=; offer=
756,69104da4-cfdb-4dc6-8e16-f6977b9a9c95,lxx_ai,ownedcore.com,https://ownedcore.com/forums/,67,620839,Gaming,unknown,65,lxx_link=https://ownedcore.com/forums/; lxx_link_type=Dofollow; lxx_paid=false; manual_hold=false; language=English; update_date=2025-09-23T00:00:00+00:00; tips=; details=; offer=
757,f5fbcebc-59e1-46b0-8218-0566a7ae0f77,lxx_ai,pages10.com,https://pages10.com/,67,34195,General,unknown,65,lxx_link=https://pages10.com/; lxx_link_type=Dofollow; lxx_paid=false; manual_hold=false; language=English; update_date=2025-09-23T00:00:00+00:00; tips=; details=; offer=
758,585664e4-0b6c-4e77-803d-b42f16b7e091,lxx_ai,qowap.com,https://qowap.com/,67,900,General,unknown,65,lxx_link=https://qowap.com/; lxx_link_type=Dofollow; lxx_paid=false; manual_hold=false; language=English; update_date=2025-09-23T00:00:00+00:00; tips=; details=; offer=
759,53cda06d-d3bc-458a-b1f9-382ce8d55ed9,lxx_ai,smartguy.com,https://smartguy.com/,67,1203,Business,unknown,65,lxx_link=https://smartguy.com/; lxx_link_type=Dofollow; lxx_paid=false; manual_hold=false; language=English; update_date=2025-09-23T00:00:00+00:00; tips=; details=; offer=
760,dc79857f-7a48-475c-b106-583034a59de0,lxx_ai,smogon.com,https://smogon.com/forums/,67,4893546,gaming,unknown,65,lxx_link=https://smogon.com/forums/; lxx_link_type=Dofollow; lxx_paid=false; manual_hold=false; language=English; update_date=2025-09-23T00:00:00+00:00; tips=; details=; offer=
761,2c5c21a3-5420-4f37-9680-8b92a2ddf666,lxx_ai,techsite.io,https://www.techsite.io/,67,0,Technology,unknown,65,lxx_link=https://www.techsite.io/; lxx_link_type=Dofollow; lxx_paid=false; manual_hold=false; language=English; update_date=2025-09-23T00:00:00+00:00; tips=; details=; offer=
762,dc7b3174-c46a-41d3-a56f-683955220927,lxx_ai,ux.nu,https://ux.nu/,67,5207,General,unknown,65,lxx_link=https://ux.nu/; lxx_link_type=Dofollow; lxx_paid=false; manual_hold=false; language=English; update_date=2025-09-23T00:00:00+00:00; tips=; details=; offer=
763,3c4a59de-70dc-408c-b638-12ef11b6db11,lxx_ai,airplane-pictures.net,https://airplane-pictures.net/,66,191213,Aviation,unknown,65,lxx_link=https://airplane-pictures.net/; lxx_link_type=Dofollow; lxx_paid=false; manual_hold=false; language=English; update_date=2025-09-23T00:00:00+00:00; tips=; details=; offer=
764,2ec0c74b-c227-4ecb-a83d-c84a7d1702a5,lxx_ai,articleted.com,https://www.articleted.com/,66,60808,General,unknown,65,lxx_link=https://www.articleted.com/; lxx_link_type=Dofollow; lxx_paid=false; manual_hold=false; language=English; update_date=2025-09-23T00:00:00+00:00; tips=; details=; offer=
765,13dc121a-6b22-4020-b72f-460653ec5310,lxx_ai,diowebhost.com,https://diowebhost.com/,66,4416,General,unknown,65,lxx_link=https://diowebhost.com/; lxx_link_type=Dofollow; lxx_paid=false; manual_hold=false; language=English; update_date=2025-09-23T00:00:00+00:00; tips=; details=; offer=
766,a9751848-c5a6-418d-8dc8-5bf0ec438ac1,lxx_ai,fitnell.com,https://fitnell.com/,66,0,General,unknown,65,lxx_link=https://fitnell.com/; lxx_link_type=Dofollow; lxx_paid=false; manual_hold=false; language=English; update_date=2025-09-23T00:00:00+00:00; tips=; details=; offer=
767,bb906bd0-3cfd-4ee1-b433-d155466732e8,lxx_ai,forums.tripwireinteractive.com,https://forums.tripwireinteractive.com/,66,214490,General,unknown,65,lxx_link=https://forums.tripwireinteractive.com/; lxx_link_type=Dofollow; lxx_paid=false; manual_hold=false; language=English; update_date=2025-09-23T00:00:00+00:00; tips=; details=; offer=
768,2fd8d26d-241e-4e3f-81c0-a38326b58f9e,lxx_ai,fredmiranda.com,https://fredmiranda.com/forum/index.php,66,732127,Photography,unknown,65,lxx_link=https://fredmiranda.com/forum/index.php; lxx_link_type=Dofollow; lxx_paid=false; manual_hold=false; language=English; update_date=2025-09-23T00:00:00+00:00; tips=; details=; offer=
769,ff12f9d4-d90e-45c6-9563-6caf4a938652,lxx_ai,jovoto.com,https://jovoto.com/,66,0,Design,unknown,65,lxx_link=https://jovoto.com/; lxx_link_type=Dofollow; lxx_paid=false; manual_hold=false; language=Indonesian; update_date=2025-09-23T00:00:00+00:00; tips=; details=; offer=
770,a2b25c3d-96cd-4496-9e56-f3d0ef012d7a,lxx_ai,maxforlive.com,https://maxforlive.com/,66,298158,Music,unknown,65,lxx_link=https://maxforlive.com/; lxx_link_type=Dofollow; lxx_paid=false; manual_hold=false; language=English; update_date=2025-09-23T00:00:00+00:00; tips=; details=; offer=
771,0be4bd55-ef45-410c-8e83-7d066707af2d,lxx_ai,nextbizthing.com,https://nextbizthing.com/,66,11718,General,unknown,65,lxx_link=https://nextbizthing.com/; lxx_link_type=Dofollow; lxx_paid=false; manual_hold=false; language=English; update_date=2025-09-23T00:00:00+00:00; tips=; details=; offer=
772,630713a4-47d9-4cf6-bbb1-83319195da68,lxx_ai,shorl.com,https://shorl.com/,66,2689,General,unknown,65,lxx_link=https://shorl.com/; lxx_link_type=Dofollow; lxx_paid=false; manual_hold=false; language=English; update_date=2025-09-23T00:00:00+00:00; tips=; details=; offer=
773,73a1e9b9-cdae-40d5-9a1a-9e5932a42155,lxx_ai,sitey.com,https://sitey.com/,66,0,General,unknown,65,lxx_link=https://sitey.com/; lxx_link_type=Dofollow; lxx_paid=false; manual_hold=false; language=English; update_date=2025-09-23T00:00:00+00:00; tips=; details=; offer=
774,6fa0cd09-7c86-4a2e-93ac-0905a39d2ef4,lxx_ai,soundation.com,https://soundation.com/,66,386096,Music,unknown,65,lxx_link=https://soundation.com/; lxx_link_type=Dofollow; lxx_paid=false; manual_hold=false; language=English; update_date=2025-09-23T00:00:00+00:00; tips=; details=; offer=
775,a739d24d-b7d7-40df-905e-134a6db48f43,lxx_ai,3dprintboard.com,https://3dprintboard.com/,65,53371,3D Printing,unknown,65,lxx_link=https://3dprintboard.com/; lxx_link_type=Dofollow; lxx_paid=false; manual_hold=false; language=English; update_date=2025-09-23T00:00:00+00:00; tips=; details=; offer=
776,365895dc-1164-44c5-b4de-304a800f27e4,lxx_ai,cataloxy.com,https://cataloxy.com/,65,7651,General,unknown,65,lxx_link=https://cataloxy.com/; lxx_link_type=Dofollow; lxx_paid=false; manual_hold=false; language=English; update_date=2025-09-23T00:00:00+00:00; tips=; details=; offer=
777,e1281925-bdca-4db0-834d-dd282ae7e639,lxx_ai,droidforums.net,https://droidforums.net/,65,33454,Cell Phone,unknown,65,lxx_link=https://droidforums.net/; lxx_link_type=Dofollow; lxx_paid=false; manual_hold=false; language=English; update_date=2025-09-23T00:00:00+00:00; tips=; details=; offer=
778,0b3f4db5-e3c7-411a-9f14-a0566ec200b6,lxx_ai,forum.projectcarsgame.com,https://forum.projectcarsgame.com/forum.php,65,1267,Gaming,unknown,65,lxx_link=https://forum.projectcarsgame.com/forum.php; lxx_link_type=Dofollow; lxx_paid=false; manual_hold=false; language=English; update_date=2025-09-23T00:00:00+00:00; tips=; details=; offer=
779,182483a7-f6c1-4fc0-83d7-787a3a4101e2,lxx_ai,full-design.com,https://full-design.com/,65,2388,General,unknown,65,lxx_link=https://full-design.com/; lxx_link_type=Dofollow; lxx_paid=false; manual_hold=false; language=English; update_date=2025-09-23T00:00:00+00:00; tips=; details=; offer=
780,1d0d6426-0e2f-45ed-acf2-917cf5b0535f,lxx_ai,jobs.windomnews.com,https://jobs.windomnews.com/,65,4153,General,unknown,65,lxx_link=https://jobs.windomnews.com/; lxx_link_type=Dofollow; lxx_paid=false; manual_hold=false; language=English; update_date=2025-09-23T00:00:00+00:00; tips=; details=; offer=
781,ceb97bfe-42e0-40c7-8665-915b3b21a961,lxx_ai,scalemates.com,https://scalemates.com/,65,1324685,General,unknown,65,lxx_link=https://scalemates.com/; lxx_link_type=Dofollow; lxx_paid=false; manual_hold=false; language=English; update_date=2025-09-23T00:00:00+00:00; tips=; details=; offer=
782,724a19c1-53e7-49a4-939c-1f4ea5938e8a,lxx_ai,twinoid.com,https://twinoid.com/,65,0,Gaming,unknown,65,lxx_link=https://twinoid.com/; lxx_link_type=Dofollow; lxx_paid=false; manual_hold=false; language=French; update_date=2025-09-23T00:00:00+00:00; tips=; details=; offer=
783,910dde55-17be-4f8a-a872-46444d831add,lxx_ai,adventuregamers.com,https://adventuregamers.com/forums/,64,825338,gaming,unknown,65,lxx_link=https://adventuregamers.com/forums/; lxx_link_type=Dofollow; lxx_paid=false; manual_hold=false; language=English; update_date=2025-09-23T00:00:00+00:00; tips=; details=; offer=
784,be500e62-7ff3-4ab0-8ad6-d450296d55a4,lxx_ai,fxstat.com,https://fxstat.com/,64,2988,General,unknown,65,lxx_link=https://fxstat.com/; lxx_link_type=Dofollow; lxx_paid=false; manual_hold=false; language=English; update_date=2025-09-23T00:00:00+00:00; tips=; details=; offer=
785,a1201941-7d2f-4dc9-abff-8811c289ffed,lxx_ai,jobs.iia.org.uk,https://jobs.iia.org.uk/,64,0,Business,unknown,65,lxx_link=https://jobs.iia.org.uk/; lxx_link_type=Dofollow; lxx_paid=false; manual_hold=false; language=English; update_date=2025-09-23T00:00:00+00:00; tips=; details=; offer=
786,59aac894-cfb0-4247-891b-68d4d0545fa9,lxx_ai,joemonster.org,https://joemonster.org/,64,7627242,General,unknown,65,lxx_link=https://joemonster.org/; lxx_link_type=Dofollow; lxx_paid=false; manual_hold=false; language=English; update_date=2025-09-23T00:00:00+00:00; tips=; details=; offer=
787,22bcdbbc-943c-45d6-8eb0-c4deabb212ba,lxx_ai,remotecentral.com,https://remotecentral.com/,64,7754,General,unknown,65,lxx_link=https://remotecentral.com/; lxx_link_type=Dofollow; lxx_paid=false; manual_hold=false; language=English; update_date=2025-09-23T00:00:00+00:00; tips=; details=; offer=
788,ee2cba09-2b62-44dc-8754-1414007edaeb,lxx_ai,video.antopie.org,https://video.antopie.org/,64,71383,General,unknown,65,lxx_link=https://video.antopie.org/; lxx_link_type=Dofollow; lxx_paid=false; manual_hold=false; language=English; update_date=2025-09-23T00:00:00+00:00; tips=; details=; offer=
789,8c6ebe31-aca6-4026-af14-fe3691414387,lxx_ai,3dflow.net,https://www.3dflow.net/,63,61424,General,unknown,65,lxx_link=https://www.3dflow.net/; lxx_link_type=Dofollow; lxx_paid=false; manual_hold=false; language=English; update_date=2025-09-23T00:00:00+00:00; tips=; details=; offer=
790,c5481723-2d9d-40e6-a279-b154a3db1fb2,lxx_ai,bikeforums.net,https://bikeforums.net/,63,1199059,Sports,unknown,65,lxx_link=https://bikeforums.net/; lxx_link_type=Dofollow; lxx_paid=false; manual_hold=false; language=English; update_date=2025-09-23T00:00:00+00:00; tips=; details=; offer=
791,89593a1f-33fc-4c60-972f-5e75b29e6dd5,lxx_ai,forum.velovert.com,https://forum.velovert.com/,63,347640,Sports,unknown,65,lxx_link=https://forum.velovert.com/; lxx_link_type=Dofollow; lxx_paid=false; manual_hold=false; language=French; update_date=2025-09-23T00:00:00+00:00; tips=; details=; offer=
792,aa78a235-e3d1-455f-9ec2-13ad98c3b5a0,lxx_ai,forums.holdemmanager.com,https://forums.holdemmanager.com/,63,11326,gaming,unknown,65,lxx_link=https://forums.holdemmanager.com/; lxx_link_type=Dofollow; lxx_paid=false; manual_hold=false; language=English; update_date=2025-09-23T00:00:00+00:00; tips=; details=; offer=
793,bda75fbf-e896-4e37-9e95-03d9ef218753,lxx_ai,se7ensins.com,https://se7ensins.com/forums/,63,235595,gaming,unknown,65,lxx_link=https://se7ensins.com/forums/; lxx_link_type=Dofollow; lxx_paid=false; manual_hold=false; language=English; update_date=2025-09-23T00:00:00+00:00; tips=; details=; offer=
794,f3b2cdbe-7379-4314-a98e-912916c40835,lxx_ai,slidehtml5.com,https://slidehtml5.com/,63,14426,General,unknown,65,lxx_link=https://slidehtml5.com/; lxx_link_type=Dofollow; lxx_paid=false; manual_hold=false; language=English; update_date=2025-09-23T00:00:00+00:00; tips=; details=; offer=
795,5acd4c8a-7fd9-4663-845c-20ca66ba6a4a,lxx_ai,akonter.com,https://www.akonter.com/,62,13286,General,unknown,65,lxx_link=https://www.akonter.com/; lxx_link_type=Dofollow; lxx_paid=false; manual_hold=false; language=English; update_date=2025-09-23T00:00:00+00:00; tips=; details=; offer=
796,4525e500-e32f-46ff-bae2-1586ae1972b0,lxx_ai,arwebo.com,https://arwebo.com/,62,0,General,unknown,65,lxx_link=https://arwebo.com/; lxx_link_type=Dofollow; lxx_paid=false; manual_hold=false; language=English; update_date=2025-09-23T00:00:00+00:00; tips=; details=; offer=
797,186cf7ed-8224-4a97-afd7-ad79ec60d757,lxx_ai,bthenewgmpguitarforum.runboard.com,https://bthenewgmpguitarforum.runboard.com/,62,0,Music,unknown,65,lxx_link=https://bthenewgmpguitarforum.runboard.com/; lxx_link_type=Dofollow; lxx_paid=false; manual_hold=false; language=English; update_date=2025-09-23T00:00:00+00:00; tips=; details=; offer=
798,40ff12d4-5dfb-4ffd-a2eb-e0a84360b1d5,lxx_ai,electricbikereview.com,https://electricbikereview.com/forums/,62,529127,Sports,unknown,65,lxx_link=https://electricbikereview.com/forums/; lxx_link_type=Dofollow; lxx_paid=false; manual_hold=false; language=English; update_date=2025-09-23T00:00:00+00:00; tips=; details=; offer=
799,631340eb-598c-4e78-88e9-de53108ee784,lxx_ai,everforo.com,https://everforo.com/,62,0,General,unknown,65,lxx_link=https://everforo.com/; lxx_link_type=Dofollow; lxx_paid=false; manual_hold=false; language=English; update_date=2025-09-23T00:00:00+00:00; tips=; details=; offer=
800,e027a3b0-5bc7-473a-9fa2-caa1a855a060,lxx_ai,forum.chatovod.com,https://forum.chatovod.com/,62,32,General,unknown,65,lxx_link=https://forum.chatovod.com/; lxx_link_type=Dofollow; lxx_paid=false; manual_hold=false; language=Bulgarian; update_date=2025-09-23T00:00:00+00:00; tips=; details=; offer=
801,ec196cd2-91db-4747-9494-ab8793fbf133,lxx_ai,forum.digital-digest.com,https://forum.digital-digest.com/,62,756,General,unknown,65,lxx_link=https://forum.digital-digest.com/; lxx_link_type=Dofollow; lxx_paid=false; manual_hold=false; language=English; update_date=2025-09-23T00:00:00+00:00; tips=; details=; offer=
802,b076cd2a-3423-478f-b1e8-0f00d276fa3e,lxx_ai,harmonycentral.com,https://harmonycentral.com/,62,372221,Music,unknown,65,lxx_link=https://harmonycentral.com/; lxx_link_type=Dofollow; lxx_paid=false; manual_hold=false; language=English; update_date=2025-09-23T00:00:00+00:00; tips=; details=; offer=
803,793c2f20-9580-4fa9-9897-580b157f638c,lxx_ai,picsee.co,https://picsee.co/,62,0,General,unknown,65,lxx_link=https://picsee.co/; lxx_link_type=Dofollow; lxx_paid=false; manual_hold=false; language=Korean; update_date=2025-09-23T00:00:00+00:00; tips=; details=; offer=
804,56c4c9d6-37d6-4160-884b-1dd1fb7c5b6f,lxx_ai,posteezy.com,https://posteezy.com/,62,725122,General,unknown,65,lxx_link=https://posteezy.com/; lxx_link_type=Dofollow; lxx_paid=false; manual_hold=false; language=English; update_date=2025-09-23T00:00:00+00:00; tips=; details=; offer=
805,0ed0f269-8ead-46d6-b073-332dda23eb45,lxx_ai,yoomark.com,https://yoomark.com/,62,24820,General,unknown,65,lxx_link=https://yoomark.com/; lxx_link_type=Dofollow; lxx_paid=false; manual_hold=false; language=English; update_date=2025-09-23T00:00:00+00:00; tips=; details=; offer=
806,5dc3a2a0-3caf-46b2-a402-562f189431e7,lxx_ai,cmsimpleforum.com,https://cmsimpleforum.com/index.php,61,254274,Developers,unknown,65,lxx_link=https://cmsimpleforum.com/index.php; lxx_link_type=Dofollow; lxx_paid=false; manual_hold=false; language=English; update_date=2025-09-23T00:00:00+00:00; tips=; details=; offer=
807,70f41be7-8912-49c8-8d03-37f7fcca553f,lxx_ai,forum-feminin.xooit.org,https://forum-feminin.xooit.org/index.php,61,0,General,unknown,65,lxx_link=https://forum-feminin.xooit.org/index.php; lxx_link_type=Dofollow; lxx_paid=false; manual_hold=false; language=English; update_date=2025-09-23T00:00:00+00:00; tips=; details=; offer=
808,5eaa3f64-0f09-4b91-9081-691975923022,lxx_ai,forums.operationsports.com,https://forums.operationsports.com/forums/,61,666166,gaming,unknown,65,lxx_link=https://forums.operationsports.com/forums/; lxx_link_type=Dofollow; lxx_paid=false; manual_hold=false; language=English; update_date=2025-09-23T00:00:00+00:00; tips=; details=; offer=
809,2092960b-30b6-44db-97fa-f696f4315f9a,lxx_ai,frewwebs.com,https://frewwebs.com/,61,0,General,unknown,65,lxx_link=https://frewwebs.com/; lxx_link_type=Dofollow; lxx_paid=false; manual_hold=false; language=English; update_date=2025-09-23T00:00:00+00:00; tips=; details=; offer=
810,348d3abe-c1d2-495b-8bc8-c959f7142fd7,lxx_ai,goline.it,https://goline.it/,61,0,General,unknown,65,lxx_link=https://goline.it/; lxx_link_type=Dofollow; lxx_paid=false; manual_hold=false; language=Italian; update_date=2025-09-23T00:00:00+00:00; tips=; details=; offer=
811,bbfbecfe-4dc0-4bfe-930e-ed95a77ce756,lxx_ai,gonevis.com,https://gonevis.com/,61,42387,General,unknown,65,lxx_link=https://gonevis.com/; lxx_link_type=Dofollow; lxx_paid=false; manual_hold=false; language=English; update_date=2025-09-23T00:00:00+00:00; tips=; details=; offer=
812,bf88ec63-193e-4e20-bc81-1c65cad4bda7,lxx_ai,icheckmovies.com,https://icheckmovies.com/,61,435181,Entertainment,unknown,65,lxx_link=https://icheckmovies.com/; lxx_link_type=Dofollow; lxx_paid=false; manual_hold=false; language=English; update_date=2025-09-23T00:00:00+00:00; tips=; details=; offer=
813,8b64b385-4b04-4ea7-9686-60eab754251d,lxx_ai,ivasdesign.com,https://ivasdesign.com/,61,0,General,unknown,65,lxx_link=https://ivasdesign.com/; lxx_link_type=Dofollow; lxx_paid=false; manual_hold=false; language=English; update_date=2025-09-23T00:00:00+00:00; tips=; details=; offer=
814,7af0d6fc-d3bd-4bf9-95c8-201813aab87f,lxx_ai,onrpg.com,https://www.onrpg.com/,61,4461,gaming,unknown,65,lxx_link=https://www.onrpg.com/; lxx_link_type=Dofollow; lxx_paid=false; manual_hold=false; language=English; update_date=2025-09-23T00:00:00+00:00; tips=; details=; offer=
815,f061205e-d99d-4ee2-b391-c5c181250496,lxx_ai,pixelation.org,https://pixelation.org/,61,1148,Art,unknown,65,lxx_link=https://pixelation.org/; lxx_link_type=Dofollow; lxx_paid=false; manual_hold=false; language=English; update_date=2025-09-23T00:00:00+00:00; tips=; details=; offer=
816,9f3c577e-22fa-4de3-9dd6-8fb0c41007da,lxx_ai,portalnet.cl,https://www.portalnet.cl,61,2300000,Social Media,media,65,lxx_link=https://www.portalnet.cl; lxx_link_type=Unknown; lxx_paid=false; manual_hold=false; language=Spanish; update_date=2025-05-21T00:00:00+00:00; tips=Reply to a post; details=; offer=
817,c1c22c6d-e93d-45f4-ad4d-bc036af7f2f4,lxx_ai,qr.net,https://qr.net/,61,23561,General,unknown,65,lxx_link=https://qr.net/; lxx_link_type=Dofollow; lxx_paid=false; manual_hold=false; language=English; update_date=2025-09-23T00:00:00+00:00; tips=; details=; offer=
818,6dd27240-5486-4cd4-bfd0-d6441ee67597,lxx_ai,soo.gd,https://soo.gd/,61,0,General,unknown,65,lxx_link=https://soo.gd/; lxx_link_type=Dofollow; lxx_paid=false; manual_hold=false; language=English; update_date=2025-09-23T00:00:00+00:00; tips=; details=; offer=
819,cb87097a-69d8-48f0-b190-a5828e3fe31b,lxx_ai,uchatoo.com,https://uchatoo.com/,61,4782,General,unknown,65,lxx_link=https://uchatoo.com/; lxx_link_type=Dofollow; lxx_paid=false; manual_hold=false; language=English; update_date=2025-09-23T00:00:00+00:00; tips=; details=; offer=
820,66b1b35a-f784-4b47-ae25-3a6763bf2130,lxx_ai,wedistill.io,https://wedistill.io/,61,17219,General,unknown,65,lxx_link=https://wedistill.io/; lxx_link_type=Dofollow; lxx_paid=false; manual_hold=false; language=English; update_date=2025-09-23T00:00:00+00:00; tips=; details=; offer=
821,1966c15e-8a92-4d31-bb0c-bba71218876b,lxx_ai,designi1.com,https://designi1.com/,60,0,General,unknown,65,lxx_link=https://designi1.com/; lxx_link_type=Dofollow; lxx_paid=false; manual_hold=false; language=English; update_date=2025-09-23T00:00:00+00:00; tips=; details=; offer=
822,e44acabb-0222-4af1-9047-f99d6922fe73,lxx_ai,jobs.njota.org,https://jobs.njota.org/,60,496,General,unknown,65,lxx_link=https://jobs.njota.org/; lxx_link_type=Dofollow; lxx_paid=false; manual_hold=false; language=English; update_date=2025-09-23T00:00:00+00:00; tips=; details=; offer=
823,92ce01b2-d61b-4262-87db-7e75f8fb6eed,lxx_ai,talkbass.com,https://talkbass.com/,60,1250686,Music,unknown,65,lxx_link=https://talkbass.com/; lxx_link_type=Dofollow; lxx_paid=false; manual_hold=false; language=English; update_date=2025-09-23T00:00:00+00:00; tips=; details=; offer=
824,374d6f38-4bb6-4e2e-b391-00ab0b68157b,lxx_ai,50042.dynamicboard.de,https://50042.dynamicboard.de/,59,0,General,unknown,65,lxx_link=https://50042.dynamicboard.de/; lxx_link_type=Dofollow; lxx_paid=false; manual_hold=false; language=English; update_date=2025-09-23T00:00:00+00:00; tips=; details=; offer=
825,499ab0c8-44fc-4f4b-b820-228725c0f2d9,lxx_ai,abetterindustrial.com,https://abetterindustrial.com/,59,0,General,unknown,65,lxx_link=https://abetterindustrial.com/; lxx_link_type=Dofollow; lxx_paid=false; manual_hold=false; language=English; update_date=2025-09-23T00:00:00+00:00; tips=; details=; offer=
826,63641ddc-7dc6-4826-a858-450631b082a9,lxx_ai,attractions.ipt.pw,https://attractions.ipt.pw/,59,267,General,unknown,65,lxx_link=https://attractions.ipt.pw/; lxx_link_type=Dofollow; lxx_paid=false; manual_hold=false; language=English; update_date=2025-09-23T00:00:00+00:00; tips=; details=; offer=
827,104615af-fc39-44cf-9731-c40104491257,lxx_ai,data.ipt.pw,https://data.ipt.pw/,59,35,General,unknown,65,lxx_link=https://data.ipt.pw/; lxx_link_type=Dofollow; lxx_paid=false; manual_hold=false; language=English; update_date=2025-09-23T00:00:00+00:00; tips=; details=; offer=
828,30794dde-ee05-4365-8904-dd5c6414ae43,lxx_ai,dirstop.com,https://dirstop.com/,59,23536,General,unknown,65,lxx_link=https://dirstop.com/; lxx_link_type=Dofollow; lxx_paid=false; manual_hold=false; language=English; update_date=2025-09-23T00:00:00+00:00; tips=; details=; offer=
829,99231507-93f2-4912-8f2e-06b2a7722548,lxx_ai,filesharingtalk.com,https://filesharingtalk.com/forum.php,59,27887,General,unknown,65,lxx_link=https://filesharingtalk.com/forum.php; lxx_link_type=Dofollow; lxx_paid=false; manual_hold=false; language=English; update_date=2025-09-23T00:00:00+00:00; tips=; details=; offer=
830,53d09e1a-2b76-450f-882b-146b466a88e3,lxx_ai,forums.gamegrin.com,https://forums.gamegrin.com/,59,13524,gaming,unknown,65,lxx_link=https://forums.gamegrin.com/; lxx_link_type=Dofollow; lxx_paid=false; manual_hold=false; language=English; update_date=2025-09-23T00:00:00+00:00; tips=; details=; offer=
831,cf2002d9-9d55-46e1-b643-8a984cdbb497,lxx_ai,fyi.org.nz,https://fyi.org.nz/,59,92315,General,unknown,65,lxx_link=https://fyi.org.nz/; lxx_link_type=Dofollow; lxx_paid=false; manual_hold=false; language=English; update_date=2025-09-23T00:00:00+00:00; tips=; details=; offer=
832,ecb1b10e-ce32-455d-9d82-c9c809972778,lxx_ai,holiday.ipt.pw,https://holiday.ipt.pw/,59,190,General,unknown,65,lxx_link=https://holiday.ipt.pw/; lxx_link_type=Dofollow; lxx_paid=false; manual_hold=false; language=English; update_date=2025-09-23T00:00:00+00:00; tips=; details=; offer=
833,8fa76bca-1bc2-4a74-baf9-74dde4e07937,lxx_ai,luwebs.com,https://luwebs.com/,59,0,General,unknown,65,lxx_link=https://luwebs.com/; lxx_link_type=Dofollow; lxx_paid=false; manual_hold=false; language=English; update_date=2025-09-23T00:00:00+00:00; tips=; details=; offer=
834,617cf467-6479-4c0d-af59-61a9d2b146f7,lxx_ai,thegearpage.net,https://thegearpage.net/board/index.php,59,1825463,Music,unknown,65,lxx_link=https://thegearpage.net/board/index.php; lxx_link_type=Dofollow; lxx_paid=false; manual_hold=false; language=English; update_date=2025-09-23T00:00:00+00:00; tips=; details=; offer=
835,ae7cdb7f-97a1-4ab0-b4ce-763b4f6825ab,lxx_ai,traders.ipt.pw,https://traders.ipt.pw/,59,33,General,unknown,65,lxx_link=https://traders.ipt.pw/; lxx_link_type=Dofollow; lxx_paid=false; manual_hold=false; language=English; update_date=2025-09-23T00:00:00+00:00; tips=; details=; offer=
836,98805c0a-7d95-4dfe-a970-49f8bad94b9b,lxx_ai,trailers.ipt.pw,https://trailers.ipt.pw/,59,306,General,unknown,65,lxx_link=https://trailers.ipt.pw/; lxx_link_type=Dofollow; lxx_paid=false; manual_hold=false; language=English; update_date=2025-09-23T00:00:00+00:00; tips=; details=; offer=
837,19f502cb-1aca-4e10-9802-13f8e31733c5,lxx_ai,tuugo.biz,https://tuugo.biz/,59,0,General,unknown,65,lxx_link=https://tuugo.biz/; lxx_link_type=Dofollow; lxx_paid=false; manual_hold=false; language=Vietnamese; update_date=2025-09-23T00:00:00+00:00; tips=; details=; offer=
838,a483ff4b-4a56-4aeb-a4cb-c4a57ed2bf17,lxx_ai,uniquethis.com,https://uniquethis.com/,59,3963,General,unknown,65,lxx_link=https://uniquethis.com/; lxx_link_type=Dofollow; lxx_paid=false; manual_hold=false; language=English; update_date=2025-09-23T00:00:00+00:00; tips=; details=; offer=
839,47199c30-f2ce-4080-855c-27417f0c28dd,lxx_ai,wrightchat.savewright.org,https://wrightchat.savewright.org/,59,304,General,unknown,65,lxx_link=https://wrightchat.savewright.org/; lxx_link_type=Dofollow; lxx_paid=false; manual_hold=false; language=English; update_date=2025-09-23T00:00:00+00:00; tips=; details=; offer=
840,8053aaa4-bb34-4611-b43d-a7309bc077f1,lxx_ai,yemle.com,https://yemle.com/,59,0,General,unknown,65,lxx_link=https://yemle.com/; lxx_link_type=Dofollow; lxx_paid=false; manual_hold=false; language=Italian; update_date=2025-09-23T00:00:00+00:00; tips=; details=; offer=
841,e1e7c78b-3e8a-4a3b-b8e7-b38d6220b011,lxx_ai,bookmark-dofollow.com,https://bookmark-dofollow.com/,58,32518,General,unknown,65,lxx_link=https://bookmark-dofollow.com/; lxx_link_type=Dofollow; lxx_paid=false; manual_hold=false; language=English; update_date=2025-09-23T00:00:00+00:00; tips=; details=; offer=
842,6da73448-5bd3-4abc-ba07-c648c26d16d3,lxx_ai,cloudme.com,https://cloudme.com/,58,7756,General,unknown,65,lxx_link=https://cloudme.com/; lxx_link_type=Dofollow; lxx_paid=false; manual_hold=false; language=English; update_date=2025-09-23T00:00:00+00:00; tips=; details=; offer=
843,3b47d58c-92f8-434f-8618-2f8336930c4e,lxx_ai,dotnetkicks.com,https://dotnetkicks.com/,58,7951,General,unknown,65,lxx_link=https://dotnetkicks.com/; lxx_link_type=Dofollow; lxx_paid=false; manual_hold=false; language=English; update_date=2025-09-23T00:00:00+00:00; tips=; details=; offer=
844,955ad80a-5ca4-4519-a3ca-ab66066d2b3c,lxx_ai,dreamteammoney.com,https://dreamteammoney.com/,58,0,Finance,unknown,65,lxx_link=https://dreamteammoney.com/; lxx_link_type=Dofollow; lxx_paid=false; manual_hold=false; language=English; update_date=2025-09-23T00:00:00+00:00; tips=; details=; offer=
845,a1ea8005-a805-41e8-981f-1470bd4bd0d0,lxx_ai,forum.pclab.pl,https://forum.pclab.pl/,58,144,Consumer,unknown,65,lxx_link=https://forum.pclab.pl/; lxx_link_type=Dofollow; lxx_paid=false; manual_hold=false; language=Polish; update_date=2025-09-23T00:00:00+00:00; tips=; details=; offer=
846,5ae43219-21cc-4e83-a0e6-7e3430edcfb0,lxx_ai,forums.egullet.org,https://forums.egullet.org/,58,201300,General,unknown,65,lxx_link=https://forums.egullet.org/; lxx_link_type=Dofollow; lxx_paid=false; manual_hold=false; language=English; update_date=2025-09-23T00:00:00+00:00; tips=; details=; offer=
847,92ab42b8-3939-4088-a2ae-9b92befbda9f,lxx_ai,forums.primetimer.com,https://forums.primetimer.com/,58,1563683,Entertainment,unknown,65,lxx_link=https://forums.primetimer.com/; lxx_link_type=Dofollow; lxx_paid=false; manual_hold=false; language=English; update_date=2025-09-23T00:00:00+00:00; tips=; details=; offer=
848,3334c37f-438a-4d6e-af7a-35668464686e,lxx_ai,gorillasocialwork.com,https://gorillasocialwork.com/,58,50358,General,unknown,65,lxx_link=https://gorillasocialwork.com/; lxx_link_type=Dofollow; lxx_paid=false; manual_hold=false; language=English; update_date=2025-09-23T00:00:00+00:00; tips=; details=; offer=
849,a0f2490c-2275-4f5e-9e2b-ccab2aeda1d2,lxx_ai,howeweb.com,https://howeweb.com/,58,0,General,unknown,65,lxx_link=https://howeweb.com/; lxx_link_type=Dofollow; lxx_paid=false; manual_hold=false; language=English; update_date=2025-09-23T00:00:00+00:00; tips=; details=; offer=
850,228df1e9-5718-4a72-859e-e08d9fae444b,lxx_ai,nisus.com,https://nisus.com/forum/,58,10726,Developers,unknown,65,lxx_link=https://nisus.com/forum/; lxx_link_type=Dofollow; lxx_paid=false; manual_hold=false; language=English; update_date=2025-09-23T00:00:00+00:00; tips=; details=; offer=
851,3709e9e2-3750-486c-b7d2-de43fd38aec6,lxx_ai,opensocialfactory.com,https://opensocialfactory.com/,58,26177,General,unknown,65,lxx_link=https://opensocialfactory.com/; lxx_link_type=Dofollow; lxx_paid=false; manual_hold=false; language=English; update_date=2025-09-23T00:00:00+00:00; tips=; details=; offer=
852,815cc756-f9d1-4611-9f0e-57495ef62574,lxx_ai,prbookmarkingwebsites.com,https://prbookmarkingwebsites.com/,58,50005,General,unknown,65,lxx_link=https://prbookmarkingwebsites.com/; lxx_link_type=Dofollow; lxx_paid=false; manual_hold=false; language=English; update_date=2025-09-23T00:00:00+00:00; tips=; details=; offer=
853,fa0d228c-3615-4699-b215-aa3c102859e6,lxx_ai,seomotionz.com,https://seomotionz.com/,58,9764,General,unknown,65,lxx_link=https://seomotionz.com/; lxx_link_type=Dofollow; lxx_paid=false; manual_hold=false; language=English; update_date=2025-09-23T00:00:00+00:00; tips=; details=; offer=
854,5bf7a321-9287-4018-9c10-af1ca61fa4bf,lxx_ai,triptipedia.com,https://triptipedia.com/,58,75866,Travel,unknown,65,lxx_link=https://triptipedia.com/; lxx_link_type=Dofollow; lxx_paid=false; manual_hold=false; language=English; update_date=2025-09-23T00:00:00+00:00; tips=; details=; offer=
855,fb0f8474-fd0c-4493-a482-92b320b87ea0,lxx_ai,tuugo.co.za,https://tuugo.co.za/,58,0,General,unknown,65,lxx_link=https://tuugo.co.za/; lxx_link_type=Dofollow; lxx_paid=false; manual_hold=false; language=English; update_date=2025-09-23T00:00:00+00:00; tips=; details=; offer=
856,e4fadad8-65d1-449d-8548-ec0595ec87d1,lxx_ai,tuugo.hk,https://tuugo.hk/,58,0,General,unknown,65,lxx_link=https://tuugo.hk/; lxx_link_type=Dofollow; lxx_paid=false; manual_hold=false; language=Chinese; update_date=2025-09-23T00:00:00+00:00; tips=; details=; offer=
857,da30f38c-794a-4a7d-ab26-c940f321d748,lxx_ai,wahm.com,https://wahm.com/forum/,58,1027,General,unknown,65,lxx_link=https://wahm.com/forum/; lxx_link_type=Dofollow; lxx_paid=false; manual_hold=false; language=English; update_date=2025-09-23T00:00:00+00:00; tips=; details=; offer=
858,a2ebac1b-cee9-498f-8859-369b13346296,lxx_ai,webbuzzfeed.com,https://webbuzzfeed.com/,58,0,General,unknown,65,lxx_link=https://webbuzzfeed.com/; lxx_link_type=Dofollow; lxx_paid=false; manual_hold=false; language=English; update_date=2025-09-23T00:00:00+00:00; tips=; details=; offer=
859,b4b350cd-c11e-448f-9994-263ea63c0183,lxx_ai,bookmark-template.com,https://bookmark-template.com/,57,50812,General,unknown,65,lxx_link=https://bookmark-template.com/; lxx_link_type=Dofollow; lxx_paid=false; manual_hold=false; language=English; update_date=2025-09-23T00:00:00+00:00; tips=; details=; offer=
860,06d1b360-b1eb-4681-bb46-147ec6c1fecf,lxx_ai,bookmarkport.com,https://bookmarkport.com/,57,31507,General,unknown,65,lxx_link=https://bookmarkport.com/; lxx_link_type=Dofollow; lxx_paid=false; manual_hold=false; language=English; update_date=2025-09-23T00:00:00+00:00; tips=; details=; offer=
861,11a01bb3-af65-4214-8e5a-bf63edf21435,lxx_ai,forum.axishistory.com,https://forum.axishistory.com/index.php,57,53021,General,unknown,65,lxx_link=https://forum.axishistory.com/index.php; lxx_link_type=Dofollow; lxx_paid=false; manual_hold=false; language=English; update_date=2025-09-23T00:00:00+00:00; tips=; details=; offer=
862,90f4313b-1630-4dd3-919d-a05062912ab6,lxx_ai,forum.spaziogames.it,https://forum.spaziogames.it/,57,348278,gaming,unknown,65,lxx_link=https://forum.spaziogames.it/; lxx_link_type=Dofollow; lxx_paid=false; manual_hold=false; language=Italian; update_date=2025-09-23T00:00:00+00:00; tips=; details=; offer=
863,343c3ba5-58d9-4cb9-9e57-d234857e6c03,lxx_ai,ihubbub.com,https://ihubbub.com/,57,0,General,unknown,65,lxx_link=https://ihubbub.com/; lxx_link_type=Dofollow; lxx_paid=false; manual_hold=false; language=English; update_date=2025-09-23T00:00:00+00:00; tips=; details=; offer=
864,aa6e5a16-507e-4ef9-88b4-ab56cddde79d,lxx_ai,paraglidingforum.com,https://paraglidingforum.com/index.php,57,134569,Sports,unknown,65,lxx_link=https://paraglidingforum.com/index.php; lxx_link_type=Dofollow; lxx_paid=false; manual_hold=false; language=English; update_date=2025-09-23T00:00:00+00:00; tips=; details=; offer=
865,a381164e-ce4b-4d03-accf-cbc754e12463,lxx_ai,slypage.com,https://slypage.com/,57,0,General,unknown,65,lxx_link=https://slypage.com/; lxx_link_type=Dofollow; lxx_paid=false; manual_hold=false; language=English; update_date=2025-09-23T00:00:00+00:00; tips=; details=; offer=
866,239a624d-f928-40d2-83cf-477d207c1cb3,lxx_ai,youdontneedwp.com,https://youdontneedwp.com/,57,0,General,unknown,65,lxx_link=https://youdontneedwp.com/; lxx_link_type=Dofollow; lxx_paid=false; manual_hold=false; language=English; update_date=2025-09-23T00:00:00+00:00; tips=; details=; offer=
867,01e6b050-44ef-4e4e-8b73-48938a738851,lxx_ai,ztndz.com,https://ztndz.com/,57,24444,General,unknown,65,lxx_link=https://ztndz.com/; lxx_link_type=Dofollow; lxx_paid=false; manual_hold=false; language=English; update_date=2025-09-23T00:00:00+00:00; tips=; details=; offer=
868,6e217eb2-5912-41b3-a9f2-adf2089feebc,lxx_ai,forum.digitpress.com,https://forum.digitpress.com/forum/index.php,56,11275,gaming,unknown,65,lxx_link=https://forum.digitpress.com/forum/index.php; lxx_link_type=Dofollow; lxx_paid=false; manual_hold=false; language=English; update_date=2025-09-23T00:00:00+00:00; tips=; details=; offer=
869,b8984d64-e97b-4654-95e1-30e8f8e9edef,lxx_ai,jobs.nefeshinternational.org,https://jobs.nefeshinternational.org/,56,0,General,unknown,65,lxx_link=https://jobs.nefeshinternational.org/; lxx_link_type=Dofollow; lxx_paid=false; manual_hold=false; language=English; update_date=2025-09-23T00:00:00+00:00; tips=; details=; offer=
870,c50b1b06-ed81-401e-8542-c41a446ae051,lxx_ai,linkgeanie.com,https://linkgeanie.com/,56,14290,General,unknown,65,lxx_link=https://linkgeanie.com/; lxx_link_type=Dofollow; lxx_paid=false; manual_hold=false; language=English; update_date=2025-09-23T00:00:00+00:00; tips=; details=; offer=
871,de777d5c-0cab-44b3-9e2b-f0e6b1e2068d,lxx_ai,sitedossier.com,https://sitedossier.com/,56,1003,General,unknown,65,lxx_link=https://sitedossier.com/; lxx_link_type=Dofollow; lxx_paid=false; manual_hold=false; language=English; update_date=2025-09-23T00:00:00+00:00; tips=; details=; offer=
872,fc1c10be-72e6-4922-94a8-041a7de6f7bc,lxx_ai,speedway-world.pl,https://speedway-world.pl/forum/index.php,56,7247,General,unknown,65,lxx_link=https://speedway-world.pl/forum/index.php; lxx_link_type=Dofollow; lxx_paid=false; manual_hold=false; language=Polish; update_date=2025-09-23T00:00:00+00:00; tips=; details=; offer=
873,c475b9ac-21f1-4458-b9cc-c2663252095c,lxx_ai,walleyecentral.com,https://walleyecentral.com/forums/index.php,56,118278,General,unknown,65,lxx_link=https://walleyecentral.com/forums/index.php; lxx_link_type=Dofollow; lxx_paid=false; manual_hold=false; language=English; update_date=2025-09-23T00:00:00+00:00; tips=; details=; offer=
874,fdd8b964-ab13-486a-9732-6bec55382ecb,lxx_ai,webdesign96.com,https://webdesign96.com/,56,0,General,unknown,65,lxx_link=https://webdesign96.com/; lxx_link_type=Dofollow; lxx_paid=false; manual_hold=false; language=English; update_date=2025-09-23T00:00:00+00:00; tips=; details=; offer=
875,c8c4dc1a-ea36-4ab0-908c-a7b41291fef9,lxx_ai,ai6.net,https://ai6.net/,55,0,General,unknown,65,lxx_link=https://ai6.net/; lxx_link_type=Dofollow; lxx_paid=false; manual_hold=false; language=English; update_date=2025-09-23T00:00:00+00:00; tips=; details=; offer=
876,3d7ae329-dbdf-4f4d-a144-eec5ee89b470,lxx_ai,bigfooty.com,https://bigfooty.com/forum/,55,3458364,Sports,unknown,65,lxx_link=https://bigfooty.com/forum/; lxx_link_type=Dofollow; lxx_paid=false; manual_hold=false; language=English; update_date=2025-09-23T00:00:00+00:00; tips=; details=; offer=
877,b790802c-e9e0-467c-87b5-89d3af13d313,lxx_ai,bookmarkbirth.com,https://bookmarkbirth.com/,55,45406,General,unknown,65,lxx_link=https://bookmarkbirth.com/; lxx_link_type=Dofollow; lxx_paid=false; manual_hold=false; language=English; update_date=2025-09-23T00:00:00+00:00; tips=; details=; offer=
878,1941cb2d-e70c-4d53-ae84-d573a778a553,lxx_ai,freewebmarks.com,https://freewebmarks.com/,55,109188,General,unknown,65,lxx_link=https://freewebmarks.com/; lxx_link_type=Dofollow; lxx_paid=false; manual_hold=false; language=English; update_date=2025-09-23T00:00:00+00:00; tips=; details=; offer=
879,b1097f0e-5b13-4e89-ae29-5c82892c7549,lxx_ai,guide.vforums.co.uk,https://guide.vforums.co.uk/,55,0,General,unknown,65,lxx_link=https://guide.vforums.co.uk/; lxx_link_type=Dofollow; lxx_paid=false; manual_hold=false; language=English; update_date=2025-09-23T00:00:00+00:00; tips=; details=; offer=
880,788fb45a-063a-49d8-8081-14f9bbeba11d,lxx_ai,hindibookmark.com,https://hindibookmark.com/,55,16206,General,unknown,65,lxx_link=https://hindibookmark.com/; lxx_link_type=Dofollow; lxx_paid=false; manual_hold=false; language=English; update_date=2025-09-23T00:00:00+00:00; tips=; details=; offer=
881,f0fa31c6-3f23-44cd-a4c1-faf0addf77c9,lxx_ai,kiripo.com,https://www.kiripo.com/forum/index.php,55,0,General,unknown,65,lxx_link=https://www.kiripo.com/forum/index.php; lxx_link_type=Dofollow; lxx_paid=false; manual_hold=false; language=English; update_date=2025-09-23T00:00:00+00:00; tips=; details=; offer=
882,78e68039-8cb1-4888-883a-968fab98d132,lxx_ai,mathisfunforum.com,https://mathisfunforum.com/index.php,55,19307,Science,unknown,65,lxx_link=https://mathisfunforum.com/index.php; lxx_link_type=Dofollow; lxx_paid=false; manual_hold=false; language=English; update_date=2025-09-23T00:00:00+00:00; tips=; details=; offer=
883,4b862355-425b-448b-a6e1-4a4338fb5bcf,lxx_ai,psx-place.com,https://psx-place.com/,55,855384,Gaming,unknown,65,lxx_link=https://psx-place.com/; lxx_link_type=Dofollow; lxx_paid=false; manual_hold=false; language=English; update_date=2025-09-23T00:00:00+00:00; tips=; details=; offer=
884,47c0ca50-6c52-4f29-9e82-76a97562b820,lxx_ai,swtestingjobs.com,https://swtestingjobs.com/,55,0,General,unknown,65,lxx_link=https://swtestingjobs.com/; lxx_link_type=Dofollow; lxx_paid=false; manual_hold=false; language=English; update_date=2025-09-23T00:00:00+00:00; tips=; details=; offer=
885,0882e5fd-d075-488f-9bb1-be51642db547,lxx_ai,tuugo.co.uk,https://tuugo.co.uk/,55,1622,General,unknown,65,lxx_link=https://tuugo.co.uk/; lxx_link_type=Dofollow; lxx_paid=false; manual_hold=false; language=English; update_date=2025-09-23T00:00:00+00:00; tips=; details=; offer=
886,b2a73030-f350-4bf2-9ce2-6127fe5d51b6,lxx_ai,weboworld.com,https://weboworld.com/,55,47851,General,unknown,65,lxx_link=https://weboworld.com/; lxx_link_type=Dofollow; lxx_paid=false; manual_hold=false; language=English; update_date=2025-09-23T00:00:00+00:00; tips=; details=; offer=
887,c6c8a2e9-8cf5-406a-8d09-a4f4827b046b,lxx_ai,wickedfire.com,https://wickedfire.com/,55,8810,Bussiness,unknown,65,lxx_link=https://wickedfire.com/; lxx_link_type=Dofollow; lxx_paid=false; manual_hold=false; language=English; update_date=2025-09-23T00:00:00+00:00; tips=; details=; offer=
888,2b847b40-3fb4-4d32-ab76-8dd29d38e8e3,lxx_ai,answers.stepes.com,https://answers.stepes.com/,54,359,General,unknown,65,lxx_link=https://answers.stepes.com/; lxx_link_type=Dofollow; lxx_paid=false; manual_hold=false; language=English; update_date=2025-09-23T00:00:00+00:00; tips=; details=; offer=
889,0cf29df1-ad4f-4303-945c-6efc2098f3be,lxx_ai,backlinksplanet.updatesee.com,https://backlinksplanet.updatesee.com/,54,369,General,unknown,65,lxx_link=https://backlinksplanet.updatesee.com/; lxx_link_type=Dofollow; lxx_paid=false; manual_hold=false; language=English; update_date=2025-09-23T00:00:00+00:00; tips=; details=; offer=
890,205c9832-7bb5-4d35-a446-e6f98799b139,lxx_ai,bookmarkloves.com,https://bookmarkloves.com/,54,51605,General,unknown,65,lxx_link=https://bookmarkloves.com/; lxx_link_type=Dofollow; lxx_paid=false; manual_hold=false; language=English; update_date=2025-09-23T00:00:00+00:00; tips=; details=; offer=
891,5e28df75-7ff3-4bd2-8b67-72b215dff48f,lxx_ai,bookmarkstime.com,https://bookmarkstime.com/,54,1522,General,unknown,65,lxx_link=https://bookmarkstime.com/; lxx_link_type=Dofollow; lxx_paid=false; manual_hold=false; language=English; update_date=2025-09-23T00:00:00+00:00; tips=; details=; offer=
892,8d66031e-7246-422b-a159-c5350abbf608,lxx_ai,diode.zone,https://diode.zone/,54,12030,General,unknown,65,lxx_link=https://diode.zone/; lxx_link_type=Dofollow; lxx_paid=false; manual_hold=false; language=English; update_date=2025-09-23T00:00:00+00:00; tips=; details=; offer=
893,df8dadc1-5772-492c-a360-92f847edd7bd,lxx_ai,ferventing.updatesee.com,https://ferventing.updatesee.com/,54,369,General,unknown,65,lxx_link=https://ferventing.updatesee.com/; lxx_link_type=Dofollow; lxx_paid=false; manual_hold=false; language=English; update_date=2025-09-23T00:00:00+00:00; tips=; details=; offer=
894,1f32984e-b56d-4fb2-98ec-4d24cbf9a2f9,lxx_ai,free-socialbookmarking.com,https://free-socialbookmarking.com/,54,36006,General,unknown,65,lxx_link=https://free-socialbookmarking.com/; lxx_link_type=Dofollow; lxx_paid=false; manual_hold=false; language=English; update_date=2025-09-23T00:00:00+00:00; tips=; details=; offer=
895,4c2307cf-6fd8-4858-9f63-226a39c9cbc9,lxx_ai,getsocialpr.com,https://getsocialpr.com/,54,49080,General,unknown,65,lxx_link=https://getsocialpr.com/; lxx_link_type=Dofollow; lxx_paid=false; manual_hold=false; language=English; update_date=2025-09-23T00:00:00+00:00; tips=; details=; offer=
896,0a6e5a2a-9759-4b19-adc3-34311be27f01,lxx_ai,linksbeat.updatesee.com,https://linksbeat.updatesee.com/,54,223,General,unknown,65,lxx_link=https://linksbeat.updatesee.com/; lxx_link_type=Dofollow; lxx_paid=false; manual_hold=false; language=English; update_date=2025-09-23T00:00:00+00:00; tips=; details=; offer=
897,4cd9f110-9966-4929-b6b6-afce06d5474a,lxx_ai,lucidhutt.updatesee.com,https://lucidhutt.updatesee.com/,54,223,General,unknown,65,lxx_link=https://lucidhutt.updatesee.com/; lxx_link_type=Dofollow; lxx_paid=false; manual_hold=false; language=English; update_date=2025-09-23T00:00:00+00:00; tips=; details=; offer=
898,8f1c51fe-c4c3-4d63-9702-9e9794bc2bc7,lxx_ai,mbacklink.updatesee.com,https://mbacklink.updatesee.com/,54,0,General,unknown,65,lxx_link=https://mbacklink.updatesee.com/; lxx_link_type=Dofollow; lxx_paid=false; manual_hold=false; language=English; update_date=2025-09-23T00:00:00+00:00; tips=; details=; offer=
899,942f52ec-cb9f-427e-a67a-dc8293a34067,lxx_ai,mozylinks.updatesee.com,https://mozylinks.updatesee.com/,54,0,General,unknown,65,lxx_link=https://mozylinks.updatesee.com/; lxx_link_type=Dofollow; lxx_paid=false; manual_hold=false; language=English; update_date=2025-09-23T00:00:00+00:00; tips=; details=; offer=
900,80558abf-bc1a-48f8-bead-dfba6557e0f6,lxx_ai,p-tweets.com,https://p-tweets.com/,54,0,General,unknown,65,lxx_link=https://p-tweets.com/; lxx_link_type=Dofollow; lxx_paid=false; manual_hold=false; language=English; update_date=2025-09-23T00:00:00+00:00; tips=; details=; offer=
901,aaa432b5-cfa7-4d5b-a1fd-6d0c5940c871,lxx_ai,sharree.com,https://sharree.com/,54,1710,General,unknown,65,lxx_link=https://sharree.com/; lxx_link_type=Dofollow; lxx_paid=false; manual_hold=false; language=English; update_date=2025-09-23T00:00:00+00:00; tips=; details=; offer=
902,d2bacb82-51f5-493e-b011-c3ab97b31e52,lxx_ai,shutkey.updatesee.com,https://shutkey.updatesee.com/,54,223,General,unknown,65,lxx_link=https://shutkey.updatesee.com/; lxx_link_type=Dofollow; lxx_paid=false; manual_hold=false; language=English; update_date=2025-09-23T00:00:00+00:00; tips=; details=; offer=
903,ebd621a5-49ac-4fef-987f-f47d1b3d0adf,lxx_ai,thoughts.com,https://thoughts.com/,54,4871,General,unknown,65,lxx_link=https://thoughts.com/; lxx_link_type=Dofollow; lxx_paid=false; manual_hold=false; language=English; update_date=2025-09-23T00:00:00+00:00; tips=; details=; offer=
904,8867ee39-d50a-40cd-9e7d-8e213c97fdf4,lxx_ai,updatesee.com,https://updatesee.com/,54,6772,General,unknown,65,lxx_link=https://updatesee.com/; lxx_link_type=Dofollow; lxx_paid=false; manual_hold=false; language=English; update_date=2025-09-23T00:00:00+00:00; tips=; details=; offer=
905,8e4a140b-d586-49da-a8fe-663b589f0d25,lxx_ai,visacountry.updatesee.com,https://visacountry.updatesee.com/,54,0,General,unknown,65,lxx_link=https://visacountry.updatesee.com/; lxx_link_type=Dofollow; lxx_paid=false; manual_hold=false; language=English; update_date=2025-09-23T00:00:00+00:00; tips=; details=; offer=
906,5164a9a5-5d0b-4ea5-9382-a44615badbbe,lxx_ai,youlookfab.com,https://youlookfab.com/welookfab/,54,95315,Fashion,unknown,65,lxx_link=https://youlookfab.com/welookfab/; lxx_link_type=Dofollow; lxx_paid=false; manual_hold=false; language=English; update_date=2025-09-23T00:00:00+00:00; tips=; details=; offer=
907,bba01a96-faf8-4124-b288-98290921ded2,lxx_ai,altbookmark.com,https://altbookmark.com/,53,2441,General,unknown,65,lxx_link=https://altbookmark.com/; lxx_link_type=Dofollow; lxx_paid=false; manual_hold=false; language=English; update_date=2025-09-23T00:00:00+00:00; tips=; details=; offer=
908,1492d983-cd73-409d-a33e-80c524cf8d6c,lxx_ai,bookmarkextent.com,https://bookmarkextent.com/,53,39317,General,unknown,65,lxx_link=https://bookmarkextent.com/; lxx_link_type=Dofollow; lxx_paid=false; manual_hold=false; language=English; update_date=2025-09-23T00:00:00+00:00; tips=; details=; offer=
909,84da22df-aa18-4cfc-aa6d-27d688d63b24,lxx_ai,bookmarkstumble.com,https://bookmarkstumble.com/,53,35002,General,unknown,65,lxx_link=https://bookmarkstumble.com/; lxx_link_type=Dofollow; lxx_paid=false; manual_hold=false; language=English; update_date=2025-09-23T00:00:00+00:00; tips=; details=; offer=
910,66561af4-5671-41f7-a2ec-8322be0c4f91,lxx_ai,digitalstorm.com,https://digitalstorm.com/forums/,53,243900,gaming,unknown,65,lxx_link=https://digitalstorm.com/forums/; lxx_link_type=Dofollow; lxx_paid=false; manual_hold=false; language=English; update_date=2025-09-23T00:00:00+00:00; tips=; details=; offer=
911,37a9abfa-c101-4e4b-b4a0-0faed9576338,lxx_ai,forum.freegamedev.net,https://forum.freegamedev.net/index.php,53,1203,Developers,unknown,65,lxx_link=https://forum.freegamedev.net/index.php; lxx_link_type=Dofollow; lxx_paid=false; manual_hold=false; language=English; update_date=2025-09-23T00:00:00+00:00; tips=; details=; offer=
912,1f3e4c3d-8525-466a-9f32-f64e6aa9d57b,lxx_ai,forum.unilang.org,https://forum.unilang.org/,53,225,General,unknown,65,lxx_link=https://forum.unilang.org/; lxx_link_type=Dofollow; lxx_paid=false; manual_hold=false; language=English; update_date=2025-09-23T00:00:00+00:00; tips=; details=; offer=
913,a79e202d-b3d3-4cf2-8784-6bf9623790e2,lxx_ai,modwiggler.com,https://modwiggler.com/forum/,53,352798,Music,unknown,65,lxx_link=https://modwiggler.com/forum/; lxx_link_type=Dofollow; lxx_paid=false; manual_hold=false; language=English; update_date=2025-09-23T00:00:00+00:00; tips=; details=; offer=
914,dbd99148-37ea-47b4-92a2-cfb1b3125d17,lxx_ai,projectpokemon.org,https://projectpokemon.org/,53,963710,Gaming,unknown,65,lxx_link=https://projectpokemon.org/; lxx_link_type=Dofollow; lxx_paid=false; manual_hold=false; language=English; update_date=2025-09-23T00:00:00+00:00; tips=; details=; offer=
915,39d16b82-6f8d-4ab8-b59d-75b88b1293c0,lxx_ai,ronpaulforums.com,https://ronpaulforums.com/,53,4380,General,unknown,65,lxx_link=https://ronpaulforums.com/; lxx_link_type=Dofollow; lxx_paid=false; manual_hold=false; language=English; update_date=2025-09-23T00:00:00+00:00; tips=; details=; offer=
916,c9ce315b-b13a-4c4e-852f-8ad5140ce416,lxx_ai,sbookmarking.com,https://sbookmarking.com/,53,52133,General,unknown,65,lxx_link=https://sbookmarking.com/; lxx_link_type=Dofollow; lxx_paid=false; manual_hold=false; language=English; update_date=2025-09-23T00:00:00+00:00; tips=; details=; offer=
917,812ce27f-3dc4-40c8-a504-42ec52ea5879,lxx_ai,socialbookmarkingwebsite.com,https://socialbookmarkingwebsite.com/,53,130424,General,unknown,65,lxx_link=https://socialbookmarkingwebsite.com/; lxx_link_type=Dofollow; lxx_paid=false; manual_hold=false; language=English; update_date=2025-09-23T00:00:00+00:00; tips=; details=; offer=
918,80d18a16-77e3-405c-8966-b21483aa4bea,lxx_ai,socialrus.com,https://socialrus.com/,53,21392,General,unknown,65,lxx_link=https://socialrus.com/; lxx_link_type=Dofollow; lxx_paid=false; manual_hold=false; language=English; update_date=2025-09-23T00:00:00+00:00; tips=; details=; offer=
919,fdb3446a-3499-4066-90af-39e0180b7033,lxx_ai,avader.org,https://avader.org/,52,9791,General,unknown,65,lxx_link=https://avader.org/; lxx_link_type=Dofollow; lxx_paid=false; manual_hold=false; language=English; update_date=2025-09-23T00:00:00+00:00; tips=; details=; offer=
920,4416e0d0-c454-4c6f-8894-c757187997e4,lxx_ai,bookmarkspring.com,https://bookmarkspring.com/,52,1060,General,unknown,65,lxx_link=https://bookmarkspring.com/; lxx_link_type=Dofollow; lxx_paid=false; manual_hold=false; language=English; update_date=2025-09-23T00:00:00+00:00; tips=; details=; offer=
921,7b6d3d43-b4f0-4f06-9f63-3eade3b0fdae,lxx_ai,nybookmark.com,https://nybookmark.com/,52,2464,General,unknown,65,lxx_link=https://nybookmark.com/; lxx_link_type=Dofollow; lxx_paid=false; manual_hold=false; language=English; update_date=2025-09-23T00:00:00+00:00; tips=; details=; offer=
922,162412e9-761a-4de2-a2b8-a21cc6182408,lxx_ai,pink-jobs.com,https://pink-jobs.com/,52,4499,General,unknown,65,lxx_link=https://pink-jobs.com/; lxx_link_type=Dofollow; lxx_paid=false; manual_hold=false; language=English; update_date=2025-09-23T00:00:00+00:00; tips=; details=; offer=
923,9f0fceda-5775-4fbe-8840-efc22ad13ed2,lxx_ai,selfieoo.com,https://selfieoo.com/,52,0,General,unknown,65,lxx_link=https://selfieoo.com/; lxx_link_type=Dofollow; lxx_paid=false; manual_hold=false; language=English; update_date=2025-09-23T00:00:00+00:00; tips=; details=; offer=
924,ee33cb45-8ad0-4f75-a4aa-d4bb11c5de74,lxx_ai,trackbookmark.com,https://trackbookmark.com/,52,2634,General,unknown,65,lxx_link=https://trackbookmark.com/; lxx_link_type=Dofollow; lxx_paid=false; manual_hold=false; language=English; update_date=2025-09-23T00:00:00+00:00; tips=; details=; offer=
925,5c3931f9-7933-4f26-b7b7-f2d735ee3076,lxx_ai,aleratrading.com,https://aleratrading.com/,51,891,Trading,unknown,65,lxx_link=https://aleratrading.com/; lxx_link_type=Dofollow; lxx_paid=false; manual_hold=false; language=English; update_date=2025-09-23T00:00:00+00:00; tips=; details=; offer=
926,0b51e5d8-1462-403f-9d5c-f623ab1b6cdf,lxx_ai,bookmark4you.online,https://bookmark4you.online/,51,5427,General,unknown,65,lxx_link=https://bookmark4you.online/; lxx_link_type=Dofollow; lxx_paid=false; manual_hold=false; language=English; update_date=2025-09-23T00:00:00+00:00; tips=; details=; offer=
927,07e4e685-6124-4496-b63c-60e4432f8719,lxx_ai,cheftalk.com,https://cheftalk.com/,51,35611,Food,unknown,65,lxx_link=https://cheftalk.com/; lxx_link_type=Dofollow; lxx_paid=false; manual_hold=false; language=English; update_date=2025-09-23T00:00:00+00:00; tips=; details=; offer=
928,1661bc8b-b747-410a-9448-a1c745130b9f,lxx_ai,forum.magazyngitarzysta.pl,https://forum.magazyngitarzysta.pl/,51,6385,Music,unknown,65,lxx_link=https://forum.magazyngitarzysta.pl/; lxx_link_type=Dofollow; lxx_paid=false; manual_hold=false; language=English; update_date=2025-09-23T00:00:00+00:00; tips=; details=; offer=
929,52f2a51d-806c-4c34-a703-9a2339637efa,lxx_ai,pnut.co,https://pnut.co/,51,0,General,unknown,65,lxx_link=https://pnut.co/; lxx_link_type=Dofollow; lxx_paid=false; manual_hold=false; language=English; update_date=2025-09-23T00:00:00+00:00; tips=; details=; offer=
930,d90d51a8-99ec-49f0-a91b-add55cb0461e,lxx_ai,worldswithoutend.com,https://worldswithoutend.com/,51,44969,General,unknown,65,lxx_link=https://worldswithoutend.com/; lxx_link_type=Dofollow; lxx_paid=false; manual_hold=false; language=English; update_date=2025-09-23T00:00:00+00:00; tips=; details=; offer=
931,1ca8cd8c-d884-4cca-971a-054d7bb870d5,lxx_ai,7wdata.be,https://7wdata.be/,50,7249,General,unknown,65,lxx_link=https://7wdata.be/; lxx_link_type=Dofollow; lxx_paid=false; manual_hold=false; language=English; update_date=2025-09-23T00:00:00+00:00; tips=; details=; offer=
932,f376981e-979e-4e6a-b2fb-37df91226333,lxx_ai,bookmarkja.com,https://bookmarkja.com/,50,21205,General,unknown,65,lxx_link=https://bookmarkja.com/; lxx_link_type=Dofollow; lxx_paid=false; manual_hold=false; language=English; update_date=2025-09-23T00:00:00+00:00; tips=; details=; offer=
933,9f52fe86-d094-493c-a8f7-a54494ea866c,lxx_ai,bookmarkrange.com,https://bookmarkrange.com/,50,36989,General,unknown,65,lxx_link=https://bookmarkrange.com/; lxx_link_type=Dofollow; lxx_paid=false; manual_hold=false; language=English; update_date=2025-09-23T00:00:00+00:00; tips=; details=; offer=
934,f719fba2-3300-4d6a-ad8b-38d12e54eedb,lxx_ai,bookmarkshq.com,https://bookmarkshq.com/,50,1729,General,unknown,65,lxx_link=https://bookmarkshq.com/; lxx_link_type=Dofollow; lxx_paid=false; manual_hold=false; language=English; update_date=2025-09-23T00:00:00+00:00; tips=; details=; offer=
935,c7e26376-6f0f-4b9e-b75e-c8ae0f320a54,lxx_ai,freebookmarkingsite.com,https://freebookmarkingsite.com/,50,48389,General,unknown,65,lxx_link=https://freebookmarkingsite.com/; lxx_link_type=Dofollow; lxx_paid=false; manual_hold=false; language=English; update_date=2025-09-23T00:00:00+00:00; tips=; details=; offer=
936,c7b4e18e-ffa5-4ff0-a204-61b2130aa9e9,lxx_ai,gatherbookmarks.com,https://gatherbookmarks.com/,50,6119,General,unknown,65,lxx_link=https://gatherbookmarks.com/; lxx_link_type=Dofollow; lxx_paid=false; manual_hold=false; language=English; update_date=2025-09-23T00:00:00+00:00; tips=; details=; offer=
937,b42a83ee-cdd8-4401-ae02-62ca133be6f8,lxx_ai,jazzguitar.be,https://jazzguitar.be/forum/,50,562580,Music,unknown,65,lxx_link=https://jazzguitar.be/forum/; lxx_link_type=Dofollow; lxx_paid=false; manual_hold=false; language=English; update_date=2025-09-23T00:00:00+00:00; tips=; details=; offer=
938,4091c6e9-16b3-4350-a5ea-4cab28c510ff,lxx_ai,letsdobookmark.com,https://letsdobookmark.com/,50,100530,General,unknown,65,lxx_link=https://letsdobookmark.com/; lxx_link_type=Dofollow; lxx_paid=false; manual_hold=false; language=English; update_date=2025-09-23T00:00:00+00:00; tips=; details=; offer=
939,ea50b0cc-ebfa-4635-a0d3-d9dabcfcb478,lxx_ai,linkorado.com,https://linkorado.com/,50,5014,General,unknown,65,lxx_link=https://linkorado.com/; lxx_link_type=Dofollow; lxx_paid=false; manual_hold=false; language=English; update_date=2025-09-23T00:00:00+00:00; tips=; details=; offer=
940,f3404810-e9e1-4961-9ab6-fabf02a6fd9d,lxx_ai,mytradezone.com,https://mytradezone.com/,50,10223,Finance,unknown,65,lxx_link=https://mytradezone.com/; lxx_link_type=Dofollow; lxx_paid=false; manual_hold=false; language=Tagalog; update_date=2025-09-23T00:00:00+00:00; tips=; details=; offer=
941,51d9b794-0d8f-4ee0-b234-5bdbbcde3c75,lxx_ai,video.hardlimit.com,https://video.hardlimit.com/,50,1427,Gaming,unknown,65,lxx_link=https://video.hardlimit.com/; lxx_link_type=Dofollow; lxx_paid=false; manual_hold=false; language=English; update_date=2025-09-23T00:00:00+00:00; tips=; details=; offer=
942,e5afc340-ed65-44d3-865d-5dff36897178,lxx_ai,bookmarketmaven.com,https://bookmarketmaven.com/,49,18697,General,unknown,65,lxx_link=https://bookmarketmaven.com/; lxx_link_type=Dofollow; lxx_paid=false; manual_hold=false; language=English; update_date=2025-09-23T00:00:00+00:00; tips=; details=; offer=
943,d0ac2940-7f00-4f11-adf6-bcaad68e9b10,lxx_ai,bookmarkingfree.com,https://bookmarkingfree.com/,49,27292,General,unknown,65,lxx_link=https://bookmarkingfree.com/; lxx_link_type=Dofollow; lxx_paid=false; manual_hold=false; language=English; update_date=2025-09-23T00:00:00+00:00; tips=; details=; offer=
944,d2b09544-6dbf-4bf9-ad6a-1abadc19c5dd,lxx_ai,bookmarkswing.com,https://bookmarkswing.com/,49,13396,General,unknown,65,lxx_link=https://bookmarkswing.com/; lxx_link_type=Dofollow; lxx_paid=false; manual_hold=false; language=English; update_date=2025-09-23T00:00:00+00:00; tips=; details=; offer=
945,16f81cbd-0738-4c11-adfb-67b9206643c8,lxx_ai,forum.howtoforge.de,https://forum.howtoforge.de/,49,612,General,unknown,65,lxx_link=https://forum.howtoforge.de/; lxx_link_type=Dofollow; lxx_paid=false; manual_hold=false; language=German; update_date=2025-09-23T00:00:00+00:00; tips=; details=; offer=
946,3dca2926-eb33-4c2b-a630-2c91182aedc6,lxx_ai,letusbookmark.com,https://letusbookmark.com/,49,3080,General,unknown,65,lxx_link=https://letusbookmark.com/; lxx_link_type=Dofollow; lxx_paid=false; manual_hold=false; language=English; update_date=2025-09-23T00:00:00+00:00; tips=; details=; offer=
947,5c11b18f-135b-450c-b55d-03c04f0d5690,lxx_ai,linksplit.io,https://linksplit.io/,49,720,General,unknown,65,lxx_link=https://linksplit.io/; lxx_link_type=Dofollow; lxx_paid=false; manual_hold=false; language=English; update_date=2025-09-23T00:00:00+00:00; tips=; details=; offer=
948,bdf38a2c-5878-440b-970e-e4c800fc385f,lxx_ai,lnnkin.com,https://lnnkin.com/,49,0,General,unknown,65,lxx_link=https://lnnkin.com/; lxx_link_type=Dofollow; lxx_paid=false; manual_hold=false; language=English; update_date=2025-09-23T00:00:00+00:00; tips=; details=; offer=
949,545f1cd5-7de2-4256-b287-fa1ac5a122e1,lxx_ai,pbookmarking.com,https://pbookmarking.com/,49,37018,General,unknown,65,lxx_link=https://pbookmarking.com/; lxx_link_type=Dofollow; lxx_paid=false; manual_hold=false; language=English; update_date=2025-09-23T00:00:00+00:00; tips=; details=; offer=
950,7683685f-b3d0-4018-bd1a-044ea3b8fe27,lxx_ai,tube.p2p.legal,https://tube.p2p.legal/,49,311,General,unknown,65,lxx_link=https://tube.p2p.legal/; lxx_link_type=Dofollow; lxx_paid=false; manual_hold=false; language=English; update_date=2025-09-23T00:00:00+00:00; tips=; details=; offer=
951,16135562-a3ed-40e7-90db-d36dc683286b,lxx_ai,video.omniatv.com,https://video.omniatv.com/,49,0,General,unknown,65,lxx_link=https://video.omniatv.com/; lxx_link_type=Dofollow; lxx_paid=false; manual_hold=false; language=English; update_date=2025-09-23T00:00:00+00:00; tips=; details=; offer=
952,fdfdd5af-8b81-46d3-9754-eb7d8bf2b2fc,lxx_ai,animaljobsdirect.com,https://animaljobsdirect.com/,48,1557,Pet,unknown,65,lxx_link=https://animaljobsdirect.com/; lxx_link_type=Dofollow; lxx_paid=false; manual_hold=false; language=English; update_date=2025-09-23T00:00:00+00:00; tips=; details=; offer=
953,5fbab4bf-51c6-48db-a361-342136a08cc7,lxx_ai,articles.gappoo.com,https://www.articles.gappoo.com/,48,131,General,unknown,65,lxx_link=https://www.articles.gappoo.com/; lxx_link_type=Dofollow; lxx_paid=false; manual_hold=false; language=English; update_date=2025-09-23T00:00:00+00:00; tips=; details=; offer=
954,1512b857-0bd4-4cb3-94db-d077152023f9,lxx_ai,bch.gg,https://bch.gg/,48,0,General,unknown,65,lxx_link=https://bch.gg/; lxx_link_type=Dofollow; lxx_paid=false; manual_hold=false; language=English; update_date=2025-09-23T00:00:00+00:00; tips=; details=; offer=
955,08c7e8ee-15f9-43c2-9ac0-7bbcd240bfb5,lxx_ai,bookmarksknot.com,https://bookmarksknot.com/,48,367,General,unknown,65,lxx_link=https://bookmarksknot.com/; lxx_link_type=Dofollow; lxx_paid=false; manual_hold=false; language=English; update_date=2025-09-23T00:00:00+00:00; tips=; details=; offer=
956,bc885e0f-0923-4700-899d-ffc2a80ebb60,lxx_ai,eznow.com,https://eznow.com/,48,0,General,unknown,65,lxx_link=https://eznow.com/; lxx_link_type=Dofollow; lxx_paid=false; manual_hold=false; language=English; update_date=2025-09-23T00:00:00+00:00; tips=; details=; offer=
957,fd5f02d5-fa67-4d2c-af80-0f8adde75fd1,lxx_ai,ity.im,https://ity.im/,48,0,General,unknown,65,lxx_link=https://ity.im/; lxx_link_type=Dofollow; lxx_paid=false; manual_hold=false; language=English; update_date=2025-09-23T00:00:00+00:00; tips=; details=; offer=
958,fb404626-c063-4bb6-8ccd-d3bb69fede11,lxx_ai,newsocialbookmarkingsite.com,https://newsocialbookmarkingsite.com/,48,42544,General,unknown,65,lxx_link=https://newsocialbookmarkingsite.com/; lxx_link_type=Dofollow; lxx_paid=false; manual_hold=false; language=English; update_date=2025-09-23T00:00:00+00:00; tips=; details=; offer=
959,89c71fd4-9701-41c7-86b6-0a84d1217520,lxx_ai,opendiary.com,https://opendiary.com/,48,15228,Social,unknown,65,lxx_link=https://opendiary.com/; lxx_link_type=Dofollow; lxx_paid=false; manual_hold=false; language=English; update_date=2025-09-23T00:00:00+00:00; tips=; details=; offer=
960,193a2268-00af-46f0-9feb-f83054ce952f,lxx_ai,theadminzone.com,https://theadminzone.com/,48,21404,Developers,unknown,65,lxx_link=https://theadminzone.com/; lxx_link_type=Dofollow; lxx_paid=false; manual_hold=false; language=English; update_date=2025-09-23T00:00:00+00:00; tips=; details=; offer=
961,82fad03b-1531-4267-9dbc-47bd2f2f0946,lxx_ai,tuugo.info,https://tuugo.info/,48,0,General,unknown,65,lxx_link=https://tuugo.info/; lxx_link_type=Dofollow; lxx_paid=false; manual_hold=false; language=English; update_date=2025-09-23T00:00:00+00:00; tips=; details=; offer=
962,7f5c1d5b-9467-47f6-afef-d0dd6be3ea75,lxx_ai,acousticguitarforum.com,https://acousticguitarforum.com/forums/index.php,47,433213,Music,unknown,65,lxx_link=https://acousticguitarforum.com/forums/index.php; lxx_link_type=Dofollow; lxx_paid=false; manual_hold=false; language=English; update_date=2025-09-23T00:00:00+00:00; tips=; details=; offer=
963,70ba1865-2582-44a5-a248-26e516a4bb12,lxx_ai,bookmark4you.com,https://bookmark4you.com/,47,19298,General,unknown,65,lxx_link=https://bookmark4you.com/; lxx_link_type=Dofollow; lxx_paid=false; manual_hold=false; language=English; update_date=2025-09-23T00:00:00+00:00; tips=; details=; offer=
964,dea39335-a44f-4ec4-b73c-536e76c7df82,lxx_ai,catbuzzy.com,https://catbuzzy.com/,47,0,General,unknown,65,lxx_link=https://catbuzzy.com/; lxx_link_type=Dofollow; lxx_paid=false; manual_hold=false; language=English; update_date=2025-09-23T00:00:00+00:00; tips=; details=; offer=
965,c06495a4-95fe-482f-a903-2de8094fac8e,lxx_ai,fan.school,https://fan.school/,47,13589,General,unknown,65,lxx_link=https://fan.school/; lxx_link_type=Dofollow; lxx_paid=false; manual_hold=false; language=Dutch; update_date=2025-09-23T00:00:00+00:00; tips=; details=; offer=
966,cc38533a-fb02-4bdc-861d-d772365d6a46,lxx_ai,gcc.gl,https://gcc.gl/,47,0,General,unknown,65,lxx_link=https://gcc.gl/; lxx_link_type=Dofollow; lxx_paid=false; manual_hold=false; language=English; update_date=2025-09-23T00:00:00+00:00; tips=; details=; offer=
967,15907d5a-5f44-45a9-b6f4-5824d006f095,lxx_ai,letspostfree.com,https://letspostfree.com/,47,75979,General,unknown,65,lxx_link=https://letspostfree.com/; lxx_link_type=Dofollow; lxx_paid=false; manual_hold=false; language=English; update_date=2025-09-23T00:00:00+00:00; tips=; details=; offer=
968,0bb0f8ac-1af0-444e-9578-cf453711458e,lxx_ai,mbookmarking.com,https://mbookmarking.com/,47,69062,General,unknown,65,lxx_link=https://mbookmarking.com/; lxx_link_type=Dofollow; lxx_paid=false; manual_hold=false; language=English; update_date=2025-09-23T00:00:00+00:00; tips=; details=; offer=
969,2928211c-7dae-4db4-aa29-4528e1e42458,lxx_ai,moviestorm.co.uk,https://www.moviestorm.co.uk/forums/,47,8380,Entertainment,unknown,65,lxx_link=https://www.moviestorm.co.uk/forums/; lxx_link_type=Dofollow; lxx_paid=false; manual_hold=false; language=English; update_date=2025-09-23T00:00:00+00:00; tips=; details=; offer=
970,b96caf0c-9769-40dd-817d-2715143091a8,lxx_ai,shrunken.com,https://shrunken.com/,47,1180,General,unknown,65,lxx_link=https://shrunken.com/; lxx_link_type=Dofollow; lxx_paid=false; manual_hold=false; language=English; update_date=2025-09-23T00:00:00+00:00; tips=; details=; offer=
971,111a7fcf-97d5-4448-9a8c-262ae9d3b097,lxx_ai,tuugo.com.vn,https://tuugo.com.vn/,47,0,General,unknown,65,lxx_link=https://tuugo.com.vn/; lxx_link_type=Dofollow; lxx_paid=false; manual_hold=false; language=English; update_date=2025-09-23T00:00:00+00:00; tips=; details=; offer=
972,9f092878-bb28-4c3d-af00-604a454465f4,lxx_ai,bookmarksclub.com,https://bookmarksclub.com/,46,4191,General,unknown,65,lxx_link=https://bookmarksclub.com/; lxx_link_type=Dofollow; lxx_paid=false; manual_hold=false; language=English; update_date=2025-09-23T00:00:00+00:00; tips=; details=; offer=
973,6cede79b-6f18-41cc-a8cd-660cb3653514,lxx_ai,bookmarkspot.com,https://bookmarkspot.com/,46,335,General,unknown,65,lxx_link=https://bookmarkspot.com/; lxx_link_type=Dofollow; lxx_paid=false; manual_hold=false; language=English; update_date=2025-09-23T00:00:00+00:00; tips=; details=; offer=
974,500c08b3-6098-40bd-b074-f7bee9ca01c1,lxx_ai,everyeventgives.com,https://everyeventgives.com/,46,0,General,unknown,65,lxx_link=https://everyeventgives.com/; lxx_link_type=Dofollow; lxx_paid=false; manual_hold=false; language=English; update_date=2025-09-23T00:00:00+00:00; tips=; details=; offer=
975,eae39482-2245-4052-92ce-89f3dc98a794,lxx_ai,hireclub.com,https://hireclub.com/,46,6313,General,unknown,65,lxx_link=https://hireclub.com/; lxx_link_type=Dofollow; lxx_paid=false; manual_hold=false; language=English; update_date=2025-09-23T00:00:00+00:00; tips=; details=; offer=
976,21787a36-7cad-4c29-bcbb-ff5c1d738201,lxx_ai,homedistiller.org,https://homedistiller.org/forum/index.php,46,89029,General,unknown,65,lxx_link=https://homedistiller.org/forum/index.php; lxx_link_type=Dofollow; lxx_paid=false; manual_hold=false; language=English; update_date=2025-09-23T00:00:00+00:00; tips=; details=; offer=
977,40dc234e-1e6f-49a2-bc31-1367328a535b,lxx_ai,myfreelancerbook.com,https://myfreelancerbook.com/,46,0,General,unknown,65,lxx_link=https://myfreelancerbook.com/; lxx_link_type=Dofollow; lxx_paid=false; manual_hold=false; language=English; update_date=2025-09-23T00:00:00+00:00; tips=; details=; offer=
978,ebec749a-112d-421d-8a8c-7246327907dd,lxx_ai,osnabruecker.com,https://www.osnabruecker.com/,46,0,General,unknown,65,lxx_link=https://www.osnabruecker.com/; lxx_link_type=Dofollow; lxx_paid=false; manual_hold=false; language=English; update_date=2025-09-23T00:00:00+00:00; tips=; details=; offer=
979,823fb3db-518a-49aa-ac1d-30928c7024b3,lxx_ai,own-free-website.com,https://own-free-website.com/,46,3748,General,unknown,65,lxx_link=https://own-free-website.com/; lxx_link_type=Dofollow; lxx_paid=false; manual_hold=false; language=English; update_date=2025-09-23T00:00:00+00:00; tips=; details=; offer=
980,c704f8e8-cac3-42bb-8506-542b9d5d7e28,lxx_ai,sffchronicles.com,https://sffchronicles.com/,46,149747,Books,unknown,65,lxx_link=https://sffchronicles.com/; lxx_link_type=Dofollow; lxx_paid=false; manual_hold=false; language=English; update_date=2025-09-23T00:00:00+00:00; tips=; details=; offer=
981,2a06a779-3933-4063-99be-2159e58e84e5,lxx_ai,demo5651.asly.nl,https://demo5651.asly.nl/,45,0,General,unknown,65,lxx_link=https://demo5651.asly.nl/; lxx_link_type=Dofollow; lxx_paid=false; manual_hold=false; language=English; update_date=2025-09-23T00:00:00+00:00; tips=; details=; offer=
982,8ce75d24-05a5-437d-802d-bbfa006fb112,lxx_ai,mrleffsclass.com,https://www.mrleffsclass.com/forum/member.php,45,0,Education,unknown,65,lxx_link=https://www.mrleffsclass.com/forum/member.php; lxx_link_type=Dofollow; lxx_paid=false; manual_hold=false; language=English; update_date=2025-09-23T00:00:00+00:00; tips=; details=; offer=
983,02d2e97f-db08-4a36-978a-13c4ea2ad630,lxx_ai,slotforum.com,https://slotforum.com/,45,89467,Automobile,unknown,65,lxx_link=https://slotforum.com/; lxx_link_type=Dofollow; lxx_paid=false; manual_hold=false; language=English; update_date=2025-09-23T00:00:00+00:00; tips=; details=; offer=
984,a173a02f-68cb-4798-85bc-07a3c5b12af8,lxx_ai,tutpub.com,https://tutpub.com/,45,103,General,unknown,65,lxx_link=https://tutpub.com/; lxx_link_type=Dofollow; lxx_paid=false; manual_hold=false; language=English; update_date=2025-09-23T00:00:00+00:00; tips=; details=; offer=
985,5b10b243-22a1-433c-bc9d-5e122f31b1c5,lxx_ai,tuugo.pk,https://tuugo.pk/,45,0,General,unknown,65,lxx_link=https://tuugo.pk/; lxx_link_type=Dofollow; lxx_paid=false; manual_hold=false; language=English; update_date=2025-09-23T00:00:00+00:00; tips=; details=; offer=
986,0e079a8e-c475-4dfd-a02a-2186719cd4ea,lxx_ai,a1bookmarks.com,https://a1bookmarks.com/,44,19726,General,unknown,65,lxx_link=https://a1bookmarks.com/; lxx_link_type=Dofollow; lxx_paid=false; manual_hold=false; language=English; update_date=2025-09-23T00:00:00+00:00; tips=; details=; offer=
987,e004e509-ad84-4278-99f1-0b4a6132798d,lxx_ai,historum.com,https://historum.com/,44,169075,Education,unknown,65,lxx_link=https://historum.com/; lxx_link_type=Dofollow; lxx_paid=false; manual_hold=false; language=English; update_date=2025-09-23T00:00:00+00:00; tips=; details=; offer=
988,db601ea9-2e10-4560-b62e-202a3293e53f,lxx_ai,homeone.com.au,https://homeone.com.au/,44,79798,Architecture,unknown,65,lxx_link=https://homeone.com.au/; lxx_link_type=Dofollow; lxx_paid=false; manual_hold=false; language=English; update_date=2025-09-23T00:00:00+00:00; tips=; details=; offer=
989,4be6bc28-7360-473e-b971-4b19b99f0812,lxx_ai,ifish.net,https://ifish.net/,44,664401,Fishing,unknown,65,lxx_link=https://ifish.net/; lxx_link_type=Dofollow; lxx_paid=false; manual_hold=false; language=English; update_date=2025-09-23T00:00:00+00:00; tips=; details=; offer=
990,46caf4da-7c7d-4875-bd98-2f2ee6b4735f,lxx_ai,mytripjournal.com,https://mytripjournal.com/,44,531424,General,unknown,65,lxx_link=https://mytripjournal.com/; lxx_link_type=Dofollow; lxx_paid=false; manual_hold=false; language=English; update_date=2025-09-23T00:00:00+00:00; tips=; details=; offer=
991,3dd7c550-2385-44ec-97f4-8da3926a7c2b,lxx_ai,ocjobs.com,https://ocjobs.com/,44,0,General,unknown,65,lxx_link=https://ocjobs.com/; lxx_link_type=Dofollow; lxx_paid=false; manual_hold=false; language=English; update_date=2025-09-23T00:00:00+00:00; tips=; details=; offer=
992,5737c151-297f-4899-9805-1abee55ca948,lxx_ai,skeptikon.fr,https://skeptikon.fr/,44,6145,General,unknown,65,lxx_link=https://skeptikon.fr/; lxx_link_type=Dofollow; lxx_paid=false; manual_hold=false; language=English; update_date=2025-09-23T00:00:00+00:00; tips=; details=; offer=
993,2e132475-ae5d-478f-81da-6cfe4c201e11,lxx_ai,advices.sblinks.net,https://advices.sblinks.net/,43,0,General,unknown,65,lxx_link=https://advices.sblinks.net/; lxx_link_type=Dofollow; lxx_paid=false; manual_hold=false; language=English; update_date=2025-09-23T00:00:00+00:00; tips=; details=; offer=
994,98b95188-2b49-4aa2-be60-1888639f203c,lxx_ai,al.ly,https://al.ly/,43,0,General,unknown,65,lxx_link=https://al.ly/; lxx_link_type=Dofollow; lxx_paid=false; manual_hold=false; language=English; update_date=2025-09-23T00:00:00+00:00; tips=; details=; offer=
995,bf6dbe9a-4c87-46af-8fba-49c4260bbffa,lxx_ai,clipix.com,https://clipix.com/,43,63938,General,unknown,65,lxx_link=https://clipix.com/; lxx_link_type=Dofollow; lxx_paid=false; manual_hold=false; language=English; update_date=2025-09-23T00:00:00+00:00; tips=; details=; offer=
996,4e31cbc7-7e3d-402d-8e9e-96b1e08111d1,lxx_ai,evosolution.net,https://evosolution.net/Forum/member.php,43,0,General,unknown,65,lxx_link=https://evosolution.net/Forum/member.php; lxx_link_type=Dofollow; lxx_paid=false; manual_hold=false; language=French; update_date=2025-09-23T00:00:00+00:00; tips=; details=; offer=
997,a4e36c01-d30b-4b7b-aaa7-e2a37bededa6,lxx_ai,helpfulgardener.com,https://helpfulgardener.com/forum/,43,6862,Gardening,unknown,65,lxx_link=https://helpfulgardener.com/forum/; lxx_link_type=Dofollow; lxx_paid=false; manual_hold=false; language=English; update_date=2025-09-23T00:00:00+00:00; tips=; details=; offer=
998,cd7d7e40-9348-4936-9e10-5a68e6af974a,lxx_ai,jeparticipe.ville-montlouis-loire.fr,https://jeparticipe.ville-montlouis-loire.fr/,43,192,General,unknown,65,lxx_link=https://jeparticipe.ville-montlouis-loire.fr/; lxx_link_type=Dofollow; lxx_paid=false; manual_hold=false; language=French; update_date=2025-09-23T00:00:00+00:00; tips=; details=; offer=
999,4aa57ff0-a2ca-494e-b88b-34927d7324f7,lxx_ai,sportsa.com,https://sportsa.com/,43,3934,Sports,unknown,65,lxx_link=https://sportsa.com/; lxx_link_type=Dofollow; lxx_paid=false; manual_hold=false; language=English; update_date=2025-09-23T00:00:00+00:00; tips=; details=; offer=
1000,55c8dfd2-95c3-4f08-b85a-e0177ba9bd7c,lxx_ai,activebookmarks.com,https://activebookmarks.com/,42,32533,General,unknown,65,lxx_link=https://activebookmarks.com/; lxx_link_type=Dofollow; lxx_paid=false; manual_hold=false; language=English; update_date=2025-09-23T00:00:00+00:00; tips=; details=; offer=
1001,1e2164b6-7b0d-4fa9-bf24-f4e1f99bbfb2,lxx_ai,admin-talk.com,https://admin-talk.com/,42,0,Bussiness,unknown,65,lxx_link=https://admin-talk.com/; lxx_link_type=Dofollow; lxx_paid=false; manual_hold=false; language=English; update_date=2025-09-23T00:00:00+00:00; tips=; details=; offer=
1002,bfe91e24-2c4d-4085-975c-33e7a23c36dc,lxx_ai,bookmarkfeeds.com,https://bookmarkfeeds.com/,42,23049,General,unknown,65,lxx_link=https://bookmarkfeeds.com/; lxx_link_type=Dofollow; lxx_paid=false; manual_hold=false; language=English; update_date=2025-09-23T00:00:00+00:00; tips=; details=; offer=
1003,fe3b61c3-9a03-4a06-84e1-9c0e2ada150b,lxx_ai,bookmarkwiki.com,https://bookmarkwiki.com/,42,26695,General,unknown,65,lxx_link=https://bookmarkwiki.com/; lxx_link_type=Dofollow; lxx_paid=false; manual_hold=false; language=English; update_date=2025-09-23T00:00:00+00:00; tips=; details=; offer=
1004,12ce8dff-0bb5-4b72-a3a7-446399c82b08,lxx_ai,forum.bassbuzz.com,https://forum.bassbuzz.com/,42,100571,Music,unknown,65,lxx_link=https://forum.bassbuzz.com/; lxx_link_type=Dofollow; lxx_paid=false; manual_hold=false; language=English; update_date=2025-09-23T00:00:00+00:00; tips=; details=; offer=
1005,b453614d-42b2-4d55-a058-cf0c8a4623a6,lxx_ai,fotografie.at,https://fotografie.at/,42,20480,Photography,unknown,65,lxx_link=https://fotografie.at/; lxx_link_type=Dofollow; lxx_paid=false; manual_hold=false; language=German; update_date=2025-09-23T00:00:00+00:00; tips=; details=; offer=
1006,a56ccbf7-e274-4d9e-b206-e7fcc7a6ffec,lxx_ai,hitchtube.fr,https://hitchtube.fr/,42,0,Travel,unknown,65,lxx_link=https://hitchtube.fr/; lxx_link_type=Dofollow; lxx_paid=false; manual_hold=false; language=English; update_date=2025-09-23T00:00:00+00:00; tips=; details=; offer=
1007,ed799c7c-911e-4ead-9ae6-758ba7f54902,lxx_ai,social-bookmarkingsites.com,https://social-bookmarkingsites.com/,42,44665,General,unknown,65,lxx_link=https://social-bookmarkingsites.com/; lxx_link_type=Dofollow; lxx_paid=false; manual_hold=false; language=English; update_date=2025-09-23T00:00:00+00:00; tips=; details=; offer=
1008,cead612f-bcbc-4755-ac53-17f2b3726ca0,lxx_ai,tuugo.co.nz,https://tuugo.co.nz/,42,0,General,unknown,65,lxx_link=https://tuugo.co.nz/; lxx_link_type=Dofollow; lxx_paid=false; manual_hold=false; language=English; update_date=2025-09-23T00:00:00+00:00; tips=; details=; offer=
1009,9719cd9c-3847-4b20-94f9-00999dd62b9d,lxx_ai,tuugo.it,https://tuugo.it/,42,500,General,unknown,65,lxx_link=https://tuugo.it/; lxx_link_type=Dofollow; lxx_paid=false; manual_hold=false; language=Italian; update_date=2025-09-23T00:00:00+00:00; tips=; details=; offer=
1010,9a287703-ff12-472e-811e-82ccd3335bec,lxx_ai,tuugo.sg,https://tuugo.sg/,42,0,General,unknown,65,lxx_link=https://tuugo.sg/; lxx_link_type=Dofollow; lxx_paid=false; manual_hold=false; language=English; update_date=2025-09-23T00:00:00+00:00; tips=; details=; offer=
1011,9c62094f-bdee-4725-98cc-523f12131b1a,lxx_ai,video.liberta.vip,https://video.liberta.vip/,42,27298,General,unknown,65,lxx_link=https://video.liberta.vip/; lxx_link_type=Dofollow; lxx_paid=false; manual_hold=false; language=English; update_date=2025-09-23T00:00:00+00:00; tips=; details=; offer=
1012,bf26af23-0bd6-406b-9b9c-d9e0c5c26a76,lxx_ai,bookmarkee.com,https://bookmarkee.com/,41,19614,General,unknown,65,lxx_link=https://bookmarkee.com/; lxx_link_type=Dofollow; lxx_paid=false; manual_hold=false; language=English; update_date=2025-09-23T00:00:00+00:00; tips=; details=; offer=
1013,ab5c9ea0-463d-4c83-85cc-7590d71f6486,lxx_ai,bookmarkgroups.com,https://bookmarkgroups.com/,41,4433,General,unknown,65,lxx_link=https://bookmarkgroups.com/; lxx_link_type=Dofollow; lxx_paid=false; manual_hold=false; language=English; update_date=2025-09-23T00:00:00+00:00; tips=; details=; offer=
1014,381c4cd2-8384-42c1-a61f-6eb250338c9e,lxx_ai,bookmarkingpage.com,https://bookmarkingpage.com/,41,0,General,unknown,65,lxx_link=https://bookmarkingpage.com/; lxx_link_type=Dofollow; lxx_paid=false; manual_hold=false; language=English; update_date=2025-09-23T00:00:00+00:00; tips=; details=; offer=
1015,52a7756d-557c-41c4-bf5a-2b720f9f7e82,lxx_ai,jobs.calgeo.org,https://jobs.calgeo.org/,41,0,General,unknown,65,lxx_link=https://jobs.calgeo.org/; lxx_link_type=Dofollow; lxx_paid=false; manual_hold=false; language=English; update_date=2025-09-23T00:00:00+00:00; tips=; details=; offer=
1016,214821b6-3b38-4789-948f-78b834a9455f,lxx_ai,tuugo.at,https://tuugo.at/,41,0,General,unknown,65,lxx_link=https://tuugo.at/; lxx_link_type=Dofollow; lxx_paid=false; manual_hold=false; language=English; update_date=2025-09-23T00:00:00+00:00; tips=; details=; offer=
1017,3388d77d-7567-4650-bc26-5c114753233d,lxx_ai,audiolub.pl,https://audiolub.pl/,40,2524,Music,unknown,65,lxx_link=https://audiolub.pl/; lxx_link_type=Dofollow; lxx_paid=false; manual_hold=false; language=Polish; update_date=2025-09-23T00:00:00+00:00; tips=; details=; offer=
1018,e52494c7-26ef-42d8-b10f-d7bf6bf7b439,lxx_ai,bookmarkinghost.info,https://bookmarkinghost.info/,40,16178,General,unknown,65,lxx_link=https://bookmarkinghost.info/; lxx_link_type=Dofollow; lxx_paid=false; manual_hold=false; language=English; update_date=2025-09-23T00:00:00+00:00; tips=; details=; offer=
1019,04005d79-8845-4838-a06e-5c7597f237ed,lxx_ai,bookmarks2u.com,https://bookmarks2u.com/,40,27950,General,unknown,65,lxx_link=https://bookmarks2u.com/; lxx_link_type=Dofollow; lxx_paid=false; manual_hold=false; language=English; update_date=2025-09-23T00:00:00+00:00; tips=; details=; offer=
1020,f08eb98c-8cdd-4192-95ad-a65c241e99ff,lxx_ai,careers.msae.net,https://careers.msae.net/,40,0,General,unknown,65,lxx_link=https://careers.msae.net/; lxx_link_type=Dofollow; lxx_paid=false; manual_hold=false; language=English; update_date=2025-09-23T00:00:00+00:00; tips=; details=; offer=
1021,4f4643d5-d460-4b59-ab99-4a93261f6613,lxx_ai,chazhound.com,https://chazhound.com/index.php,40,2513,Pet,unknown,65,lxx_link=https://chazhound.com/index.php; lxx_link_type=Dofollow; lxx_paid=false; manual_hold=false; language=English; update_date=2025-09-23T00:00:00+00:00; tips=; details=; offer=
1022,ed224e9c-6820-4ba6-b6e2-6df7c4ae0f13,lxx_ai,gardenforums.com,https://gardenforums.com/forum/index.php,40,3328,Gardening,unknown,65,lxx_link=https://gardenforums.com/forum/index.php; lxx_link_type=Dofollow; lxx_paid=false; manual_hold=false; language=English; update_date=2025-09-23T00:00:00+00:00; tips=; details=; offer=
1023,05bf23e1-2137-477e-a507-4bdaf2458508,lxx_ai,issuhub.com,https://issuhub.com/,40,24439,General,unknown,65,lxx_link=https://issuhub.com/; lxx_link_type=Dofollow; lxx_paid=false; manual_hold=false; language=English; update_date=2025-09-23T00:00:00+00:00; tips=; details=; offer=
1024,2078f56a-40d7-41e5-9a58-3ce6ca8cbd02,lxx_ai,myhq.com,https://myhq.com/,40,1388,General,unknown,65,lxx_link=https://myhq.com/; lxx_link_type=Dofollow; lxx_paid=false; manual_hold=false; language=English; update_date=2025-09-23T00:00:00+00:00; tips=; details=; offer=
1025,8be29b43-e6ca-4aff-9cfd-18cb9306a446,lxx_ai,painttalk.com,https://painttalk.com/,40,147278,Art,unknown,65,lxx_link=https://painttalk.com/; lxx_link_type=Dofollow; lxx_paid=false; manual_hold=false; language=English; update_date=2025-09-23T00:00:00+00:00; tips=; details=; offer=
1026,093c3211-a5d6-4df9-988a-d6f312497837,lxx_ai,roweroweporady.pl,https://roweroweporady.pl/f/,40,86925,Sports,unknown,65,lxx_link=https://roweroweporady.pl/f/; lxx_link_type=Dofollow; lxx_paid=false; manual_hold=false; language=Polish; update_date=2025-09-23T00:00:00+00:00; tips=; details=; offer=
1027,83421fd0-2f4f-459d-88dc-f79bfb0a76b4,lxx_ai,socialbookmarknow.info,https://socialbookmarknow.info/,40,16540,General,unknown,65,lxx_link=https://socialbookmarknow.info/; lxx_link_type=Dofollow; lxx_paid=false; manual_hold=false; language=English; update_date=2025-09-23T00:00:00+00:00; tips=; details=; offer=
1028,874f395e-1423-4638-8015-1a13665692a2,lxx_ai,a-ads.com,https://a-ads.com/,75,4044515,Blockchain,classified,63,lxx_link=https://a-ads.com/; lxx_link_type=Nofollow; lxx_paid=false; manual_hold=false; language=English; update_date=2025-09-23T00:00:00+00:00; tips=; details=; offer=
1029,4d290dc8-b51a-4354-a158-97bac8253a28,lxx_ai,classifiedads.com,https://www.classifiedads.com/,72,279358,General,classified,63,lxx_link=https://www.classifiedads.com/; lxx_link_type=Nofollow; lxx_paid=false; manual_hold=false; language=English; update_date=2025-09-23T00:00:00+00:00; tips=; details=; offer=
1030,c334785e-cf70-406b-8cce-086e2218d646,lxx_ai,bradsdeals.com,https://www.bradsdeals.com/,71,7444399,General,classified,63,lxx_link=https://www.bradsdeals.com/; lxx_link_type=Nofollow; lxx_paid=false; manual_hold=false; language=English; update_date=2025-09-23T00:00:00+00:00; tips=; details=; offer=
1031,35f0d80e-8635-433e-b38f-6ff339230c75,lxx_ai,testadsl.net,https://www.testadsl.net/,64,13400,General,classified,63,lxx_link=https://www.testadsl.net/; lxx_link_type=Unknown; lxx_paid=false; manual_hold=false; language=English; update_date=2025-05-21T00:00:00+00:00; tips=Reply to a post; details=; offer=
1032,1bceb251-37d0-4ad4-854c-28083eabd6c3,lxx_ai,g2.com,https://www.g2.com/products/new,98,3200000,Software,directory,60,lxx_link=https://www.g2.com/; lxx_link_type=Unknown; lxx_paid=false; manual_hold=true; language=English; update_date=2025-06-03T00:00:00+00:00; tips=Domain Email Only. https://www.g2.com/products/new; details=; offer=
1033,03b94779-c309-4c7e-b1f5-506974622555,lxx_ai,britishcarforum.com,https://britishcarforum.com/community/pages/home/,32,22256,Automobile,profile,60,lxx_link=https://britishcarforum.com/community/pages/home/; lxx_link_type=Dofollow; lxx_paid=false; manual_hold=false; language=English; update_date=2025-09-23T00:00:00+00:00; tips=; details=; offer=
1034,d4908bfb-93a4-4a65-bd36-322a197217f0,lxx_ai,ontoplist.com,https://ontoplist.com/,78,18412,Blog,blog_comment,58,lxx_link=https://ontoplist.com/; lxx_link_type=Nofollow; lxx_paid=false; manual_hold=false; language=English; update_date=2025-09-23T00:00:00+00:00; tips=; details=; offer=
1035,ec58d1bf-0c6a-42d2-bfad-84484076730b,lxx_ai,blogarama.com,https://www.blogarama.com/,75,51254,Blog,blog_comment,58,lxx_link=https://www.blogarama.com/; lxx_link_type=Nofollow; lxx_paid=false; manual_hold=false; language=English; update_date=2025-09-23T00:00:00+00:00; tips=; details=; offer=
1036,53779e76-247f-4210-ad3f-4dd33dec567e,lxx_ai,blogarama.com,https://blogarama.com/,75,51254,Blog,blog_comment,58,lxx_link=https://blogarama.com/; lxx_link_type=Nofollow; lxx_paid=false; manual_hold=false; language=English; update_date=2025-09-23T00:00:00+00:00; tips=; details=; offer=
1037,1e1153c6-a6f1-495b-b2e0-97979e4cf016,lxx_ai,blogfreely.net,https://blogfreely.net/,75,13278,General,blog_comment,58,lxx_link=https://blogfreely.net/; lxx_link_type=Nofollow; lxx_paid=false; manual_hold=false; language=English; update_date=2025-09-23T00:00:00+00:00; tips=; details=; offer=
1038,9e4d16be-5fcf-47a9-8549-eb651a509e71,lxx_ai,blogs.botw.org,https://blogs.botw.org/,74,3125,Blog,blog_comment,58,lxx_link=https://blogs.botw.org/; lxx_link_type=Nofollow; lxx_paid=false; manual_hold=false; language=English; update_date=2025-09-23T00:00:00+00:00; tips=; details=; offer=
1039,9ca320fd-4254-49a3-83f4-a9457a3f7d0e,lxx_ai,writeupcafe.com,https://writeupcafe.com/,70,122295,Blog,blog_comment,58,lxx_link=https://writeupcafe.com/; lxx_link_type=Nofollow; lxx_paid=false; manual_hold=false; language=English; update_date=2025-09-23T00:00:00+00:00; tips=; details=; offer=
1040,2012cf4c-09eb-48d7-957e-2c6f4c6537ca,lxx_ai,blogs.rufox.ru,https://blogs.rufox.ru/,68,106,Social Media,blog_comment,58,lxx_link=https://blogs.rufox.ru/; lxx_link_type=Unknown; lxx_paid=false; manual_hold=false; language=Russian; update_date=2025-05-21T00:00:00+00:00; tips=Reply to a post; details=; offer=
1041,b85d9a30-f4fb-43a1-b328-c7865a0fb100,lxx_ai,rospisatel.ru,https://www.rospisatel.ru/,52,37900,General,blog_comment,58,lxx_link=https://www.rospisatel.ru/; lxx_link_type=Unknown; lxx_paid=false; manual_hold=false; language=Russian; update_date=2025-05-21T00:00:00+00:00; tips=Comment on a news; details=; offer=
1042,f2f03535-e547-4539-9807-212966350896,lxx_ai,startupranking.com,https://www.startupranking.com/,68,95071,Startup,directory,55,lxx_link=https://www.startupranking.com/; lxx_link_type=Nofollow; lxx_paid=false; manual_hold=false; language=English; update_date=2025-09-23T00:00:00+00:00; tips=; details=; offer=
1043,ba5a7121-4127-412c-b687-2dadb553a105,lxx_ai,startupstash.com,https://startupstash.com/,68,108876,SaaS,directory,55,lxx_link=https://startupstash.com/; lxx_link_type=Nofollow; lxx_paid=false; manual_hold=false; language=English; update_date=2025-09-23T00:00:00+00:00; tips=; details=; offer=
1044,6f3cc00b-7d49-4c39-af5c-12f498f6acd3,lxx_ai,webhitlist.com,https://webhitlist.com/,68,1731,General,directory,55,lxx_link=https://webhitlist.com/; lxx_link_type=Nofollow; lxx_paid=false; manual_hold=false; language=English; update_date=2025-09-23T00:00:00+00:00; tips=; details=; offer=
1045,14f0619e-559e-485b-be0d-c3dde9fb371c,lxx_ai,pitchwall.co,https://pitchwall.co/,67,38300,Startup,directory,55,lxx_link=https://pitchwall.co/; lxx_link_type=Nofollow; lxx_paid=false; manual_hold=false; language=English; update_date=2025-05-18T00:00:00+00:00; tips=; details=; offer=
1046,e3c8c288-a50b-4a31-aca7-d42071b9d2b0,lxx_ai,businesslistingplus.com,https://www.businesslistingplus.com/,66,11532,General,directory,55,lxx_link=https://www.businesslistingplus.com/; lxx_link_type=Nofollow; lxx_paid=false; manual_hold=false; language=English; update_date=2025-09-23T00:00:00+00:00; tips=; details=; offer=
1047,f2ace180-e966-4df4-854a-a2cddaadc0f0,lxx_ai,startupresources.io,https://startupresources.io/,66,32143,Startup,directory,55,lxx_link=https://startupresources.io/; lxx_link_type=Nofollow; lxx_paid=false; manual_hold=false; language=English; update_date=2025-09-23T00:00:00+00:00; tips=; details=; offer=
1048,c6001040-6f1d-4d83-981a-469297e224a0,lxx_ai,jasminedirectory.com,https://www.jasminedirectory.com/,65,22122,General,directory,55,lxx_link=https://www.jasminedirectory.com/; lxx_link_type=Nofollow; lxx_paid=false; manual_hold=false; language=English; update_date=2025-09-23T00:00:00+00:00; tips=; details=; offer=
1049,37f0773d-b5aa-4de7-a3f6-ea1c6920f7b2,lxx_ai,pcspecialist.co.uk,https://pcspecialist.co.uk/forums/,65,693006,Consumer,directory,55,lxx_link=https://pcspecialist.co.uk/forums/; lxx_link_type=Nofollow; lxx_paid=false; manual_hold=false; language=English; update_date=2025-09-23T00:00:00+00:00; tips=; details=; offer=
1050,a721b9f6-da7e-4af0-a5a5-0635ad46db2d,lxx_ai,techdirectory.io,https://www.techdirectory.io/,64,33941,Business,directory,55,lxx_link=https://www.techdirectory.io/; lxx_link_type=Nofollow; lxx_paid=false; manual_hold=false; language=English; update_date=2025-09-23T00:00:00+00:00; tips=; details=; offer=
1051,57d4cd14-8497-4a7f-b3c0-3c8cc956a39b,lxx_ai,toolfinder.co,https://toolfinder.co/,64,311699,SaaS,directory,55,lxx_link=https://toolfinder.co/; lxx_link_type=Nofollow; lxx_paid=false; manual_hold=false; language=English; update_date=2025-09-23T00:00:00+00:00; tips=; details=; offer=
1052,2e02d55e-86e3-4162-9de8-065e14085c53,lxx_ai,ebool.com,https://www.ebool.com/,62,38815,SaaS,directory,55,lxx_link=https://www.ebool.com/; lxx_link_type=Nofollow; lxx_paid=false; manual_hold=false; language=English; update_date=2025-09-23T00:00:00+00:00; tips=; details=; offer=
1053,a47935b1-79e7-4357-a040-685e7b2f6947,lxx_ai,avivadirectory.com,https://avivadirectory.com/,61,5656,General,directory,55,lxx_link=https://avivadirectory.com/; lxx_link_type=Nofollow; lxx_paid=false; manual_hold=false; language=English; update_date=2025-09-23T00:00:00+00:00; tips=; details=; offer=
1054,ef3da70f-708b-4872-93a9-b9490777f16b,lxx_ai,dealify.com,https://www.dealify.com/,61,124247,SaaS,directory,55,lxx_link=https://www.dealify.com/; lxx_link_type=Nofollow; lxx_paid=false; manual_hold=false; language=English; update_date=2025-09-23T00:00:00+00:00; tips=; details=; offer=
1055,fcc09664-12d0-47f4-b0c2-f7612a250c08,lxx_ai,dealmirror.com,https://dealmirror.com/,61,118099,SaaS,directory,55,lxx_link=https://dealmirror.com/; lxx_link_type=Nofollow; lxx_paid=false; manual_hold=false; language=English; update_date=2025-09-23T00:00:00+00:00; tips=; details=; offer=
1056,5348aa31-af46-4ef6-9961-87af2150a5d8,lxx_ai,index.co,https://index.co/,60,90,Startup,directory,55,lxx_link=https://index.co/; lxx_link_type=Nofollow; lxx_paid=false; manual_hold=false; language=English; update_date=2025-09-23T00:00:00+00:00; tips=; details=; offer=
1057,50430b73-b338-477f-8ddd-4e02f2b9272b,lxx_ai,startups.snapmunk.com,https://startups.snapmunk.com/,59,0,Startup,directory,55,lxx_link=https://startups.snapmunk.com/; lxx_link_type=Nofollow; lxx_paid=false; manual_hold=false; language=English; update_date=2025-09-23T00:00:00+00:00; tips=; details=; offer=
1058,60029d08-fdf4-4131-b01e-7d7979ab0a12,lxx_ai,getmakerlog.com,https://getmakerlog.com/,57,0,Startup,directory,55,lxx_link=https://getmakerlog.com/; lxx_link_type=Nofollow; lxx_paid=false; manual_hold=false; language=English; update_date=2025-09-23T00:00:00+00:00; tips=; details=; offer=
1059,28dd7327-863a-4da8-800a-4f6792cb6548,lxx_ai,pitchground.com,https://pitchground.com/,57,9449,SaaS,directory,55,lxx_link=https://pitchground.com/; lxx_link_type=Nofollow; lxx_paid=false; manual_hold=false; language=English; update_date=2025-09-23T00:00:00+00:00; tips=; details=; offer=
1060,6baa6b4d-4e51-4315-927c-9894913d9b58,lxx_ai,innmind.com,https://innmind.com/,55,6694,Startup,directory,55,lxx_link=https://innmind.com/; lxx_link_type=Nofollow; lxx_paid=false; manual_hold=false; language=English; update_date=2025-09-23T00:00:00+00:00; tips=; details=; offer=
1061,f904123d-1aa8-4536-8341-ed37720d96ee,lxx_ai,betabound.com,https://www.betabound.com/,54,58412,SaaS,directory,55,lxx_link=https://www.betabound.com/; lxx_link_type=Nofollow; lxx_paid=false; manual_hold=false; language=English; update_date=2025-09-23T00:00:00+00:00; tips=; details=; offer=
1062,ff2acbd8-8b38-469d-b6ca-d31c09140b31,lxx_ai,startupbase.io,https://startupbase.io/,53,17556,Startup,directory,55,lxx_link=https://startupbase.io/; lxx_link_type=Nofollow; lxx_paid=false; manual_hold=false; language=English; update_date=2025-09-23T00:00:00+00:00; tips=; details=; offer=
1063,bd345ecb-b893-49fc-96b9-206f75fe0396,lxx_ai,startacus.net,https://startacus.net/,51,0,Startup,directory,55,lxx_link=https://startacus.net/; lxx_link_type=Nofollow; lxx_paid=false; manual_hold=false; language=English; update_date=2025-09-23T00:00:00+00:00; tips=; details=; offer=
1064,854ad6b1-ba32-48f1-999c-66e22e624272,lxx_ai,launchingnext.com,https://www.launchingnext.com/,50,26680,Startup,directory,55,lxx_link=https://www.launchingnext.com/; lxx_link_type=Nofollow; lxx_paid=false; manual_hold=false; language=English; update_date=2025-09-23T00:00:00+00:00; tips=; details=; offer=
1065,7a47db52-ea77-4c82-8e8e-33d70347a976,lxx_ai,freelistingindia.in,https://freelistingindia.in/,49,34411,General,directory,55,lxx_link=https://freelistingindia.in/; lxx_link_type=Nofollow; lxx_paid=false; manual_hold=false; language=English; update_date=2025-09-23T00:00:00+00:00; tips=; details=; offer=
1066,21c07cb9-521c-4b01-bf2d-560d393d0a93,lxx_ai,startupinspire.com,https://www.startupinspire.com/,48,7782,Startup,directory,55,lxx_link=https://www.startupinspire.com/; lxx_link_type=Nofollow; lxx_paid=false; manual_hold=false; language=English; update_date=2025-09-23T00:00:00+00:00; tips=; details=; offer=
1067,ffe79897-945a-43cc-a058-392cd7923e6b,lxx_ai,bigstartups.co,https://bigstartups.co/,47,12958,SaaS,directory,55,lxx_link=https://bigstartups.co/; lxx_link_type=Nofollow; lxx_paid=false; manual_hold=false; language=English; update_date=2025-09-23T00:00:00+00:00; tips=; details=; offer=
1068,a1a215ed-2559-4fbc-8ff1-34c0d67d3e4a,lxx_ai,lemon-directory.com,https://lemon-directory.com/,47,156,General,directory,55,lxx_link=https://lemon-directory.com/; lxx_link_type=Nofollow; lxx_paid=false; manual_hold=false; language=English; update_date=2025-09-23T00:00:00+00:00; tips=; details=; offer=
1069,f7c11f13-5f82-40f9-a7b4-b5addce614b5,lxx_ai,stork.ai,https://www.stork.ai,47,72200,AI Tools Directory,directory,55,lxx_link=https://www.stork.ai; lxx_link_type=Nofollow; lxx_paid=false; manual_hold=false; language=English; update_date=2025-05-18T00:00:00+00:00; tips=; details=; offer=
1070,309a9034-0530-4986-adfc-38c433cb2909,lxx_ai,unicyclist.com,https://unicyclist.com/,47,37253,General,directory,55,lxx_link=https://unicyclist.com/; lxx_link_type=Nofollow; lxx_paid=false; manual_hold=false; language=English; update_date=2025-09-23T00:00:00+00:00; tips=; details=; offer=
1071,17a05179-2303-471f-98a4-7f37167e8f2f,lxx_ai,startuptracker.io,https://startuptracker.io/,44,3505,Startup,directory,55,lxx_link=https://startuptracker.io/; lxx_link_type=Nofollow; lxx_paid=false; manual_hold=false; language=English; update_date=2025-09-23T00:00:00+00:00; tips=; details=; offer=
1072,0e92b04b-18a8-4bc7-9ab6-f52dd0eb1902,lxx_ai,saasmantra.com,https://saasmantra.com/,42,7478,SaaS,directory,55,lxx_link=https://saasmantra.com/; lxx_link_type=Nofollow; lxx_paid=false; manual_hold=false; language=English; update_date=2025-09-23T00:00:00+00:00; tips=; details=; offer=
1073,59a49009-97d3-42cd-8802-22c8b4cafd8a,lxx_ai,startupbuffer.com,https://startupbuffer.com/,42,12420,Startup,directory,55,lxx_link=https://startupbuffer.com/; lxx_link_type=Nofollow; lxx_paid=false; manual_hold=false; language=English; update_date=2025-09-23T00:00:00+00:00; tips=; details=; offer=
1074,67eed190-aed0-4b7f-be40-5eda0b1116a4,lxx_ai,tools.robingood.com,https://tools.robingood.com/,42,155,Business,directory,55,lxx_link=https://tools.robingood.com/; lxx_link_type=Nofollow; lxx_paid=false; manual_hold=false; language=English; update_date=2025-09-23T00:00:00+00:00; tips=; details=; offer=
1075,8359b963-bace-4839-bc0a-58bae0d1f71f,lxx_ai,thestartuppitch.com,https://thestartuppitch.com/,41,6194,Startup,directory,55,lxx_link=https://thestartuppitch.com/; lxx_link_type=Nofollow; lxx_paid=false; manual_hold=false; language=English; update_date=2025-09-23T00:00:00+00:00; tips=; details=; offer=
1076,3c7721f1-9170-475d-b818-dceccb3087a1,lxx_ai,crazyaboutstartups.com,https://crazyaboutstartups.com,39,4000,Startup,directory,55,lxx_link=https://crazyaboutstartups.com; lxx_link_type=Unknown; lxx_paid=false; manual_hold=false; language=English; update_date=2025-05-18T00:00:00+00:00; tips=; details=; offer=
1077,8db2869a-3913-435a-b5b1-53a1aadc41f2,lxx_ai,toolsdar.cn,https://toolsdar.cn/ai,38,566200,AI Tools Directory,directory,55,lxx_link=https://toolsdar.cn/ai; lxx_link_type=Unknown; lxx_paid=false; manual_hold=false; language=Chinese; update_date=2025-05-18T00:00:00+00:00; tips=; details=; offer=
1078,cba5f7cc-b3ff-408f-afe1-a280017adfe0,lxx_ai,aibesttop.com,https://www.aibesttop.com/,37,390,AI Tools Directory,directory,55,lxx_link=https://www.aibesttop.com/; lxx_link_type=Unknown; lxx_paid=false; manual_hold=false; language=English; update_date=2025-08-08T00:00:00+00:00; tips=; details=; offer=
1079,bafaadd9-cd9d-42fc-9b69-02975f9373f5,lxx_ai,foundr.ai,https://foundr.ai/,37,367100,AI Tools Directory,directory,55,lxx_link=https://foundr.ai/; lxx_link_type=Unknown; lxx_paid=false; manual_hold=false; language=English; update_date=2025-05-18T00:00:00+00:00; tips=; details=; offer=
1080,9b39844d-6096-4947-9baf-62d8c474eca9,lxx_ai,caida.eu,http://caida.eu/,33,100,General,directory,55,lxx_link=http://caida.eu/; lxx_link_type=Unknown; lxx_paid=false; manual_hold=false; language=English; update_date=2025-07-18T00:00:00+00:00; tips=Submit your product; details=; offer=
1081,51d25fce-92a7-433b-87c9-de914783236a,lxx_ai,piweb.it,http://piweb.it/,32,1600,Business,directory,55,lxx_link=http://piweb.it/; lxx_link_type=Unknown; lxx_paid=false; manual_hold=false; language=Italian; update_date=2025-07-18T00:00:00+00:00; tips=Submit your product; details=; offer=
1082,97e4dda1-9642-4e39-a359-f911c8c2b822,lxx_ai,navfolders.com,https://navfolders.com/,31,0,AI Tools Directory,directory,55,lxx_link=https://navfolders.com/; lxx_link_type=Unknown; lxx_paid=false; manual_hold=false; language=English; update_date=2025-09-22T00:00:00+00:00; tips=; details=; offer=
1083,138d97ba-a78e-48b3-bba0-69c28c80c640,lxx_ai,mwmbl.org,https://mwmbl.org/,30,9700,General,directory,55,lxx_link=https://mwmbl.org/; lxx_link_type=Unknown; lxx_paid=false; manual_hold=false; language=English; update_date=2025-05-21T00:00:00+00:00; tips=Submit a website for crawling; details=; offer=
1084,bbdbc3f3-4816-4e91-b76d-8322732bb6c5,lxx_ai,goodiebag.tv,http://goodiebag.tv/,29,3000,General,directory,55,lxx_link=http://goodiebag.tv/; lxx_link_type=Unknown; lxx_paid=false; manual_hold=false; language=English; update_date=2025-07-18T00:00:00+00:00; tips=Submit your product; details=; offer=
1085,e380c150-3455-4f00-adfc-aa01c283a046,lxx_ai,tuttosuitalia.com,http://tuttosuitalia.com/,29,5400,General,directory,55,lxx_link=http://tuttosuitalia.com/; lxx_link_type=Unknown; lxx_paid=false; manual_hold=false; language=English; update_date=2025-07-18T00:00:00+00:00; tips=Submit your product; details=; offer=
1086,f1596f65-e87e-497a-b7fe-72e086f02ba2,lxx_ai,apps4review.com,http://apps4review.com/,28,200,Mobile App,directory,55,lxx_link=http://apps4review.com/; lxx_link_type=Unknown; lxx_paid=false; manual_hold=false; language=English; update_date=2025-07-18T00:00:00+00:00; tips=Submit your product; details=; offer=
1087,176d399d-4908-4806-8841-e3a00430dafe,lxx_ai,ricercare-imprese.it,http://ricercare-imprese.it/,28,1100,General,directory,55,lxx_link=http://ricercare-imprese.it/; lxx_link_type=Unknown; lxx_paid=false; manual_hold=false; language=Italian; update_date=2025-07-18T00:00:00+00:00; tips=Submit your product; details=; offer=
1088,812e8e77-7c69-4fbe-b239-0d775cc6aac1,lxx_ai,appsthunder.com,https://appsthunder.com/,27,874,App Directory,directory,55,lxx_link=https://appsthunder.com/; lxx_link_type=Unknown; lxx_paid=false; manual_hold=false; language=English; update_date=2025-05-18T00:00:00+00:00; tips=; details=; offer=
1089,225cda38-e663-49cf-96e0-19b036ed6b23,lxx_ai,startup88.com,https://startup88.typeform.com/to/CRjWqM,27,1500,Startup,directory,55,lxx_link=https://startup88.com/; lxx_link_type=Unknown; lxx_paid=false; manual_hold=false; language=English; update_date=2025-06-17T00:00:00+00:00; tips=Submit: https://startup88.typeform.com/to/CRjWqM; details=; offer=
1090,35964888-0dd1-41c7-b413-cf3cd8e34ba9,lxx_ai,advanced-innovation.io,https://www.advanced-innovation.io,26,455,AI Tools Directory,directory,55,lxx_link=https://www.advanced-innovation.io; lxx_link_type=Unknown; lxx_paid=false; manual_hold=false; language=German; update_date=2025-05-18T00:00:00+00:00; tips=; details=; offer=
1091,b1edacae-0596-4df2-8fb9-a8e30fcbdfc7,lxx_ai,bluaziende.com,http://bluaziende.com/,25,2200,General,directory,55,lxx_link=http://bluaziende.com/; lxx_link_type=Unknown; lxx_paid=false; manual_hold=false; language=English; update_date=2025-07-18T00:00:00+00:00; tips=Submit your product; details=; offer=
1092,fafaca67-0e00-4e11-802c-50357cb8b957,lxx_ai,startupfa.st,https://www.startupfa.st/,24,1700,Startup,directory,55,lxx_link=https://www.startupfa.st/; lxx_link_type=Unknown; lxx_paid=false; manual_hold=false; language=English; update_date=2025-08-08T00:00:00+00:00; tips=; details=; offer=
1093,24e21bd8-5be8-4ecd-b50b-1e2b43e67b5d,lxx_ai,toptool.app,https://www.toptool.app/,24,123600,AI Tools Directory,directory,55,lxx_link=https://www.toptool.app/; lxx_link_type=Unknown; lxx_paid=false; manual_hold=false; language=English; update_date=2025-05-18T00:00:00+00:00; tips=; details=; offer=
1094,b8107856-fb05-433f-977e-e53d158f5ebb,lxx_ai,aipediahub.com,https://aipediahub.com/,21,2700,AI Tools Directory,directory,55,lxx_link=https://aipediahub.com/; lxx_link_type=Unknown; lxx_paid=false; manual_hold=false; language=English; update_date=2025-05-18T00:00:00+00:00; tips=; details=; offer=
1095,1973e707-c70e-4f5c-a80a-1cb19c901c40,lxx_ai,awesomeindie.com,https://awesomeindie.com/,20,4400,General,github_pr,55,lxx_link=https://awesomeindie.com/; lxx_link_type=Unknown; lxx_paid=false; manual_hold=false; language=English; update_date=2025-05-18T00:00:00+00:00; tips=; details=; offer=
1096,a0c02206-6a35-4539-977e-f62c429b1970,lxx_ai,fcpablogjobs.com,https://fcpablogjobs.com/,37,0,General,blog_comment,53,lxx_link=https://fcpablogjobs.com/; lxx_link_type=Dofollow; lxx_paid=false; manual_hold=false; language=English; update_date=2025-09-23T00:00:00+00:00; tips=; details=; offer=
1097,11aa8432-b9c1-4927-b07c-f7b79d727a31,lxx_ai,awwwards.com,https://awwwards.com/,89,2315341,Design,unknown,50,lxx_link=https://awwwards.com/; lxx_link_type=Nofollow; lxx_paid=false; manual_hold=false; language=English; update_date=2025-09-23T00:00:00+00:00; tips=; details=; offer=
1098,8ca78015-fbb9-4f1a-b9f0-e5f0b4e36b20,lxx_ai,flipboard.com,https://flipboard.com/,89,3121003,General,unknown,50,lxx_link=https://flipboard.com/; lxx_link_type=Nofollow; lxx_paid=false; manual_hold=false; language=English; update_date=2025-09-23T00:00:00+00:00; tips=; details=; offer=
1099,236db9ac-d38a-40ab-ac52-0690d2f3f2c5,lxx_ai,forum.videolan.org,https://forum.videolan.org/,89,306615,General,unknown,50,lxx_link=https://forum.videolan.org/; lxx_link_type=Nofollow; lxx_paid=false; manual_hold=false; language=English; update_date=2025-09-23T00:00:00+00:00; tips=; details=; offer=
1100,1314f46b-3416-47cd-b58a-39b02432b367,lxx_ai,gitlab.gnome.org,https://gitlab.gnome.org/,89,224680,Developers,unknown,50,lxx_link=https://gitlab.gnome.org/; lxx_link_type=Nofollow; lxx_paid=false; manual_hold=false; language=English; update_date=2025-09-23T00:00:00+00:00; tips=; details=; offer=
1101,2db61575-ef04-4256-b3b3-9234e6b11c03,lxx_ai,here.com,https://www.here.com/,89,1439661,General,unknown,50,lxx_link=https://www.here.com/; lxx_link_type=Nofollow; lxx_paid=false; manual_hold=false; language=English; update_date=2025-09-23T00:00:00+00:00; tips=; details=; offer=
1102,ead39129-b222-470e-a464-37989a8ab953,lxx_ai,paginebianche.it,https://paginebianche.it/,89,4005481,General,unknown,50,lxx_link=https://paginebianche.it/; lxx_link_type=Nofollow; lxx_paid=false; manual_hold=false; language=Italian; update_date=2025-09-23T00:00:00+00:00; tips=; details=; offer=
1103,eb7eb9e8-622c-4057-bdac-ecbe77c7ddd2,lxx_ai,sketchfab.com,https://sketchfab.com/,89,12487598,General,unknown,50,lxx_link=https://sketchfab.com/; lxx_link_type=Nofollow; lxx_paid=false; manual_hold=false; language=English; update_date=2025-09-23T00:00:00+00:00; tips=; details=; offer=
1104,50a160e4-4158-4574-b553-a1b722e31c3e,lxx_ai,w3techs.com,https://w3techs.com/,89,280119,Information,unknown,50,lxx_link=https://w3techs.com/; lxx_link_type=Nofollow; lxx_paid=false; manual_hold=false; language=English; update_date=2025-09-23T00:00:00+00:00; tips=; details=; offer=
1105,7090b126-7f2a-4601-9525-eb6e128e80c4,lxx_ai,alltrails.com,https://alltrails.com/,88,21067603,General,unknown,50,lxx_link=https://alltrails.com/; lxx_link_type=Nofollow; lxx_paid=false; manual_hold=false; language=English; update_date=2025-09-23T00:00:00+00:00; tips=; details=; offer=
1106,4856645b-6bfa-422e-bf2c-42740afb145f,lxx_ai,blurb.com,https://blurb.com/,88,546990,Books,unknown,50,lxx_link=https://blurb.com/; lxx_link_type=Nofollow; lxx_paid=false; manual_hold=false; language=English; update_date=2025-09-23T00:00:00+00:00; tips=; details=; offer=
1107,009e00ee-4362-438b-8344-0350da5224f5,lxx_ai,creativemarket.com,https://creativemarket.com/,88,3136990,General,unknown,50,lxx_link=https://creativemarket.com/; lxx_link_type=Nofollow; lxx_paid=false; manual_hold=false; language=English; update_date=2025-09-23T00:00:00+00:00; tips=; details=; offer=
1108,fb6c3a6a-491f-4a3f-b9d5-be8f1043bbf6,lxx_ai,fineartamerica.com,https://fineartamerica.com/,88,3135145,Art,unknown,50,lxx_link=https://fineartamerica.com/; lxx_link_type=Nofollow; lxx_paid=false; manual_hold=false; language=English; update_date=2025-09-23T00:00:00+00:00; tips=; details=; offer=
1109,0824ebf7-6761-4027-ab26-ea84c33ab964,lxx_ai,hr.ucsb.edu,https://www.hr.ucsb.edu/benefits/employee-discounts,88,12914,General,unknown,50,lxx_link=https://www.hr.ucsb.edu/benefits/employee-discounts; lxx_link_type=Nofollow; lxx_paid=false; manual_hold=false; language=English; update_date=2025-09-23T00:00:00+00:00; tips=; details=; offer=
1110,859feeb4-595e-4b53-a0dc-887546cfa082,lxx_ai,instructables.com,https://instructables.com/,88,11484460,General,unknown,50,lxx_link=https://instructables.com/; lxx_link_type=Nofollow; lxx_paid=false; manual_hold=false; language=English; update_date=2025-09-23T00:00:00+00:00; tips=; details=; offer=
1111,de8acf6e-e1b2-4a2d-b357-16d9a62410bb,lxx_ai,simplesite.com,https://simplesite.com/,88,42686,General,unknown,50,lxx_link=https://simplesite.com/; lxx_link_type=Nofollow; lxx_paid=false; manual_hold=false; language=English; update_date=2025-09-23T00:00:00+00:00; tips=; details=; offer=
1112,ff9aebd9-946f-45db-9594-98c5d36c6339,lxx_ai,slashdot.org,https://slashdot.org/,88,2932908,General,unknown,50,lxx_link=https://slashdot.org/; lxx_link_type=Nofollow; lxx_paid=false; manual_hold=false; language=English; update_date=2025-09-23T00:00:00+00:00; tips=; details=; offer=
1113,d35668c4-05c7-43e8-acb8-4b585667302a,lxx_ai,vecteezy.com,https://vecteezy.com/,88,22995212,General,unknown,50,lxx_link=https://vecteezy.com/; lxx_link_type=Nofollow; lxx_paid=false; manual_hold=false; language=English; update_date=2025-09-23T00:00:00+00:00; tips=; details=; offer=
1114,5765b453-81b1-41c2-9eaa-467a7ec71bd4,lxx_ai,yellowpages.ca,https://yellowpages.ca/,88,2345650,General,unknown,50,lxx_link=https://yellowpages.ca/; lxx_link_type=Nofollow; lxx_paid=false; manual_hold=false; language=English; update_date=2025-09-23T00:00:00+00:00; tips=; details=; offer=
1115,70af62d7-0062-4476-b98d-15f6188db0a6,lxx_ai,bark.com,https://www.bark.com/,87,2804411,General,unknown,50,lxx_link=https://www.bark.com/; lxx_link_type=Nofollow; lxx_paid=false; manual_hold=false; language=English; update_date=2025-09-23T00:00:00+00:00; tips=; details=; offer=
1116,95d6c204-103c-4e29-8ea4-0b6332ce8c85,lxx_ai,bravenet.com,https://bravenet.com/,87,246713,General,unknown,50,lxx_link=https://bravenet.com/; lxx_link_type=Nofollow; lxx_paid=false; manual_hold=false; language=English; update_date=2025-09-23T00:00:00+00:00; tips=; details=; offer=
1117,e02db4cd-8377-41f2-96ec-06765366b18a,lxx_ai,habr.com,https://habr.com/,87,39046117,General,unknown,50,lxx_link=https://habr.com/; lxx_link_type=Nofollow; lxx_paid=false; manual_hold=false; language=English; update_date=2025-09-23T00:00:00+00:00; tips=; details=; offer=
1118,c8e13717-b83e-450b-8f02-2c6fdefa6352,lxx_ai,hackerone.com,https://hackerone.com/,87,1503979,General,unknown,50,lxx_link=https://hackerone.com/; lxx_link_type=Nofollow; lxx_paid=false; manual_hold=false; language=English; update_date=2025-09-23T00:00:00+00:00; tips=; details=; offer=
1119,3a84c5a2-33e9-4ae6-9772-a53a1c95d42e,lxx_ai,manta.com,https://www.manta.com/,87,1784129,General,unknown,50,lxx_link=https://www.manta.com/; lxx_link_type=Nofollow; lxx_paid=false; manual_hold=false; language=English; update_date=2025-09-23T00:00:00+00:00; tips=; details=; offer=
1120,49d13629-fd02-4a68-a964-e0c96eea9a47,lxx_ai,search.ch,https://search.ch/,87,8657285,General,unknown,50,lxx_link=https://search.ch/; lxx_link_type=Nofollow; lxx_paid=false; manual_hold=false; language=German; update_date=2025-09-23T00:00:00+00:00; tips=; details=; offer=
1121,21bdd4bb-9119-450e-b75d-009c5977c4f7,lxx_ai,seekingalpha.com,https://seekingalpha.com/,87,22794069,Trading,unknown,50,lxx_link=https://seekingalpha.com/; lxx_link_type=Nofollow; lxx_paid=false; manual_hold=false; language=English; update_date=2025-09-23T00:00:00+00:00; tips=; details=; offer=
1122,b0bd59ca-1e9d-4d18-85ff-bd9292a25b10,lxx_ai,speakerdeck.com,https://speakerdeck.com/,87,805393,General,unknown,50,lxx_link=https://speakerdeck.com/; lxx_link_type=Nofollow; lxx_paid=false; manual_hold=false; language=English; update_date=2025-09-23T00:00:00+00:00; tips=; details=; offer=
1123,1b2ab8db-b0d1-48ac-bffc-6d4b30a757d3,lxx_ai,threadless.com,https://threadless.com/,87,1058389,General,unknown,50,lxx_link=https://threadless.com/; lxx_link_type=Nofollow; lxx_paid=false; manual_hold=false; language=English; update_date=2025-09-23T00:00:00+00:00; tips=; details=; offer=
1124,613d6d16-c332-49cb-b4ab-6cddb86edf72,lxx_ai,yola.com,https://yola.com/,87,242749,General,unknown,50,lxx_link=https://yola.com/; lxx_link_type=Nofollow; lxx_paid=false; manual_hold=false; language=English; update_date=2025-09-23T00:00:00+00:00; tips=; details=; offer=
1125,d862f0aa-c8af-4018-85b8-467f2a247774,lxx_ai,atlasobscura.com,https://www.atlasobscura.com/,86,3635675,Travel,unknown,50,lxx_link=https://www.atlasobscura.com/; lxx_link_type=Nofollow; lxx_paid=false; manual_hold=false; language=English; update_date=2025-09-23T00:00:00+00:00; tips=; details=; offer=
1126,37e40d1a-e63f-4f27-b9f7-226eb5ace608,lxx_ai,builtwith.com,https://builtwith.com/,86,1573609,General,unknown,50,lxx_link=https://builtwith.com/; lxx_link_type=Nofollow; lxx_paid=false; manual_hold=false; language=English; update_date=2025-09-23T00:00:00+00:00; tips=; details=; offer=
1127,48d44cc3-843a-48a7-889c-c2f00362f4b7,lxx_ai,devpost.com,https://devpost.com/,86,1312505,Developers,unknown,50,lxx_link=https://devpost.com/; lxx_link_type=Nofollow; lxx_paid=false; manual_hold=false; language=English; update_date=2025-09-23T00:00:00+00:00; tips=; details=; offer=
1128,4fb42984-2c91-4cfd-971b-681c6f212454,lxx_ai,discourse.getgrav.org,https://discourse.getgrav.org/,86,7362,General,unknown,50,lxx_link=https://discourse.getgrav.org/; lxx_link_type=Nofollow; lxx_paid=false; manual_hold=false; language=English; update_date=2025-09-23T00:00:00+00:00; tips=; details=; offer=
1129,81ab10bb-d484-4b98-8358-11f5e5b792fd,lxx_ai,einpresswire.com,https://www.einpresswire.com/,86,390156,General,unknown,50,lxx_link=https://www.einpresswire.com/; lxx_link_type=Nofollow; lxx_paid=false; manual_hold=false; language=English; update_date=2025-09-23T00:00:00+00:00; tips=; details=; offer=
1130,d9ef4b02-0d47-4a30-af33-f6c60aab7005,lxx_ai,forums.macrumors.com,https://forums.macrumors.com/,86,1553830,Consumer,unknown,50,lxx_link=https://forums.macrumors.com/; lxx_link_type=Nofollow; lxx_paid=false; manual_hold=false; language=English; update_date=2025-09-23T00:00:00+00:00; tips=; details=; offer=
1131,e71a93c4-8231-4bc2-be01-6f74b7eded5f,lxx_ai,forums.tomsguide.com,https://forums.tomsguide.com/,86,1503906,General,unknown,50,lxx_link=https://forums.tomsguide.com/; lxx_link_type=Nofollow; lxx_paid=false; manual_hold=false; language=English; update_date=2025-09-23T00:00:00+00:00; tips=; details=; offer=
1132,57e10ce6-fd0c-4a10-8e3d-394c19ed0828,lxx_ai,gamespot.com,https://www.gamespot.com/forums/,86,41747301,Gaming,unknown,50,lxx_link=https://www.gamespot.com/forums/; lxx_link_type=Nofollow; lxx_paid=false; manual_hold=false; language=English; update_date=2025-09-23T00:00:00+00:00; tips=; details=; offer=
1133,120c48b1-9eb0-433e-a782-647bb3c10b88,lxx_ai,goodfirms.co,https://www.goodfirms.co/,86,372282,Agencies,unknown,50,lxx_link=https://www.goodfirms.co/; lxx_link_type=Nofollow; lxx_paid=false; manual_hold=false; language=English; update_date=2025-09-23T00:00:00+00:00; tips=; details=; offer=
1134,3c64337a-8f56-4347-993e-54fdf5dd4985,lxx_ai,groupon.com,https://groupon.com/,86,21191950,General,unknown,50,lxx_link=https://groupon.com/; lxx_link_type=Nofollow; lxx_paid=false; manual_hold=false; language=English; update_date=2025-09-23T00:00:00+00:00; tips=; details=; offer=
1135,b430e77c-1aa5-47a1-ae7f-6253dc1d25ef,lxx_ai,healthdirect.gov.au,https://www.healthdirect.gov.au/australian-health-services,86,4730990,General,unknown,50,lxx_link=https://www.healthdirect.gov.au/australian-health-services; lxx_link_type=Nofollow; lxx_paid=false; manual_hold=false; language=English; update_date=2025-09-23T00:00:00+00:00; tips=; details=; offer=
1136,5b5ea911-39e7-45d9-8085-cac03d25c1f2,lxx_ai,indiamart.com,https://indiamart.com/,86,57339910,General,unknown,50,lxx_link=https://indiamart.com/; lxx_link_type=Nofollow; lxx_paid=false; manual_hold=false; language=English; update_date=2025-09-23T00:00:00+00:00; tips=; details=; offer=
1137,a62056b8-e3fc-4c5d-901b-529325d6642b,lxx_ai,knowyourmeme.com,https://knowyourmeme.com/,86,8468988,General,unknown,50,lxx_link=https://knowyourmeme.com/; lxx_link_type=Nofollow; lxx_paid=false; manual_hold=false; language=English; update_date=2025-09-23T00:00:00+00:00; tips=; details=; offer=
1138,8a4696a3-1a31-49dc-89da-13dffafa52b9,lxx_ai,letterboxd.com,https://letterboxd.com/,86,51054485,Social,unknown,50,lxx_link=https://letterboxd.com/; lxx_link_type=Nofollow; lxx_paid=false; manual_hold=false; language=English; update_date=2025-09-23T00:00:00+00:00; tips=; details=; offer=
1139,816a95dc-9f95-4fd4-8052-34ed7033a03b,lxx_ai,livejournal.com,https://livejournal.com/,86,46232236,General,unknown,50,lxx_link=https://livejournal.com/; lxx_link_type=Nofollow; lxx_paid=false; manual_hold=false; language=English; update_date=2025-09-23T00:00:00+00:00; tips=; details=; offer=
1140,cd34d2bd-d397-4764-83c7-8b2d2a960d21,lxx_ai,mathworks.com,https://mathworks.com/,86,5910155,Developers,unknown,50,lxx_link=https://mathworks.com/; lxx_link_type=Nofollow; lxx_paid=false; manual_hold=false; language=English; update_date=2025-09-23T00:00:00+00:00; tips=; details=; offer=
1141,6a800d16-6113-4992-be3b-43bbaa53839a,lxx_ai,monster.com,https://monster.com/,86,3515822,General,unknown,50,lxx_link=https://monster.com/; lxx_link_type=Nofollow; lxx_paid=false; manual_hold=false; language=English; update_date=2025-09-23T00:00:00+00:00; tips=; details=; offer=
1142,6bf3d74b-401c-4682-a409-5a8ee9c2619b,lxx_ai,ndis.gov.au,https://www.ndis.gov.au/participants/working-providers/find-registered-provider/provider-finder,86,1312784,Health,unknown,50,lxx_link=https://www.ndis.gov.au/participants/working-providers/find-registered-provider/provider-finder; lxx_link_type=Nofollow; lxx_paid=false; manual_hold=false; language=English; update_date=2025-09-23T00:00:00+00:00; tips=; details=; offer=
1143,aea79065-fb1e-482c-90cd-b876537f4f6b,lxx_ai,polygon.com,https://polygon.com/,86,13498981,Gaming,unknown,50,lxx_link=https://polygon.com/; lxx_link_type=Nofollow; lxx_paid=false; manual_hold=false; language=English; update_date=2025-09-23T00:00:00+00:00; tips=; details=; offer=
1144,c1e2e66c-1f33-4bc1-8f2e-6f9d91c86d03,lxx_ai,qiita.com,https://qiita.com/,86,13653577,Developers,unknown,50,lxx_link=https://qiita.com/; lxx_link_type=Nofollow; lxx_paid=false; manual_hold=false; language=English; update_date=2025-09-23T00:00:00+00:00; tips=; details=; offer=
1145,9df3cf3d-1ac6-4f75-b1bb-f62361918975,lxx_ai,scoop.it,https://scoop.it/,86,481778,General,unknown,50,lxx_link=https://scoop.it/; lxx_link_type=Nofollow; lxx_paid=false; manual_hold=false; language=English; update_date=2025-09-23T00:00:00+00:00; tips=; details=; offer=
1146,464ea9d0-931c-4c16-979b-c03b1d3cdf69,lxx_ai,seek.com.au,https://www.seek.com.au/,86,28950300,General,unknown,50,lxx_link=https://www.seek.com.au/; lxx_link_type=Nofollow; lxx_paid=false; manual_hold=false; language=English; update_date=2025-09-23T00:00:00+00:00; tips=; details=; offer=
1147,ded76d58-8c7e-4502-8e6b-929ae8be46f2,lxx_ai,sitereport.netcraft.com,https://sitereport.netcraft.com/,86,76117,General,unknown,50,lxx_link=https://sitereport.netcraft.com/; lxx_link_type=Nofollow; lxx_paid=false; manual_hold=false; language=English; update_date=2025-09-23T00:00:00+00:00; tips=; details=; offer=
1148,46bfc15e-c36c-4535-a19b-5865e530e12b,lxx_ai,smashwords.com,https://www.smashwords.com/,86,1097007,Books,unknown,50,lxx_link=https://www.smashwords.com/; lxx_link_type=Nofollow; lxx_paid=false; manual_hold=false; language=English; update_date=2025-09-23T00:00:00+00:00; tips=; details=; offer=
1149,f0e8b636-2d80-455f-930f-79ffbc91ca6c,lxx_ai,wattpad.com,https://wattpad.com/,86,105505213,Books,unknown,50,lxx_link=https://wattpad.com/; lxx_link_type=Nofollow; lxx_paid=false; manual_hold=false; language=English; update_date=2025-09-23T00:00:00+00:00; tips=; details=; offer=
1150,bbacb4ce-37f7-421e-9211-fb68611ee8e4,lxx_ai,3dwarehouse.sketchup.com,https://3dwarehouse.sketchup.com/,85,10427244,General,unknown,50,lxx_link=https://3dwarehouse.sketchup.com/; lxx_link_type=Nofollow; lxx_paid=false; manual_hold=false; language=English; update_date=2025-09-23T00:00:00+00:00; tips=; details=; offer=
1151,ccc041a1-0eb0-4dff-bfc6-e0407b5d9823,lxx_ai,anyflip.com,https://anyflip.com/,85,11858920,General,unknown,50,lxx_link=https://anyflip.com/; lxx_link_type=Nofollow; lxx_paid=false; manual_hold=false; language=English; update_date=2025-09-23T00:00:00+00:00; tips=; details=; offer=
1152,340d60ff-3925-47ab-9957-e645d80eeb93,lxx_ai,bbs.boingboing.net,https://bbs.boingboing.net/,85,127491,General,unknown,50,lxx_link=https://bbs.boingboing.net/; lxx_link_type=Nofollow; lxx_paid=false; manual_hold=false; language=English; update_date=2025-09-23T00:00:00+00:00; tips=; details=; offer=
1153,c9def40d-ac0c-4dac-ab4a-58057acaea75,lxx_ai,boredpanda.com,https://boredpanda.com/,85,24087488,General,unknown,50,lxx_link=https://boredpanda.com/; lxx_link_type=Nofollow; lxx_paid=false; manual_hold=false; language=English; update_date=2025-09-23T00:00:00+00:00; tips=; details=; offer=
1154,19ebfbf8-f089-4e82-b847-7b9d035b85de,lxx_ai,careerbuilder.com,https://careerbuilder.com/,85,1143893,General,unknown,50,lxx_link=https://careerbuilder.com/; lxx_link_type=Nofollow; lxx_paid=false; manual_hold=false; language=English; update_date=2025-09-23T00:00:00+00:00; tips=; details=; offer=
1155,496a0bbd-ebd3-4ff6-8322-5d2f991c657f,lxx_ai,city-data.com,https://city-data.com/forum/,85,2265850,General,unknown,50,lxx_link=https://city-data.com/forum/; lxx_link_type=Nofollow; lxx_paid=false; manual_hold=false; language=English; update_date=2025-09-23T00:00:00+00:00; tips=; details=; offer=
1156,abaf1d2e-7803-4294-ac14-d6d986d781c6,lxx_ai,dzone.com,https://dzone.com/,85,433983,General,unknown,50,lxx_link=https://dzone.com/; lxx_link_type=Nofollow; lxx_paid=false; manual_hold=false; language=English; update_date=2025-09-23T00:00:00+00:00; tips=; details=; offer=
1157,3998e1f2-67be-4d79-a4c8-6a13e1b28066,lxx_ai,forum.italia.it,https://forum.italia.it/,85,133495,Public Services,unknown,50,lxx_link=https://forum.italia.it/; lxx_link_type=Nofollow; lxx_paid=false; manual_hold=false; language=Italian; update_date=2025-09-23T00:00:00+00:00; tips=; details=; offer=
1158,732a2b65-ffc1-4eaf-80f5-f11435a9a479,lxx_ai,forums.futura-sciences.com,https://forums.futura-sciences.com/,85,773786,Science,unknown,50,lxx_link=https://forums.futura-sciences.com/; lxx_link_type=Nofollow; lxx_paid=false; manual_hold=false; language=French; update_date=2025-09-23T00:00:00+00:00; tips=; details=; offer=
1159,94a99b52-3e1c-4c83-abc0-6c19a45c2c13,lxx_ai,hitta.se,https://www.hitta.se/,85,13382692,General,unknown,50,lxx_link=https://www.hitta.se/; lxx_link_type=Nofollow; lxx_paid=false; manual_hold=false; language=Swedish; update_date=2025-09-23T00:00:00+00:00; tips=; details=; offer=
1160,4583f6c4-723e-48f7-b9a6-f158f421d32f,lxx_ai,local.ch,https://www.local.ch/,85,1532784,General,unknown,50,lxx_link=https://www.local.ch/; lxx_link_type=Nofollow; lxx_paid=false; manual_hold=false; language=German; update_date=2025-09-23T00:00:00+00:00; tips=; details=; offer=
1161,44766144-25fc-4125-b208-6eda711109f9,lxx_ai,localsearch.com.au,https://www.localsearch.com.au/,85,556159,General,unknown,50,lxx_link=https://www.localsearch.com.au/; lxx_link_type=Nofollow; lxx_paid=false; manual_hold=false; language=English; update_date=2025-09-23T00:00:00+00:00; tips=; details=; offer=
1162,7998f6ad-168e-49b4-a050-d353f7fc23cb,lxx_ai,merchantcircle.com,https://merchantcircle.com/,85,450170,General,unknown,50,lxx_link=https://merchantcircle.com/; lxx_link_type=Nofollow; lxx_paid=false; manual_hold=false; language=English; update_date=2025-09-23T00:00:00+00:00; tips=; details=; offer=
1163,65e0a314-4f46-4e16-9f37-6f29cfe9d5d2,lxx_ai,superpages.com,https://www.superpages.com/,85,354646,General,unknown,50,lxx_link=https://www.superpages.com/; lxx_link_type=Nofollow; lxx_paid=false; manual_hold=false; language=English; update_date=2025-09-23T00:00:00+00:00; tips=; details=; offer=
1164,eb6b111a-9e5a-4209-804d-5c8342f95ef5,lxx_ai,ticketleap.com,https://ticketleap.com/,85,349982,Travel,unknown,50,lxx_link=https://ticketleap.com/; lxx_link_type=Nofollow; lxx_paid=false; manual_hold=false; language=English; update_date=2025-09-23T00:00:00+00:00; tips=; details=; offer=
1165,875aa188-6a55-44ed-9d7b-bfdb3bd05de8,lxx_ai,tripod.lycos.com,https://www.tripod.lycos.com/,85,28544,General,unknown,50,lxx_link=https://www.tripod.lycos.com/; lxx_link_type=Nofollow; lxx_paid=false; manual_hold=false; language=English; update_date=2025-09-23T00:00:00+00:00; tips=; details=; offer=
1166,36e3abbf-8d30-4162-bb07-9dbd45f47944,lxx_ai,us.webnode.com,https://us.webnode.com/,85,48702,General,unknown,50,lxx_link=https://us.webnode.com/; lxx_link_type=Nofollow; lxx_paid=false; manual_hold=false; language=English; update_date=2025-09-23T00:00:00+00:00; tips=; details=; offer=
1167,a8f55bdd-087c-4bef-87de-9fd2943ac99b,lxx_ai,codeproject.com,https://codeproject.com/,84,480579,General,unknown,50,lxx_link=https://codeproject.com/; lxx_link_type=Nofollow; lxx_paid=false; manual_hold=false; language=English; update_date=2025-09-23T00:00:00+00:00; tips=; details=; offer=
1168,5fee1e71-542d-4041-a8b4-e1589a5f7e47,lxx_ai,en.sitew.com,https://en.sitew.com/,84,21819,General,unknown,50,lxx_link=https://en.sitew.com/; lxx_link_type=Nofollow; lxx_paid=false; manual_hold=false; language=English; update_date=2025-09-23T00:00:00+00:00; tips=; details=; offer=
1169,6c80b09d-f344-40d2-8a9f-53d3526d2fa4,lxx_ai,herold.at,https://www.herold.at/,84,878618,General,unknown,50,lxx_link=https://www.herold.at/; lxx_link_type=Nofollow; lxx_paid=false; manual_hold=false; language=German; update_date=2025-09-23T00:00:00+00:00; tips=; details=; offer=
1170,3205ab36-26c8-497a-aaf7-beedd56ed73b,lxx_ai,newswire.com,https://www.newswire.com/,84,216672,General,unknown,50,lxx_link=https://www.newswire.com/; lxx_link_type=Nofollow; lxx_paid=false; manual_hold=false; language=English; update_date=2025-09-23T00:00:00+00:00; tips=; details=; offer=
1171,c06b6ce7-1fb3-4cce-9e5b-75a72b3b2681,lxx_ai,sitejabber.com,https://www.sitejabber.com/,84,1033421,General,unknown,50,lxx_link=https://www.sitejabber.com/; lxx_link_type=Nofollow; lxx_paid=false; manual_hold=false; language=English; update_date=2025-09-23T00:00:00+00:00; tips=; details=; offer=
1172,84bc978c-9e3f-434d-b4d0-e0a96fb0e67f,lxx_ai,visual.ly,https://visual.ly/view,84,35096,General,unknown,50,lxx_link=https://visual.ly/view; lxx_link_type=Nofollow; lxx_paid=false; manual_hold=false; language=English; update_date=2025-09-23T00:00:00+00:00; tips=; details=; offer=
1173,7ac5e43e-bc45-464a-8acd-a3c98ee26a41,lxx_ai,yellowpages.com.au,https://www.yellowpages.com.au/,84,979415,Bussiness,unknown,50,lxx_link=https://www.yellowpages.com.au/; lxx_link_type=Nofollow; lxx_paid=false; manual_hold=false; language=English; update_date=2025-09-23T00:00:00+00:00; tips=; details=; offer=
1174,284a6fec-b3da-4f43-9496-aaaadee1e940,lxx_ai,zoominfo.com,https://www.zoominfo.com/,84,8690417,General,unknown,50,lxx_link=https://www.zoominfo.com/; lxx_link_type=Nofollow; lxx_paid=false; manual_hold=false; language=English; update_date=2025-09-23T00:00:00+00:00; tips=; details=; offer=
1175,34894a2c-0514-4fcc-a16d-d910ca23526e,lxx_ai,zotero.org,https://zotero.org/,84,3106943,General,unknown,50,lxx_link=https://zotero.org/; lxx_link_type=Nofollow; lxx_paid=false; manual_hold=false; language=English; update_date=2025-09-23T00:00:00+00:00; tips=; details=; offer=
1176,7fb77262-dcc9-46e3-a9e9-1ab60b6ed856,lxx_ai,4shared.com,https://4shared.com/,83,3437796,General,unknown,50,lxx_link=https://4shared.com/; lxx_link_type=Nofollow; lxx_paid=false; manual_hold=false; language=English; update_date=2025-09-23T00:00:00+00:00; tips=; details=; offer=
1177,0917fba8-6173-4a6d-98e6-cafe0f4d97e5,lxx_ai,99firms.com,https://99firms.com/,83,33467,Agencies,unknown,50,lxx_link=https://99firms.com/; lxx_link_type=Nofollow; lxx_paid=false; manual_hold=false; language=English; update_date=2025-09-23T00:00:00+00:00; tips=; details=; offer=
1178,6f599664-8396-4548-abd5-4b1c4fda0c19,lxx_ai,bbpress.org,https://bbpress.org/,83,46642,General,unknown,50,lxx_link=https://bbpress.org/; lxx_link_type=Nofollow; lxx_paid=false; manual_hold=false; language=English; update_date=2025-09-23T00:00:00+00:00; tips=; details=; offer=
1179,fdec6e11-6f26-4e49-8ca3-1928f9b923b0,lxx_ai,chamberofcommerce.com,https://chamberofcommerce.com/,83,104244,General,unknown,50,lxx_link=https://chamberofcommerce.com/; lxx_link_type=Nofollow; lxx_paid=false; manual_hold=false; language=English; update_date=2025-09-23T00:00:00+00:00; tips=; details=; offer=
1180,8a7f9022-a147-49c0-9262-e1a3a7be56ea,lxx_ai,crunchyroll.com,https://www.crunchyroll.com/,83,170341324,Anime,unknown,50,lxx_link=https://www.crunchyroll.com/; lxx_link_type=Nofollow; lxx_paid=false; manual_hold=false; language=English; update_date=2025-09-23T00:00:00+00:00; tips=; details=; offer=
1181,7b74240a-9334-4051-ac89-bd252bcb7433,lxx_ai,docdroid.net,https://docdroid.net/,83,1509336,General,unknown,50,lxx_link=https://docdroid.net/; lxx_link_type=Nofollow; lxx_paid=false; manual_hold=false; language=English; update_date=2025-09-23T00:00:00+00:00; tips=; details=; offer=
1182,bb3ac720-eef0-4eff-b493-d942b3470f0b,lxx_ai,dpreview.com,https://dpreview.com/,83,4201507,Photography,unknown,50,lxx_link=https://dpreview.com/; lxx_link_type=Nofollow; lxx_paid=false; manual_hold=false; language=English; update_date=2025-09-23T00:00:00+00:00; tips=; details=; offer=
1183,36a9715b-0759-4a92-8707-424bf25d4fbf,lxx_ai,ello.co,https://ello.co/,83,41078,General,unknown,50,lxx_link=https://ello.co/; lxx_link_type=Nofollow; lxx_paid=false; manual_hold=false; language=English; update_date=2025-09-23T00:00:00+00:00; tips=; details=; offer=
1184,7121bbbf-2d53-40c7-a529-acc9ef2fd9da,lxx_ai,flightradar24.com,https://flightradar24.com/,83,74400377,Aviation,unknown,50,lxx_link=https://flightradar24.com/; lxx_link_type=Nofollow; lxx_paid=false; manual_hold=false; language=English; update_date=2025-09-23T00:00:00+00:00; tips=; details=; offer=
1185,f569f085-52e5-469f-b3d9-e47442358b79,lxx_ai,gab.com,https://gab.com/,83,3228826,Social,unknown,50,lxx_link=https://gab.com/; lxx_link_type=Nofollow; lxx_paid=false; manual_hold=false; language=English; update_date=2025-09-23T00:00:00+00:00; tips=; details=; offer=
1186,a00a302b-2451-4304-8dba-3e1d072e0bb1,lxx_ai,hackerrank.com,https://hackerrank.com/,83,5082620,General,unknown,50,lxx_link=https://hackerrank.com/; lxx_link_type=Nofollow; lxx_paid=false; manual_hold=false; language=English; update_date=2025-09-23T00:00:00+00:00; tips=; details=; offer=
1187,fdb3c3c1-e829-4184-adc0-1ce4672a52fe,lxx_ai,hubpages.com,https://hubpages.com/,83,3134591,General,unknown,50,lxx_link=https://hubpages.com/; lxx_link_type=Nofollow; lxx_paid=false; manual_hold=false; language=English; update_date=2025-09-23T00:00:00+00:00; tips=; details=; offer=
1188,d47ad010-ff58-4f66-944b-1e037f7a327e,lxx_ai,pbworks.com,https://pbworks.com/,83,883936,General,unknown,50,lxx_link=https://pbworks.com/; lxx_link_type=Nofollow; lxx_paid=false; manual_hold=false; language=English; update_date=2025-09-23T00:00:00+00:00; tips=; details=; offer=
1189,f7044c41-ded8-4de9-b9b9-f27a89b6f565,lxx_ai,plurk.com,https://plurk.com/,83,5937886,Social,unknown,50,lxx_link=https://plurk.com/; lxx_link_type=Nofollow; lxx_paid=false; manual_hold=false; language=English; update_date=2025-09-23T00:00:00+00:00; tips=; details=; offer=
1190,e900caa1-17f2-4bfb-b729-e6cb9c60cc5a,lxx_ai,podomatic.com,https://podomatic.com/,83,332766,Podcast,unknown,50,lxx_link=https://podomatic.com/; lxx_link_type=Nofollow; lxx_paid=false; manual_hold=false; language=English; update_date=2025-09-23T00:00:00+00:00; tips=; details=; offer=
1191,d8113410-21a4-4e65-8a92-5c4b6806c34e,lxx_ai,question2answer.org,https://question2answer.org/,83,17106,General,unknown,50,lxx_link=https://question2answer.org/; lxx_link_type=Nofollow; lxx_paid=false; manual_hold=false; language=English; update_date=2025-09-23T00:00:00+00:00; tips=; details=; offer=
1192,f21a6832-7a0e-4f48-b7fe-91d1988088f1,lxx_ai,sbnation.com,https://sbnation.com/,83,5326312,Sports,unknown,50,lxx_link=https://sbnation.com/; lxx_link_type=Nofollow; lxx_paid=false; manual_hold=false; language=English; update_date=2025-09-23T00:00:00+00:00; tips=; details=; offer=
1193,cd57d039-3be2-493c-9e61-2bfea2dbcc3f,lxx_ai,startpagina.nl,https://startpagina.nl/v,83,4149422,General,unknown,50,lxx_link=https://startpagina.nl/v; lxx_link_type=Nofollow; lxx_paid=false; manual_hold=false; language=English; update_date=2025-09-23T00:00:00+00:00; tips=; details=; offer=
1194,d209fe62-22f7-43d4-8dba-319a9cde6047,lxx_ai,tomtom.com,https://www.tomtom.com/,83,2900028,General,unknown,50,lxx_link=https://www.tomtom.com/; lxx_link_type=Nofollow; lxx_paid=false; manual_hold=false; language=English; update_date=2025-09-23T00:00:00+00:00; tips=; details=; offer=
1195,1922bba2-626c-4a68-b738-c4c99c429d1a,lxx_ai,bingplaces.com,https://www.bingplaces.com/,82,500198,General,unknown,50,lxx_link=https://www.bingplaces.com/; lxx_link_type=Nofollow; lxx_paid=false; manual_hold=false; language=English; update_date=2025-09-23T00:00:00+00:00; tips=; details=; offer=
1196,146c0a9f-4518-4a6c-b82b-f4d049ea1a4c,lxx_ai,domestika.org,https://www.domestika.org/,82,7449005,General,unknown,50,lxx_link=https://www.domestika.org/; lxx_link_type=Nofollow; lxx_paid=false; manual_hold=false; language=English; update_date=2025-09-23T00:00:00+00:00; tips=; details=; offer=
1197,e643cf62-e398-445a-bdb0-2cf69b0a5b95,lxx_ai,freeindex.co.uk,https://freeindex.co.uk/,82,34387,General,unknown,50,lxx_link=https://freeindex.co.uk/; lxx_link_type=Nofollow; lxx_paid=false; manual_hold=false; language=English; update_date=2025-09-23T00:00:00+00:00; tips=; details=; offer=
1198,0b031a9f-b95d-4392-9276-bd34358dc5ec,lxx_ai,hearthis.at,https://hearthis.at/,82,1124887,General,unknown,50,lxx_link=https://hearthis.at/; lxx_link_type=Nofollow; lxx_paid=false; manual_hold=false; language=English; update_date=2025-09-23T00:00:00+00:00; tips=; details=; offer=
1199,a7bd98dc-b802-4c5f-9774-28556d6893df,lxx_ai,reedsy.com,https://reedsy.com/,82,3997857,Books,unknown,50,lxx_link=https://reedsy.com/; lxx_link_type=Nofollow; lxx_paid=false; manual_hold=false; language=English; update_date=2025-09-23T00:00:00+00:00; tips=; details=; offer=
1200,ad78ce72-55ce-4ce4-9c11-613a88e7f4e5,lxx_ai,retailmenot.com,https://www.retailmenot.com/,82,15323938,General,unknown,50,lxx_link=https://www.retailmenot.com/; lxx_link_type=Nofollow; lxx_paid=false; manual_hold=false; language=English; update_date=2025-09-23T00:00:00+00:00; tips=; details=; offer=
1201,84c531d1-bbd5-45d0-a975-5e9e29dc0342,lxx_ai,smore.com,https://smore.com/,82,17832399,General,unknown,50,lxx_link=https://smore.com/; lxx_link_type=Nofollow; lxx_paid=false; manual_hold=false; language=English; update_date=2025-09-23T00:00:00+00:00; tips=; details=; offer=
1202,ddfd12e7-c4f4-4f58-9a98-9bb1df0643b4,lxx_ai,twitcasting.tv,https://twitcasting.tv/,82,13750053,Gaming,unknown,50,lxx_link=https://twitcasting.tv/; lxx_link_type=Nofollow; lxx_paid=false; manual_hold=false; language=English; update_date=2025-09-23T00:00:00+00:00; tips=; details=; offer=
1203,1aee1416-a7c9-423d-ab45-d5f9848cc90a,lxx_ai,cssdesignawards.com,https://cssdesignawards.com/,81,187822,Design,unknown,50,lxx_link=https://cssdesignawards.com/; lxx_link_type=Nofollow; lxx_paid=false; manual_hold=false; language=English; update_date=2025-09-23T00:00:00+00:00; tips=; details=; offer=
1204,f7b9baa1-5173-4463-a521-fe05174dc7d6,lxx_ai,dice.com,https://dice.com/,81,2453501,General,unknown,50,lxx_link=https://dice.com/; lxx_link_type=Nofollow; lxx_paid=false; manual_hold=false; language=English; update_date=2025-09-23T00:00:00+00:00; tips=; details=; offer=
1205,46cfb295-c2f8-4c80-b6f4-d616b039ed7c,lxx_ai,fodors.com,https://fodors.com/,81,1878436,Travel,unknown,50,lxx_link=https://fodors.com/; lxx_link_type=Nofollow; lxx_paid=false; manual_hold=false; language=English; update_date=2025-09-23T00:00:00+00:00; tips=; details=; offer=
1206,b87b4425-c9ae-44fe-abd7-55d0b16e2b0d,lxx_ai,forum.wordreference.com,https://forum.wordreference.com/,81,3330904,General,unknown,50,lxx_link=https://forum.wordreference.com/; lxx_link_type=Nofollow; lxx_paid=false; manual_hold=false; language=English; update_date=2025-09-23T00:00:00+00:00; tips=; details=; offer=
1207,92cd0dc5-3c9e-43cf-a6f4-f979540d444c,lxx_ai,forums.caspio.com,https://forums.caspio.com/,81,4577,Developers,unknown,50,lxx_link=https://forums.caspio.com/; lxx_link_type=Nofollow; lxx_paid=false; manual_hold=false; language=English; update_date=2025-09-23T00:00:00+00:00; tips=; details=; offer=
1208,aeddf15d-47e7-4780-857f-8299ee122192,lxx_ai,freewebsitetemplates.com,https://freewebsitetemplates.com/forums/,81,30253,Design,unknown,50,lxx_link=https://freewebsitetemplates.com/forums/; lxx_link_type=Nofollow; lxx_paid=false; manual_hold=false; language=English; update_date=2025-09-23T00:00:00+00:00; tips=; details=; offer=
1209,63bb33e5-5918-44e4-b28d-27fd950afc29,lxx_ai,godotengine.org,https://godotengine.org/,81,2916097,Developer,unknown,50,lxx_link=https://godotengine.org/; lxx_link_type=Nofollow; lxx_paid=false; manual_hold=false; language=English; update_date=2025-09-23T00:00:00+00:00; tips=; details=; offer=
1210,d81d1d94-c594-4d9b-92d2-3de1cd95acb6,lxx_ai,jobs.techdirt.com,https://jobs.techdirt.com/,81,4627,General,unknown,50,lxx_link=https://jobs.techdirt.com/; lxx_link_type=Nofollow; lxx_paid=false; manual_hold=false; language=English; update_date=2025-09-23T00:00:00+00:00; tips=; details=; offer=
1211,ac2fec25-5b6b-4e08-8684-4b6574014ba2,lxx_ai,newgrounds.com,https://newgrounds.com/,81,13893260,Entertainment,unknown,50,lxx_link=https://newgrounds.com/; lxx_link_type=Nofollow; lxx_paid=false; manual_hold=false; language=English; update_date=2025-09-23T00:00:00+00:00; tips=; details=; offer=
1212,b76f669f-462d-4c96-b080-64a9febaabc3,lxx_ai,pxhere.com,https://pxhere.com/,81,591115,General,unknown,50,lxx_link=https://pxhere.com/; lxx_link_type=Nofollow; lxx_paid=false; manual_hold=false; language=English; update_date=2025-09-23T00:00:00+00:00; tips=; details=; offer=
1213,e4c826e7-819f-41c6-852b-221b0d2682b0,lxx_ai,ranker.com,https://ranker.com/,81,9057093,Marketing,unknown,50,lxx_link=https://ranker.com/; lxx_link_type=Nofollow; lxx_paid=false; manual_hold=false; language=English; update_date=2025-09-23T00:00:00+00:00; tips=; details=; offer=
1214,d3af25cc-1f8f-4ad0-abc4-5638a20a4b8b,lxx_ai,truelocal.com.au,https://truelocal.com.au/,81,107130,General,unknown,50,lxx_link=https://truelocal.com.au/; lxx_link_type=Nofollow; lxx_paid=false; manual_hold=false; language=English; update_date=2025-09-23T00:00:00+00:00; tips=; details=; offer=
1215,44a6cd5c-9bf7-46cf-9a71-51d0dae5ecc3,lxx_ai,webwiki.de,https://www.webwiki.de/,81,57188,Restaurant,unknown,50,lxx_link=https://www.webwiki.de/; lxx_link_type=Nofollow; lxx_paid=false; manual_hold=false; language=German; update_date=2025-09-23T00:00:00+00:00; tips=; details=; offer=
1216,67a3f03f-733e-4f81-935c-2db8ec23696e,lxx_ai,works.bepress.com,https://works.bepress.com/,81,60656,Science,unknown,50,lxx_link=https://works.bepress.com/; lxx_link_type=Nofollow; lxx_paid=false; manual_hold=false; language=English; update_date=2025-09-23T00:00:00+00:00; tips=; details=; offer=
1217,ebee60b7-c18c-4ace-a2e9-1dd83df0c359,lxx_ai,ask.fm,https://ask.fm/,80,284044,General,unknown,50,lxx_link=https://ask.fm/; lxx_link_type=Nofollow; lxx_paid=false; manual_hold=false; language=English; update_date=2025-09-23T00:00:00+00:00; tips=; details=; offer=
1218,eb3d74e1-db6a-4ec8-ba50-7608a069c605,lxx_ai,boards.core77.com,https://boards.core77.com/,80,33651,Design,unknown,50,lxx_link=https://boards.core77.com/; lxx_link_type=Nofollow; lxx_paid=false; manual_hold=false; language=English; update_date=2025-09-23T00:00:00+00:00; tips=; details=; offer=
1219,61a2f42a-010e-4283-a8e6-cd41a3245f67,lxx_ai,brownbook.net,https://www.brownbook.net/,80,146064,General,unknown,50,lxx_link=https://www.brownbook.net/; lxx_link_type=Nofollow; lxx_paid=false; manual_hold=false; language=English; update_date=2025-09-23T00:00:00+00:00; tips=; details=; offer=
1220,273baa30-0d0b-4616-864d-972a8e69df76,lxx_ai,central.owncloud.org,https://central.owncloud.org/,80,8138,Developers,unknown,50,lxx_link=https://central.owncloud.org/; lxx_link_type=Nofollow; lxx_paid=false; manual_hold=false; language=English; update_date=2025-09-23T00:00:00+00:00; tips=; details=; offer=
1221,106cf2db-c6b0-4f7a-8b5f-c9117ba633bf,lxx_ai,dandad.org,https://dandad.org/,80,254149,Advertising,unknown,50,lxx_link=https://dandad.org/; lxx_link_type=Nofollow; lxx_paid=false; manual_hold=false; language=English; update_date=2025-09-23T00:00:00+00:00; tips=; details=; offer=
1222,66270f0e-15ba-4f5d-8c28-d07e563537cd,lxx_ai,forums.bulbagarden.net,https://forums.bulbagarden.net/index.php,80,211901,Gaming,unknown,50,lxx_link=https://forums.bulbagarden.net/index.php; lxx_link_type=Nofollow; lxx_paid=false; manual_hold=false; language=English; update_date=2025-09-23T00:00:00+00:00; tips=; details=; offer=
1223,dd5889c2-ad16-4ba4-95ad-edfdf89cbaba,lxx_ai,guru.com,https://guru.com/,80,687690,General,unknown,50,lxx_link=https://guru.com/; lxx_link_type=Nofollow; lxx_paid=false; manual_hold=false; language=English; update_date=2025-09-23T00:00:00+00:00; tips=; details=; offer=
1224,fb7c9ff4-29c8-4b13-b862-4685153c1b74,lxx_ai,halaxy.com,https://www.halaxy.com/search/,80,2099511,Doctor,unknown,50,lxx_link=https://www.halaxy.com/search/; lxx_link_type=Nofollow; lxx_paid=false; manual_hold=false; language=English; update_date=2025-09-23T00:00:00+00:00; tips=; details=; offer=
1225,52d92868-b52c-4028-9ac0-04b0b6ba0c89,lxx_ai,healthengine.com.au,https://healthengine.com.au/,80,1645239,Doctor,unknown,50,lxx_link=https://healthengine.com.au/; lxx_link_type=Nofollow; lxx_paid=false; manual_hold=false; language=English; update_date=2025-09-23T00:00:00+00:00; tips=; details=; offer=
1226,bcbaa5a9-a11f-49e6-af6c-fa41f3f5a64a,lxx_ai,hotfrog.com,https://hotfrog.com/,80,100520,General,unknown,50,lxx_link=https://hotfrog.com/; lxx_link_type=Nofollow; lxx_paid=false; manual_hold=false; language=English; update_date=2025-09-23T00:00:00+00:00; tips=; details=; offer=
1227,2786c8b7-6c42-40d3-b6e3-895d1445bc67,lxx_ai,jobs.meinestadt.de,https://jobs.meinestadt.de/,80,1505213,General,unknown,50,lxx_link=https://jobs.meinestadt.de/; lxx_link_type=Nofollow; lxx_paid=false; manual_hold=false; language=English; update_date=2025-09-23T00:00:00+00:00; tips=; details=; offer=
1228,d452579c-f6d6-4a93-9795-b19a0b3bf323,lxx_ai,justpaste.it,https://justpaste.it/,80,6842213,General,unknown,50,lxx_link=https://justpaste.it/; lxx_link_type=Nofollow; lxx_paid=false; manual_hold=false; language=English; update_date=2025-09-23T00:00:00+00:00; tips=; details=; offer=
1229,b7f3fb4d-2f31-4f4f-8b05-e14d78e95d8f,lxx_ai,librarything.com,https://librarything.com/,80,1588989,Books,unknown,50,lxx_link=https://librarything.com/; lxx_link_type=Nofollow; lxx_paid=false; manual_hold=false; language=English; update_date=2025-09-23T00:00:00+00:00; tips=; details=; offer=
1230,fdfbbecc-e7ed-495b-90bd-c45d185a5b53,lxx_ai,meinestadt.de,https://meinestadt.de/,80,7836042,General,unknown,50,lxx_link=https://meinestadt.de/; lxx_link_type=Nofollow; lxx_paid=false; manual_hold=false; language=English; update_date=2025-09-23T00:00:00+00:00; tips=; details=; offer=
1231,061693bf-cd38-4cc2-b2c4-0282500ba8c1,lxx_ai,onepagelove.com,https://onepagelove.com/,80,439569,General,unknown,50,lxx_link=https://onepagelove.com/; lxx_link_type=Nofollow; lxx_paid=false; manual_hold=false; language=English; update_date=2025-09-23T00:00:00+00:00; tips=; details=; offer=
1232,32006a8b-442e-44ba-8d85-9f05fa0689f8,lxx_ai,openpr.com,https://openpr.com/,80,371756,General,unknown,50,lxx_link=https://openpr.com/; lxx_link_type=Nofollow; lxx_paid=false; manual_hold=false; language=English; update_date=2025-09-23T00:00:00+00:00; tips=; details=; offer=
1233,4a0e655f-1260-47c7-b09c-20d79fbe6f08,lxx_ai,openpr.de,https://www.openpr.de/,80,122738,General,unknown,50,lxx_link=https://www.openpr.de/; lxx_link_type=Nofollow; lxx_paid=false; manual_hold=false; language=German; update_date=2025-09-23T00:00:00+00:00; tips=; details=; offer=
1234,fd07687a-67ca-4493-b40f-723fe3dbddb9,lxx_ai,play.eslgaming.com,https://play.eslgaming.com/,80,190095,Gaming,unknown,50,lxx_link=https://play.eslgaming.com/; lxx_link_type=Nofollow; lxx_paid=false; manual_hold=false; language=English; update_date=2025-09-23T00:00:00+00:00; tips=; details=; offer=
1235,8f447f3d-80b0-4604-8f16-c7fcd87781f0,lxx_ai,pr.com,https://pr.com/,80,109468,General,unknown,50,lxx_link=https://pr.com/; lxx_link_type=Nofollow; lxx_paid=false; manual_hold=false; language=English; update_date=2025-09-23T00:00:00+00:00; tips=; details=; offer=
1236,b32339e5-b820-4879-9f35-970204db8d8e,lxx_ai,productreview.com.au,https://www.productreview.com.au/,80,3054849,General,unknown,50,lxx_link=https://www.productreview.com.au/; lxx_link_type=Nofollow; lxx_paid=false; manual_hold=false; language=English; update_date=2025-09-23T00:00:00+00:00; tips=; details=; offer=
1237,bcd3c6ec-ed48-4e72-a652-6d8f40062a28,lxx_ai,stackshare.io,https://stackshare.io/,80,237115,Developers,unknown,50,lxx_link=https://stackshare.io/; lxx_link_type=Nofollow; lxx_paid=false; manual_hold=false; language=English; update_date=2025-09-23T00:00:00+00:00; tips=; details=; offer=
1238,b6538073-aefe-46c1-9680-46ef23ff7f13,lxx_ai,steinberg.net,https://steinberg.net/forums,80,1591467,Music,unknown,50,lxx_link=https://steinberg.net/forums; lxx_link_type=Nofollow; lxx_paid=false; manual_hold=false; language=English; update_date=2025-09-23T00:00:00+00:00; tips=; details=; offer=
1239,c825dea5-3c3f-4122-af08-548c72f42a93,lxx_ai,techpowerup.com,https://techpowerup.com/forums/,80,7848300,Consumer,unknown,50,lxx_link=https://techpowerup.com/forums/; lxx_link_type=Nofollow; lxx_paid=false; manual_hold=false; language=English; update_date=2025-09-23T00:00:00+00:00; tips=; details=; offer=
1240,36a1ebd1-6afd-4b12-ab79-3f61a5782f9e,lxx_ai,tinhte.vn,https://tinhte.vn/,80,5565643,General,unknown,50,lxx_link=https://tinhte.vn/; lxx_link_type=Nofollow; lxx_paid=false; manual_hold=false; language=Vietnamese; update_date=2025-09-23T00:00:00+00:00; tips=; details=; offer=
1241,2434c7d0-9a7e-4896-8664-c1a450dbecd0,lxx_ai,weheartit.com,https://weheartit.com/,80,205173,Social,unknown,50,lxx_link=https://weheartit.com/; lxx_link_type=Nofollow; lxx_paid=false; manual_hold=false; language=English; update_date=2025-09-23T00:00:00+00:00; tips=; details=; offer=
1242,c02d19c4-838a-4287-b888-ef6456c947eb,lxx_ai,werkenntdenbesten.de,https://www.werkenntdenbesten.de/,80,1137289,General,unknown,50,lxx_link=https://www.werkenntdenbesten.de/; lxx_link_type=Nofollow; lxx_paid=false; manual_hold=false; language=German; update_date=2025-09-23T00:00:00+00:00; tips=; details=; offer=
1243,2042e0ce-90c9-409e-9fb9-5deba5c15ebe,lxx_ai,11880.com,https://11880.com/,79,1742389,Bussiness,unknown,50,lxx_link=https://11880.com/; lxx_link_type=Nofollow; lxx_paid=false; manual_hold=false; language=German; update_date=2025-09-23T00:00:00+00:00; tips=; details=; offer=
1244,bd033b42-ff63-475d-9ce3-4373c3a4579d,lxx_ai,24-7pressrelease.com,https://24-7pressrelease.com/,79,98399,General,unknown,50,lxx_link=https://24-7pressrelease.com/; lxx_link_type=Nofollow; lxx_paid=false; manual_hold=false; language=English; update_date=2025-09-23T00:00:00+00:00; tips=; details=; offer=
1245,6810039d-b03d-459d-b05c-15c856fe70ad,lxx_ai,2findlocal.com,https://2findlocal.com/,79,23779,General,unknown,50,lxx_link=https://2findlocal.com/; lxx_link_type=Nofollow; lxx_paid=false; manual_hold=false; language=English; update_date=2025-09-23T00:00:00+00:00; tips=; details=; offer=
1246,e376872b-42ac-42c1-b9b4-a48ca433114c,lxx_ai,activerain.com,https://activerain.com/,79,162582,Real Estate,unknown,50,lxx_link=https://activerain.com/; lxx_link_type=Nofollow; lxx_paid=false; manual_hold=false; language=English; update_date=2025-09-23T00:00:00+00:00; tips=; details=; offer=
1247,2644b485-a5c8-40ef-9fa3-3587d0d90b3c,lxx_ai,dasoertliche.de,https://www.dasoertliche.de/,79,5589302,General,unknown,50,lxx_link=https://www.dasoertliche.de/; lxx_link_type=Nofollow; lxx_paid=false; manual_hold=false; language=German; update_date=2025-09-23T00:00:00+00:00; tips=; details=; offer=
1248,be4bd4c0-d769-4111-8edc-fcd69b0a0fba,lxx_ai,dexknows.com,https://www.dexknows.com/,79,51892,General,unknown,50,lxx_link=https://www.dexknows.com/; lxx_link_type=Nofollow; lxx_paid=false; manual_hold=false; language=English; update_date=2025-09-23T00:00:00+00:00; tips=; details=; offer=
1249,23e78c51-b1c8-4aa1-86ba-6c1b2757bbb0,lxx_ai,discourse.omnigroup.com,https://discourse.omnigroup.com/,79,15205,Sofware,unknown,50,lxx_link=https://discourse.omnigroup.com/; lxx_link_type=Nofollow; lxx_paid=false; manual_hold=false; language=English; update_date=2025-09-23T00:00:00+00:00; tips=; details=; offer=
1250,cd7a6377-f273-44a6-8497-37743a215dcc,lxx_ai,folkd.com,https://folkd.com/,79,38599,General,unknown,50,lxx_link=https://folkd.com/; lxx_link_type=Nofollow; lxx_paid=false; manual_hold=false; language=English; update_date=2025-09-23T00:00:00+00:00; tips=; details=; offer=
1251,04ce199f-c1ff-44c3-a4ca-b710baee905e,lxx_ai,forum.netcup.de,https://forum.netcup.de/,79,30015,Domains Name,unknown,50,lxx_link=https://forum.netcup.de/; lxx_link_type=Nofollow; lxx_paid=false; manual_hold=false; language=German; update_date=2025-09-23T00:00:00+00:00; tips=; details=; offer=
1252,747cf898-98d2-4816-89e9-2ead7555e1c3,lxx_ai,gelbeseiten.de,https://gelbeseiten.de/,79,2254095,General,unknown,50,lxx_link=https://gelbeseiten.de/; lxx_link_type=Nofollow; lxx_paid=false; manual_hold=false; language=German; update_date=2025-09-23T00:00:00+00:00; tips=; details=; offer=
1253,b6717dea-945c-4e43-ae9f-66cfa6458f35,lxx_ai,giantbomb.com,https://giantbomb.com/,79,1041370,Gaming,unknown,50,lxx_link=https://giantbomb.com/; lxx_link_type=Nofollow; lxx_paid=false; manual_hold=false; language=English; update_date=2025-09-23T00:00:00+00:00; tips=; details=; offer=
1254,5b73637e-4fca-4432-aba7-36aeb9d46a44,lxx_ai,gifyu.com,https://gifyu.com/,79,548989,General,unknown,50,lxx_link=https://gifyu.com/; lxx_link_type=Nofollow; lxx_paid=false; manual_hold=false; language=English; update_date=2025-09-23T00:00:00+00:00; tips=; details=; offer=
1255,0acd208a-917c-41f4-a297-364930bf96ef,lxx_ai,happycow.net,https://www.happycow.net/,79,1488401,Restaurant,unknown,50,lxx_link=https://www.happycow.net/; lxx_link_type=Nofollow; lxx_paid=false; manual_hold=false; language=English; update_date=2025-09-23T00:00:00+00:00; tips=; details=; offer=
1256,3cd123f5-8bbc-4ab5-ae8e-a014125b1e50,lxx_ai,kennstdueinen.de,https://www.kennstdueinen.de/,79,98999,General,unknown,50,lxx_link=https://www.kennstdueinen.de/; lxx_link_type=Nofollow; lxx_paid=false; manual_hold=false; language=German; update_date=2025-09-23T00:00:00+00:00; tips=; details=; offer=
1257,58d579ca-c00f-403d-9738-b23df9447dd3,lxx_ai,modelmayhem.com,https://modelmayhem.com/forums,79,1300187,Fashion,unknown,50,lxx_link=https://modelmayhem.com/forums; lxx_link_type=Nofollow; lxx_paid=false; manual_hold=false; language=English; update_date=2025-09-23T00:00:00+00:00; tips=; details=; offer=
1258,1d1f52cc-336c-4865-98aa-12bc825cb209,lxx_ai,neowin.net,https://neowin.net/forum/,79,2001101,General,unknown,50,lxx_link=https://neowin.net/forum/; lxx_link_type=Nofollow; lxx_paid=false; manual_hold=false; language=English; update_date=2025-09-23T00:00:00+00:00; tips=; details=; offer=
1259,07b197ab-6d72-4a7e-8c8d-9c63a1923077,lxx_ai,prowly.com,https://prowly.com/,79,314319,General,unknown,50,lxx_link=https://prowly.com/; lxx_link_type=Nofollow; lxx_paid=false; manual_hold=false; language=English; update_date=2025-09-23T00:00:00+00:00; tips=; details=; offer=
1260,dcf56bed-ca76-45f2-b56e-ff547142ab9f,lxx_ai,resellerratings.com,https://www.resellerratings.com/,79,218231,General,unknown,50,lxx_link=https://www.resellerratings.com/; lxx_link_type=Nofollow; lxx_paid=false; manual_hold=false; language=English; update_date=2025-09-23T00:00:00+00:00; tips=; details=; offer=
1261,21e8f44e-6fed-4a29-932d-9f8cd7ebcdfc,lxx_ai,seositecheckup.com,https://seositecheckup.com/,79,322725,SEO,unknown,50,lxx_link=https://seositecheckup.com/; lxx_link_type=Nofollow; lxx_paid=false; manual_hold=false; language=English; update_date=2025-09-23T00:00:00+00:00; tips=; details=; offer=
1262,a289afca-37a0-4db8-a34e-f5549a95dbae,lxx_ai,showmelocal.com,https://www.showmelocal.com/,79,287968,General,unknown,50,lxx_link=https://www.showmelocal.com/; lxx_link_type=Nofollow; lxx_paid=false; manual_hold=false; language=English; update_date=2025-09-23T00:00:00+00:00; tips=; details=; offer=
1263,d4f4288c-4e5d-4bee-93ff-bebb8cc9583b,lxx_ai,showmelocal.com,https://showmelocal.com/,79,287968,General,unknown,50,lxx_link=https://showmelocal.com/; lxx_link_type=Nofollow; lxx_paid=false; manual_hold=false; language=English; update_date=2025-09-23T00:00:00+00:00; tips=; details=; offer=
1264,6e8bc28f-1187-496d-82cc-08fdc2e168f7,lxx_ai,stocktwits.com,https://stocktwits.com/,79,15265855,Social,unknown,50,lxx_link=https://stocktwits.com/; lxx_link_type=Nofollow; lxx_paid=false; manual_hold=false; language=English; update_date=2025-09-23T00:00:00+00:00; tips=; details=; offer=
1265,57c446f1-ed18-43bd-bdde-edca0a50c755,lxx_ai,talent.hubstaff.com,https://talent.hubstaff.com/,79,160383,General,unknown,50,lxx_link=https://talent.hubstaff.com/; lxx_link_type=Nofollow; lxx_paid=false; manual_hold=false; language=English; update_date=2025-09-23T00:00:00+00:00; tips=; details=; offer=
1266,49b5fcc7-ef2c-4936-92b1-ded1e3a7f464,lxx_ai,ultimate-guitar.com,https://ultimate-guitar.com/forum/,79,63115928,Music,unknown,50,lxx_link=https://ultimate-guitar.com/forum/; lxx_link_type=Nofollow; lxx_paid=false; manual_hold=false; language=English; update_date=2025-09-23T00:00:00+00:00; tips=; details=; offer=
1267,ee9283d4-42ed-4c64-abfc-8c6441159b21,lxx_ai,varecha.pravda.sk,https://varecha.pravda.sk/,79,1934260,Food,unknown,50,lxx_link=https://varecha.pravda.sk/; lxx_link_type=Nofollow; lxx_paid=false; manual_hold=false; language=Slovak; update_date=2025-09-23T00:00:00+00:00; tips=; details=; offer=
1268,3b994c02-bf3f-495e-8852-20ece5bb3c64,lxx_ai,webstarts.com,https://webstarts.com/,79,44969,General,unknown,50,lxx_link=https://webstarts.com/; lxx_link_type=Nofollow; lxx_paid=false; manual_hold=false; language=English; update_date=2025-09-23T00:00:00+00:00; tips=; details=; offer=
1269,09583d00-8941-4dcc-a054-d98e90c2617e,lxx_ai,activesearchresults.com,https://www.activesearchresults.com/,78,9396,Search Engine,unknown,50,lxx_link=https://www.activesearchresults.com/; lxx_link_type=Nofollow; lxx_paid=false; manual_hold=false; language=English; update_date=2025-09-23T00:00:00+00:00; tips=; details=; offer=
1270,13215c51-7d2f-45e0-9c95-a3d7fde78151,lxx_ai,archilovers.com,https://archilovers.com/,78,377650,Architecture,unknown,50,lxx_link=https://archilovers.com/; lxx_link_type=Nofollow; lxx_paid=false; manual_hold=false; language=English; update_date=2025-09-23T00:00:00+00:00; tips=; details=; offer=
1271,bea06d5f-c70f-436a-af77-fb8416dfd680,lxx_ai,astronomy.com,https://astronomy.com/,78,787122,Astronomy,unknown,50,lxx_link=https://astronomy.com/; lxx_link_type=Nofollow; lxx_paid=false; manual_hold=false; language=English; update_date=2025-09-23T00:00:00+00:00; tips=; details=; offer=
1272,48d433b2-b10c-4885-accf-4f8196841c60,lxx_ai,chowhound.com,https://chowhound.com/,78,5483706,Food,unknown,50,lxx_link=https://chowhound.com/; lxx_link_type=Nofollow; lxx_paid=false; manual_hold=false; language=English; update_date=2025-09-23T00:00:00+00:00; tips=; details=; offer=
1273,f02cca3a-1a27-46b2-9aa0-683e4b2de46e,lxx_ai,cylex.de,https://cylex.de/,78,2200669,General,unknown,50,lxx_link=https://cylex.de/; lxx_link_type=Nofollow; lxx_paid=false; manual_hold=false; language=English; update_date=2025-09-23T00:00:00+00:00; tips=; details=; offer=
1274,0344e522-0851-4c7e-9819-a92ee1d79f17,lxx_ai,forum.gibson.com,https://forum.gibson.com/,78,264498,Music,unknown,50,lxx_link=https://forum.gibson.com/; lxx_link_type=Nofollow; lxx_paid=false; manual_hold=false; language=English; update_date=2025-09-23T00:00:00+00:00; tips=; details=; offer=
1275,505a6e61-8035-420c-9926-541964a357dd,lxx_ai,forumotion.com,https://forumotion.com/,78,1339244,General,unknown,50,lxx_link=https://forumotion.com/; lxx_link_type=Nofollow; lxx_paid=false; manual_hold=false; language=English; update_date=2025-09-23T00:00:00+00:00; tips=; details=; offer=
1276,b9701091-e85d-4ca3-a6cf-eb03640aa955,lxx_ai,golocal.de,https://www.golocal.de/,78,1252916,General,unknown,50,lxx_link=https://www.golocal.de/; lxx_link_type=Nofollow; lxx_paid=false; manual_hold=false; language=German; update_date=2025-09-23T00:00:00+00:00; tips=; details=; offer=
1277,50ddba92-16f7-4ad8-875f-853d902c6315,lxx_ai,gust.com,https://gust.com/,78,189434,Business,unknown,50,lxx_link=https://gust.com/; lxx_link_type=Nofollow; lxx_paid=false; manual_hold=false; language=English; update_date=2025-09-23T00:00:00+00:00; tips=; details=; offer=
1278,2e4b8871-3071-4823-8f22-bcaa6e9a45ec,lxx_ai,local.com,https://www.local.com/,78,201779,General,unknown,50,lxx_link=https://www.local.com/; lxx_link_type=Nofollow; lxx_paid=false; manual_hold=false; language=English; update_date=2025-09-23T00:00:00+00:00; tips=; details=; offer=
1279,809be17d-e478-43fa-a094-a29ac78e8e11,lxx_ai,musicbrainz.org,https://musicbrainz.org/,78,969654,Music,unknown,50,lxx_link=https://musicbrainz.org/; lxx_link_type=Nofollow; lxx_paid=false; manual_hold=false; language=English; update_date=2025-09-23T00:00:00+00:00; tips=; details=; offer=
1280,98dc8c41-fe60-458d-84ef-23e8e6fc663a,lxx_ai,namepros.com,https://namepros.com/,78,357582,Domains Name,unknown,50,lxx_link=https://namepros.com/; lxx_link_type=Nofollow; lxx_paid=false; manual_hold=false; language=English; update_date=2025-09-23T00:00:00+00:00; tips=; details=; offer=
1281,73dc123c-3a04-45e3-824c-030f119bb670,lxx_ai,nofilmschool.com,https://nofilmschool.com/,78,2296680,Entertainment,unknown,50,lxx_link=https://nofilmschool.com/; lxx_link_type=Nofollow; lxx_paid=false; manual_hold=false; language=English; update_date=2025-09-23T00:00:00+00:00; tips=; details=; offer=
1282,e7161891-7da0-4d4f-863a-2b03807dd31c,lxx_ai,slickdeals.net,https://slickdeals.net/,78,62703238,General,unknown,50,lxx_link=https://slickdeals.net/; lxx_link_type=Nofollow; lxx_paid=false; manual_hold=false; language=English; update_date=2025-09-23T00:00:00+00:00; tips=; details=; offer=
1283,f70edc81-5b7d-4442-bbb1-855dc60247ea,lxx_ai,tor.com,https://tor.com/,78,40374,General,unknown,50,lxx_link=https://tor.com/; lxx_link_type=Nofollow; lxx_paid=false; manual_hold=false; language=English; update_date=2025-09-23T00:00:00+00:00; tips=; details=; offer=
1284,996ac48d-0501-42ab-ad26-357e517f1794,lxx_ai,webwiki.com,https://www.webwiki.com/,78,78196,General,unknown,50,lxx_link=https://www.webwiki.com/; lxx_link_type=Nofollow; lxx_paid=false; manual_hold=false; language=English; update_date=2025-09-23T00:00:00+00:00; tips=; details=; offer=
1285,c8b18084-e770-4b3a-9861-c1e541890ffb,lxx_ai,webwiki.com,https://www.webwiki.com/info/add-website.html,78,62200,Web wiki,unknown,50,lxx_link=https://www.webwiki.com; lxx_link_type=Nofollow; lxx_paid=false; manual_hold=false; language=English; update_date=2025-06-18T00:00:00+00:00; tips=Add your website: https://www.webwiki.com/info/add-website.html; details=; offer=
1286,6cb70e90-0704-4e20-aa5d-11d5f28bc6d0,lxx_ai,4chan.org,https://www.4chan.org/,77,43676724,General,unknown,50,lxx_link=https://www.4chan.org/; lxx_link_type=Nofollow; lxx_paid=false; manual_hold=false; language=English; update_date=2025-09-23T00:00:00+00:00; tips=; details=; offer=
1287,a20d22e8-8c9e-4d70-9795-f941018d06d5,lxx_ai,8tracks.com,https://8tracks.com/,77,54584,Music,unknown,50,lxx_link=https://8tracks.com/; lxx_link_type=Nofollow; lxx_paid=false; manual_hold=false; language=English; update_date=2025-09-23T00:00:00+00:00; tips=; details=; offer=
1288,48cc7170-325c-42f6-b41a-3e468cb91d2a,lxx_ai,authorstream.com,https://authorstream.com/,77,18927,General,unknown,50,lxx_link=https://authorstream.com/; lxx_link_type=Nofollow; lxx_paid=false; manual_hold=false; language=English; update_date=2025-09-23T00:00:00+00:00; tips=; details=; offer=
1289,50b36cfc-a9ad-4da7-afb2-c4a542a589e5,lxx_ai,azbyka.ru,https://azbyka.ru/forum/,77,35310576,Relogion,unknown,50,lxx_link=https://azbyka.ru/forum/; lxx_link_type=Nofollow; lxx_paid=false; manual_hold=false; language=Russian; update_date=2025-09-23T00:00:00+00:00; tips=; details=; offer=
1290,2ea7e1c1-c224-4ba5-8c1d-70c1610cd0a5,lxx_ai,boards.straightdope.com,https://boards.straightdope.com/,77,859010,General,unknown,50,lxx_link=https://boards.straightdope.com/; lxx_link_type=Nofollow; lxx_paid=false; manual_hold=false; language=English; update_date=2025-09-23T00:00:00+00:00; tips=; details=; offer=
1291,0d91754f-367c-4d36-92e3-42e5375cb23c,lxx_ai,cakeresume.com,https://cakeresume.com/,77,78464,General,unknown,50,lxx_link=https://cakeresume.com/; lxx_link_type=Nofollow; lxx_paid=false; manual_hold=false; language=English; update_date=2025-09-23T00:00:00+00:00; tips=; details=; offer=
1292,f7e51be5-b2c7-488c-9d05-5df1d2cdc448,lxx_ai,digi.com,https://www.digi.com/support/forum/,77,315857,General,unknown,50,lxx_link=https://www.digi.com/support/forum/; lxx_link_type=Nofollow; lxx_paid=false; manual_hold=false; language=English; update_date=2025-09-23T00:00:00+00:00; tips=; details=; offer=
1293,a16d02b1-e205-4005-b0cc-c38af14a80ec,lxx_ai,fanfiction.net,https://fanfiction.net/,77,37324993,Anime,unknown,50,lxx_link=https://fanfiction.net/; lxx_link_type=Nofollow; lxx_paid=false; manual_hold=false; language=English; update_date=2025-09-23T00:00:00+00:00; tips=; details=; offer=
1294,46f33b43-0638-4b08-9dc6-89e86a2d811e,lxx_ai,forexfactory.com,https://www.forexfactory.com/,77,36160401,Finance,unknown,50,lxx_link=https://www.forexfactory.com/; lxx_link_type=Nofollow; lxx_paid=false; manual_hold=false; language=English; update_date=2025-09-23T00:00:00+00:00; tips=; details=; offer=
1295,9d2c28ce-d9fe-4e9a-b610-a3c14dbf2ef9,lxx_ai,forums.majorgeeks.com,https://forums.majorgeeks.com/,77,155157,Consumer,unknown,50,lxx_link=https://forums.majorgeeks.com/; lxx_link_type=Nofollow; lxx_paid=false; manual_hold=false; language=English; update_date=2025-09-23T00:00:00+00:00; tips=; details=; offer=
1296,c875f789-c89d-4ecb-ae84-b2944d8fd48b,lxx_ai,goyellow.de,https://www.goyellow.de/,77,224104,General,unknown,50,lxx_link=https://www.goyellow.de/; lxx_link_type=Nofollow; lxx_paid=false; manual_hold=false; language=German; update_date=2025-09-23T00:00:00+00:00; tips=; details=; offer=
1297,4089f395-ba58-4e35-a20f-62638aaa8df2,lxx_ai,hometalk.com,https://hometalk.com/,77,6423582,General,unknown,50,lxx_link=https://hometalk.com/; lxx_link_type=Nofollow; lxx_paid=false; manual_hold=false; language=English; update_date=2025-09-23T00:00:00+00:00; tips=; details=; offer=
1298,9dc988b2-3277-4659-8f9b-92f6c728bb0e,lxx_ai,hoodspot.fr,https://hoodspot.fr/,77,182621,General,unknown,50,lxx_link=https://hoodspot.fr/; lxx_link_type=Nofollow; lxx_paid=false; manual_hold=false; language=French; update_date=2025-09-23T00:00:00+00:00; tips=; details=; offer=
1299,74c0cfce-595e-4c61-a608-c94775e09308,lxx_ai,insiderpages.com,https://www.insiderpages.com/,77,8345,General,unknown,50,lxx_link=https://www.insiderpages.com/; lxx_link_type=Nofollow; lxx_paid=false; manual_hold=false; language=English; update_date=2025-09-23T00:00:00+00:00; tips=; details=; offer=
1300,80a14bda-bf72-4aa4-908e-809ab8ce04b1,lxx_ai,kompass.com,https://www.kompass.com/,77,1807436,Bussiness,unknown,50,lxx_link=https://www.kompass.com/; lxx_link_type=Nofollow; lxx_paid=false; manual_hold=false; language=English; update_date=2025-09-23T00:00:00+00:00; tips=; details=; offer=
1301,e1e47660-dbfd-417c-9d1c-98096aaa6232,lxx_ai,minecraftforum.net,https://minecraftforum.net/,77,1476205,Gaming,unknown,50,lxx_link=https://minecraftforum.net/; lxx_link_type=Nofollow; lxx_paid=false; manual_hold=false; language=English; update_date=2025-09-23T00:00:00+00:00; tips=; details=; offer=
1302,4e0ea2d0-2a96-4b9a-9176-7700ba52db75,lxx_ai,republic.com,https://republic.com/,77,536223,General,unknown,50,lxx_link=https://republic.com/; lxx_link_type=Nofollow; lxx_paid=false; manual_hold=false; language=English; update_date=2025-09-23T00:00:00+00:00; tips=; details=; offer=
1303,875b12d6-2424-4cb5-9d54-3709e82b57ad,lxx_ai,seek.co.nz,https://seek.co.nz/,77,5996079,General,unknown,50,lxx_link=https://seek.co.nz/; lxx_link_type=Nofollow; lxx_paid=false; manual_hold=false; language=English; update_date=2025-09-23T00:00:00+00:00; tips=; details=; offer=
1304,90ba5d3e-872f-49f4-b934-a5007372d2ef,lxx_ai,wonderhowto.com,https://wonderhowto.com/,77,301197,General,unknown,50,lxx_link=https://wonderhowto.com/; lxx_link_type=Nofollow; lxx_paid=false; manual_hold=false; language=English; update_date=2025-09-23T00:00:00+00:00; tips=; details=; offer=
1305,3c2928e5-792d-48a5-b4a9-6df7faaa856e,lxx_ai,wordofmouth.com.au,https://www.wordofmouth.com.au/,77,104167,General,unknown,50,lxx_link=https://www.wordofmouth.com.au/; lxx_link_type=Nofollow; lxx_paid=false; manual_hold=false; language=English; update_date=2025-09-23T00:00:00+00:00; tips=; details=; offer=
1306,bffcceb1-d7ad-4da0-8f93-0d0c6ca36aa7,lxx_ai,beforeitsnews.com,https://beforeitsnews.com/,76,1978070,General,unknown,50,lxx_link=https://beforeitsnews.com/; lxx_link_type=Nofollow; lxx_paid=false; manual_hold=false; language=English; update_date=2025-09-23T00:00:00+00:00; tips=; details=; offer=
1307,eca47ce0-fdcd-4227-b874-73e97e048ab8,lxx_ai,blackhatworld.com,https://www.blackhatworld.com/,76,1280221,SEO,unknown,50,lxx_link=https://www.blackhatworld.com/; lxx_link_type=Nofollow; lxx_paid=false; manual_hold=false; language=English; update_date=2025-09-23T00:00:00+00:00; tips=; details=; offer=
1308,f2661d09-1ed5-4bd0-a6c6-92dd9660899f,lxx_ai,codechef.com,https://codechef.com/,76,2117872,Developers,unknown,50,lxx_link=https://codechef.com/; lxx_link_type=Nofollow; lxx_paid=false; manual_hold=false; language=English; update_date=2025-09-23T00:00:00+00:00; tips=; details=; offer=
1309,5cec1b6d-8769-4de7-a135-e7aa936a20a6,lxx_ai,edilizia.forumfree.it,https://edilizia.forumfree.it/,76,201,Architecture,unknown,50,lxx_link=https://edilizia.forumfree.it/; lxx_link_type=Nofollow; lxx_paid=false; manual_hold=false; language=Italian; update_date=2025-09-23T00:00:00+00:00; tips=; details=; offer=
1310,967f7555-7c5c-4bbd-a4dc-feee4f5615ed,lxx_ai,enrollbusiness.com,https://enrollbusiness.com/,76,111727,General,unknown,50,lxx_link=https://enrollbusiness.com/; lxx_link_type=Nofollow; lxx_paid=false; manual_hold=false; language=German; update_date=2025-09-23T00:00:00+00:00; tips=; details=; offer=
1311,b815cf4c-9762-4542-b502-1842f34d09b8,lxx_ai,fanpop.com,https://fanpop.com/,76,309743,General,unknown,50,lxx_link=https://fanpop.com/; lxx_link_type=Nofollow; lxx_paid=false; manual_hold=false; language=English; update_date=2025-09-23T00:00:00+00:00; tips=; details=; offer=
1312,31284869-877c-4a9e-8eb6-e8314514d6fd,lxx_ai,forum.configserver.com,https://forum.configserver.com/,76,1731,Developers,unknown,50,lxx_link=https://forum.configserver.com/; lxx_link_type=Nofollow; lxx_paid=false; manual_hold=false; language=English; update_date=2025-09-23T00:00:00+00:00; tips=; details=; offer=
1313,69969fbb-035e-43ee-b951-31200169214b,lxx_ai,forum.xat.com,https://forum.xat.com/,76,30786,General,unknown,50,lxx_link=https://forum.xat.com/; lxx_link_type=Nofollow; lxx_paid=false; manual_hold=false; language=English; update_date=2025-09-23T00:00:00+00:00; tips=; details=; offer=
1314,18b63136-daf9-4583-b4a1-cd12520675ba,lxx_ai,forums.penny-arcade.com,https://forums.penny-arcade.com/,76,276104,Gaming,unknown,50,lxx_link=https://forums.penny-arcade.com/; lxx_link_type=Nofollow; lxx_paid=false; manual_hold=false; language=English; update_date=2025-09-23T00:00:00+00:00; tips=; details=; offer=
1315,edc41ac2-5021-40ae-a393-2d678e9981e9,lxx_ai,forums.soompi.com,https://forums.soompi.com/,76,257930,General,unknown,50,lxx_link=https://forums.soompi.com/; lxx_link_type=Nofollow; lxx_paid=false; manual_hold=false; language=English; update_date=2025-09-23T00:00:00+00:00; tips=; details=; offer=
1316,151cf71b-1c73-48de-8747-f450a0825208,lxx_ai,lookbook.nu,https://lookbook.nu/,76,6843,fasion,unknown,50,lxx_link=https://lookbook.nu/; lxx_link_type=Nofollow; lxx_paid=false; manual_hold=false; language=English; update_date=2025-09-23T00:00:00+00:00; tips=; details=; offer=
1317,472d3444-9597-4716-94b4-e021e5426058,lxx_ai,makeagif.com,https://makeagif.com/,76,2266711,General,unknown,50,lxx_link=https://makeagif.com/; lxx_link_type=Nofollow; lxx_paid=false; manual_hold=false; language=English; update_date=2025-09-23T00:00:00+00:00; tips=; details=; offer=
1318,fdfb9d6c-d358-47b1-97e7-f73cdfcf84c7,lxx_ai,marktplatz-mittelstand.de,https://www.marktplatz-mittelstand.de/,76,22589,General,unknown,50,lxx_link=https://www.marktplatz-mittelstand.de/; lxx_link_type=Nofollow; lxx_paid=false; manual_hold=false; language=German; update_date=2025-09-23T00:00:00+00:00; tips=; details=; offer=
1319,5e7ad113-9b23-4f1e-b789-63c86a1e5bc4,lxx_ai,meneame.net,https://meneame.net/,76,18603004,General,unknown,50,lxx_link=https://meneame.net/; lxx_link_type=Nofollow; lxx_paid=false; manual_hold=false; language=Spanish; update_date=2025-09-23T00:00:00+00:00; tips=; details=; offer=
1320,5a72958e-6dfd-44cd-965c-c961b8b3611f,lxx_ai,nootheme.com,https://nootheme.com/,76,7262,WordPress Plugin,unknown,50,lxx_link=https://nootheme.com/; lxx_link_type=Nofollow; lxx_paid=false; manual_hold=false; language=English; update_date=2025-09-23T00:00:00+00:00; tips=; details=; offer=
1321,e62d7e18-431d-4c9a-8436-454763c7a50d,lxx_ai,oercommons.org,https://oercommons.org/,76,365976,Education,unknown,50,lxx_link=https://oercommons.org/; lxx_link_type=Nofollow; lxx_paid=false; manual_hold=false; language=English; update_date=2025-09-23T00:00:00+00:00; tips=; details=; offer=
1322,e686e3ca-4d77-43e2-8c57-c4bb9e1adff6,lxx_ai,onfeetnation.com,https://www.onfeetnation.com/,76,370,General,unknown,50,lxx_link=https://www.onfeetnation.com/; lxx_link_type=Nofollow; lxx_paid=false; manual_hold=false; language=English; update_date=2025-09-23T00:00:00+00:00; tips=; details=; offer=
1323,6e800b10-60ce-47da-bdb3-7161aab1e6b9,lxx_ai,opengameart.org,https://opengameart.org/,76,805027,Art,unknown,50,lxx_link=https://opengameart.org/; lxx_link_type=Nofollow; lxx_paid=false; manual_hold=false; language=English; update_date=2025-09-23T00:00:00+00:00; tips=; details=; offer=
1324,152a8f60-57d9-4aff-bfba-5033bf33d0d9,lxx_ai,panoramafirm.pl,https://panoramafirm.pl/,76,1561837,General,unknown,50,lxx_link=https://panoramafirm.pl/; lxx_link_type=Nofollow; lxx_paid=false; manual_hold=false; language=Polish; update_date=2025-09-23T00:00:00+00:00; tips=; details=; offer=
1325,2c1e178d-78a1-4ec7-a03d-24314cf6b132,lxx_ai,photo.net,https://photo.net/,76,316642,Photography,unknown,50,lxx_link=https://photo.net/; lxx_link_type=Nofollow; lxx_paid=false; manual_hold=false; language=English; update_date=2025-09-23T00:00:00+00:00; tips=; details=; offer=
1326,efff6b30-941a-4ac4-b305-db758c75dbaf,lxx_ai,selfgrowth.com,https://selfgrowth.com/,76,27780,Self Improvement,unknown,50,lxx_link=https://selfgrowth.com/; lxx_link_type=Nofollow; lxx_paid=false; manual_hold=false; language=English; update_date=2025-09-23T00:00:00+00:00; tips=; details=; offer=
1327,8f72573b-9160-4703-b8eb-2c42731a3ecc,lxx_ai,siteinspire.com,https://siteinspire.com/,76,313893,Design,unknown,50,lxx_link=https://siteinspire.com/; lxx_link_type=Nofollow; lxx_paid=false; manual_hold=false; language=English; update_date=2025-09-23T00:00:00+00:00; tips=; details=; offer=
1328,fe32c056-73a4-4c92-9763-a4c3ffe440e0,lxx_ai,snagajob.com,https://snagajob.com/,76,3099227,General,unknown,50,lxx_link=https://snagajob.com/; lxx_link_type=Nofollow; lxx_paid=false; manual_hold=false; language=English; update_date=2025-09-23T00:00:00+00:00; tips=; details=; offer=
1329,2bb691bd-1795-4bde-b326-14e8ba6b8dae,lxx_ai,stadtbranchenbuch.com,https://www.stadtbranchenbuch.com/,76,460886,General,unknown,50,lxx_link=https://www.stadtbranchenbuch.com/; lxx_link_type=Nofollow; lxx_paid=false; manual_hold=false; language=German; update_date=2025-09-23T00:00:00+00:00; tips=; details=; offer=
1330,e3ff0084-f21a-4ad8-8691-59cda9671520,lxx_ai,videezy.com,https://videezy.com/,76,1136296,General,unknown,50,lxx_link=https://videezy.com/; lxx_link_type=Nofollow; lxx_paid=false; manual_hold=false; language=English; update_date=2025-09-23T00:00:00+00:00; tips=; details=; offer=
1331,49d51066-9145-45c7-bece-d04025adb6b9,lxx_ai,warriorforum.com,https://warriorforum.com/,76,133137,Marketing,unknown,50,lxx_link=https://warriorforum.com/; lxx_link_type=Nofollow; lxx_paid=false; manual_hold=false; language=English; update_date=2025-09-23T00:00:00+00:00; tips=; details=; offer=
1332,797111f6-8d39-465c-9eca-c60385162483,lxx_ai,youpic.com,https://youpic.com/,76,625446,Photography,unknown,50,lxx_link=https://youpic.com/; lxx_link_type=Nofollow; lxx_paid=false; manual_hold=false; language=English; update_date=2025-09-23T00:00:00+00:00; tips=; details=; offer=
1333,2322a8fe-3141-44b3-9ce1-4344ed680f5f,lxx_ai,blastingnews.com,https://blastingnews.com/,75,629612,General,unknown,50,lxx_link=https://blastingnews.com/; lxx_link_type=Nofollow; lxx_paid=false; manual_hold=false; language=English; update_date=2025-09-23T00:00:00+00:00; tips=; details=; offer=
1334,277a2d51-9522-4d84-ae1e-f758e475db84,lxx_ai,citysquares.com,https://citysquares.com/,75,53740,General,unknown,50,lxx_link=https://citysquares.com/; lxx_link_type=Nofollow; lxx_paid=false; manual_hold=false; language=English; update_date=2025-09-23T00:00:00+00:00; tips=; details=; offer=
1335,40eb3b98-b7e4-4f2a-bfd3-c5a444b4e6bd,lxx_ai,cylex-uk.co.uk,https://cylex-uk.co.uk/,75,916647,General,unknown,50,lxx_link=https://cylex-uk.co.uk/; lxx_link_type=Nofollow; lxx_paid=false; manual_hold=false; language=English; update_date=2025-09-23T00:00:00+00:00; tips=; details=; offer=
1336,65607dd2-fd4d-4c3d-8b6b-7fc849d8cdd3,lxx_ai,cylex.us.com,https://www.cylex.us.com/,75,155079,General,unknown,50,lxx_link=https://www.cylex.us.com/; lxx_link_type=Nofollow; lxx_paid=false; manual_hold=false; language=English; update_date=2025-09-23T00:00:00+00:00; tips=; details=; offer=
1337,6a01c3b6-bc48-45f1-b0b5-a3e6578afbfb,lxx_ai,dontpayfull.com,https://www.dontpayfull.com/,75,1026320,General,unknown,50,lxx_link=https://www.dontpayfull.com/; lxx_link_type=Nofollow; lxx_paid=false; manual_hold=false; language=English; update_date=2025-09-23T00:00:00+00:00; tips=; details=; offer=
1338,4c7f7f99-0660-416b-910e-61c7fc20887d,lxx_ai,foroactivo.com,https://foroactivo.com/,75,3246865,General,unknown,50,lxx_link=https://foroactivo.com/; lxx_link_type=Nofollow; lxx_paid=false; manual_hold=false; language=Spanish; update_date=2025-09-23T00:00:00+00:00; tips=; details=; offer=
1339,e52ec15c-2b6a-4b83-8314-5f0d5460401b,lxx_ai,free-ebooks.net,https://free-ebooks.net/,75,550414,Books,unknown,50,lxx_link=https://free-ebooks.net/; lxx_link_type=Nofollow; lxx_paid=false; manual_hold=false; language=English; update_date=2025-09-23T00:00:00+00:00; tips=; details=; offer=
1340,80d60253-9c9c-4d2c-a732-c0d0e60a6adb,lxx_ai,gaiaonline.com,https://www.gaiaonline.com/,75,1848350,Anime,unknown,50,lxx_link=https://www.gaiaonline.com/; lxx_link_type=Nofollow; lxx_paid=false; manual_hold=false; language=English; update_date=2025-09-23T00:00:00+00:00; tips=; details=; offer=
1341,ddeedf50-c72f-46e9-a1f0-eda7659696b9,lxx_ai,logopond.com,https://logopond.com/,75,140465,Design,unknown,50,lxx_link=https://logopond.com/; lxx_link_type=Nofollow; lxx_paid=false; manual_hold=false; language=English; update_date=2025-09-23T00:00:00+00:00; tips=; details=; offer=
1342,ff7cd6c9-9ee0-486d-ad39-16f399e2ff63,lxx_ai,oneflare.com.au,https://www.oneflare.com.au/,75,249199,General,unknown,50,lxx_link=https://www.oneflare.com.au/; lxx_link_type=Nofollow; lxx_paid=false; manual_hold=false; language=English; update_date=2025-09-23T00:00:00+00:00; tips=; details=; offer=
1343,f8da609e-8598-46fa-910e-740218ed8230,lxx_ai,reviewcentre.com,https://www.reviewcentre.com/,75,98818,General,unknown,50,lxx_link=https://www.reviewcentre.com/; lxx_link_type=Nofollow; lxx_paid=false; manual_hold=false; language=English; update_date=2025-09-23T00:00:00+00:00; tips=; details=; offer=
1344,1eb26614-eb3d-40aa-9199-611677deece8,lxx_ai,sporcle.com,https://sporcle.com/,75,15345173,General,unknown,50,lxx_link=https://sporcle.com/; lxx_link_type=Nofollow; lxx_paid=false; manual_hold=false; language=English; update_date=2025-09-23T00:00:00+00:00; tips=; details=; offer=
1345,8c145d49-133e-4507-97d4-49b2e2b4d858,lxx_ai,stacksocial.com,https://stacksocial.com/,75,1570579,General,unknown,50,lxx_link=https://stacksocial.com/; lxx_link_type=Nofollow; lxx_paid=false; manual_hold=false; language=English; update_date=2025-09-23T00:00:00+00:00; tips=; details=; offer=
1346,14b6bec8-c43d-4087-b66a-18eef02d72f0,lxx_ai,taringa.net,https://taringa.net/,75,192640,General,unknown,50,lxx_link=https://taringa.net/; lxx_link_type=Nofollow; lxx_paid=false; manual_hold=false; language=Spanish; update_date=2025-09-23T00:00:00+00:00; tips=; details=; offer=
1347,70976388-e90d-425b-9646-740cbe2df010,lxx_ai,trepup.com,https://trepup.com/,75,80759,General,unknown,50,lxx_link=https://trepup.com/; lxx_link_type=Nofollow; lxx_paid=false; manual_hold=false; language=English; update_date=2025-09-23T00:00:00+00:00; tips=; details=; offer=
1348,704821ce-5367-4912-8970-0e2a86d33833,lxx_ai,uplabs.com,https://www.uplabs.com/,75,7605,Design,unknown,50,lxx_link=https://www.uplabs.com/; lxx_link_type=Nofollow; lxx_paid=false; manual_hold=false; language=English; update_date=2025-09-23T00:00:00+00:00; tips=; details=; offer=
1349,a91de00d-fc8a-461d-8521-5ce9306c7a69,lxx_ai,urlscan.io,https://urlscan.io/,75,1292165,General,unknown,50,lxx_link=https://urlscan.io/; lxx_link_type=Nofollow; lxx_paid=false; manual_hold=false; language=English; update_date=2025-09-23T00:00:00+00:00; tips=; details=; offer=
1350,74ae6608-b68c-41e1-80e9-74ca8c90a803,lxx_ai,workopolis.com,https://workopolis.com/,75,1049127,General,unknown,50,lxx_link=https://workopolis.com/; lxx_link_type=Nofollow; lxx_paid=false; manual_hold=false; language=English; update_date=2025-09-23T00:00:00+00:00; tips=; details=; offer=
1351,cd81306d-650d-4628-891c-0ce9a0ff190d,lxx_ai,aboutus.com,https://aboutus.com/,74,68499,General,unknown,50,lxx_link=https://aboutus.com/; lxx_link_type=Nofollow; lxx_paid=false; manual_hold=false; language=English; update_date=2025-09-23T00:00:00+00:00; tips=; details=; offer=
1352,33033ac8-6ec4-496e-9af5-2b587238c4c4,lxx_ai,affilorama.com,https://www.affilorama.com/,74,24674,General,unknown,50,lxx_link=https://www.affilorama.com/; lxx_link_type=Nofollow; lxx_paid=false; manual_hold=false; language=English; update_date=2025-09-23T00:00:00+00:00; tips=; details=; offer=
1353,6492ca56-d45d-4b6e-b936-704d801f55e6,lxx_ai,alphacoders.com,https://alphacoders.com/,74,4746715,General,unknown,50,lxx_link=https://alphacoders.com/; lxx_link_type=Nofollow; lxx_paid=false; manual_hold=false; language=English; update_date=2025-09-23T00:00:00+00:00; tips=; details=; offer=
1354,e74fb7ad-d524-42f8-9aa2-ed30ae4dcec7,lxx_ai,appfutura.com,https://appfutura.com/,74,960,Agencies,unknown,50,lxx_link=https://appfutura.com/; lxx_link_type=Nofollow; lxx_paid=false; manual_hold=false; language=English; update_date=2025-09-23T00:00:00+00:00; tips=; details=; offer=
1355,317b12dd-6761-45ae-a697-a5d447b36754,lxx_ai,askmap.net,https://askmap.net/,74,57819,General,unknown,50,lxx_link=https://askmap.net/; lxx_link_type=Nofollow; lxx_paid=false; manual_hold=false; language=English; update_date=2025-09-23T00:00:00+00:00; tips=; details=; offer=
1356,f044ae0c-2d1e-4a1f-a8b9-05888e2b2905,lxx_ai,bewertet.de,https://bewertet.de/,74,0,General,unknown,50,lxx_link=https://bewertet.de/; lxx_link_type=Nofollow; lxx_paid=false; manual_hold=false; language=German; update_date=2025-09-23T00:00:00+00:00; tips=; details=; offer=
1357,f7426487-7fb2-4fb7-9984-25bb23fa601c,lxx_ai,botw.org,https://botw.org/,74,39780,General,unknown,50,lxx_link=https://botw.org/; lxx_link_type=Nofollow; lxx_paid=false; manual_hold=false; language=English; update_date=2025-09-23T00:00:00+00:00; tips=; details=; offer=
1358,9e734316-66c6-4715-8cb6-a439a069eda9,lxx_ai,dailyinfographic.com,https://www.dailyinfographic.com/,74,11861,General,unknown,50,lxx_link=https://www.dailyinfographic.com/; lxx_link_type=Nofollow; lxx_paid=false; manual_hold=false; language=English; update_date=2025-09-23T00:00:00+00:00; tips=; details=; offer=
1359,5bac466b-a73d-4169-9f97-0a33290096c4,lxx_ai,dastelefonbuch.de,https://www.dastelefonbuch.de/,74,3757934,General,unknown,50,lxx_link=https://www.dastelefonbuch.de/; lxx_link_type=Nofollow; lxx_paid=false; manual_hold=false; language=German; update_date=2025-09-23T00:00:00+00:00; tips=; details=; offer=
1360,cd20eef6-0cc2-443a-9804-ef66f6e116e0,lxx_ai,dealnews.com,https://www.dealnews.com/,74,5277364,General,unknown,50,lxx_link=https://www.dealnews.com/; lxx_link_type=Nofollow; lxx_paid=false; manual_hold=false; language=English; update_date=2025-09-23T00:00:00+00:00; tips=; details=; offer=
1361,641afb22-0e10-4b2c-acd6-4807ea489c0a,lxx_ai,designspiration.net,https://designspiration.net/,74,257,Design,unknown,50,lxx_link=https://designspiration.net/; lxx_link_type=Nofollow; lxx_paid=false; manual_hold=false; language=English; update_date=2025-09-23T00:00:00+00:00; tips=; details=; offer=
1362,14ba7b60-4fb4-4765-9663-d004520ed2c3,lxx_ai,fiscoetasse.com,https://www.fiscoetasse.com/forum/,74,1763417,Legal,unknown,50,lxx_link=https://www.fiscoetasse.com/forum/; lxx_link_type=Nofollow; lxx_paid=false; manual_hold=false; language=Italian; update_date=2025-09-23T00:00:00+00:00; tips=; details=; offer=
1363,d9dc4ecd-da79-4958-8553-7de7c28c3888,lxx_ai,forums.sentora.org,https://forums.sentora.org/,74,399,Hosting,unknown,50,lxx_link=https://forums.sentora.org/; lxx_link_type=Nofollow; lxx_paid=false; manual_hold=false; language=English; update_date=2025-09-23T00:00:00+00:00; tips=; details=; offer=
1364,e9e540cd-4570-4b16-913f-92294535a91e,lxx_ai,genglobal.org,https://genglobal.org/,74,59156,General,unknown,50,lxx_link=https://genglobal.org/; lxx_link_type=Nofollow; lxx_paid=false; manual_hold=false; language=English; update_date=2025-09-23T00:00:00+00:00; tips=; details=; offer=
1365,cf9e54c5-0b44-4e59-b993-3482e5d7531f,lxx_ai,local.botw.org,https://local.botw.org/,74,3066,General,unknown,50,lxx_link=https://local.botw.org/; lxx_link_type=Nofollow; lxx_paid=false; manual_hold=false; language=English; update_date=2025-09-23T00:00:00+00:00; tips=; details=; offer=
1366,b2bf31e1-6565-47a7-993d-ac30d3031de1,lxx_ai,pissedconsumer.com,https://www.pissedconsumer.com/,74,2326528,General,unknown,50,lxx_link=https://www.pissedconsumer.com/; lxx_link_type=Nofollow; lxx_paid=false; manual_hold=false; language=English; update_date=2025-09-23T00:00:00+00:00; tips=; details=; offer=
1367,cb12f186-d9e5-4107-b892-270e66677f0f,lxx_ai,subrion.org,https://subrion.org/,74,4435,General,unknown,50,lxx_link=https://subrion.org/; lxx_link_type=Nofollow; lxx_paid=false; manual_hold=false; language=English; update_date=2025-09-23T00:00:00+00:00; tips=; details=; offer=
1368,b5d15ba7-6bfc-4d0c-8bd9-aa99c353af78,lxx_ai,twine.fm,https://twine.fm/,74,110,Business,unknown,50,lxx_link=https://twine.fm/; lxx_link_type=Nofollow; lxx_paid=false; manual_hold=false; language=English; update_date=2025-09-23T00:00:00+00:00; tips=; details=; offer=
1369,eea99c9e-e14f-4802-a33c-9a0e1995694b,lxx_ai,118712.fr,https://www.118712.fr/,73,676388,General,unknown,50,lxx_link=https://www.118712.fr/; lxx_link_type=Nofollow; lxx_paid=false; manual_hold=false; language=English; update_date=2025-09-23T00:00:00+00:00; tips=; details=; offer=
1370,a39df3c4-5f3c-4435-98f9-136904d07d5d,lxx_ai,aeriagames.com,https://www.aeriagames.com/,73,100,Gaming,unknown,50,lxx_link=https://www.aeriagames.com/; lxx_link_type=Nofollow; lxx_paid=false; manual_hold=false; language=English; update_date=2025-09-23T00:00:00+00:00; tips=; details=; offer=
1371,e80919dd-b364-45fe-b1ef-dad6fc744716,lxx_ai,annuaire-therapeutes.com,https://www.annuaire-therapeutes.com/,73,68419,Health,unknown,50,lxx_link=https://www.annuaire-therapeutes.com/; lxx_link_type=Nofollow; lxx_paid=false; manual_hold=false; language=English; update_date=2025-09-23T00:00:00+00:00; tips=; details=; offer=
1372,61e74504-d90f-4e28-8337-73ca555cf752,lxx_ai,avforums.com,https://avforums.com/,73,1709154,General,unknown,50,lxx_link=https://avforums.com/; lxx_link_type=Nofollow; lxx_paid=false; manual_hold=false; language=English; update_date=2025-09-23T00:00:00+00:00; tips=; details=; offer=
1373,f77bd5ea-9508-4e5e-858b-c50457bcbe5a,lxx_ai,bibsonomy.org,https://bibsonomy.org/,73,181362,General,unknown,50,lxx_link=https://bibsonomy.org/; lxx_link_type=Nofollow; lxx_paid=false; manual_hold=false; language=English; update_date=2025-09-23T00:00:00+00:00; tips=; details=; offer=
1374,ae994565-f347-4023-ac92-88d045bd3e75,lxx_ai,blip.fm,https://blip.fm/,73,0,Music,unknown,50,lxx_link=https://blip.fm/; lxx_link_type=Nofollow; lxx_paid=false; manual_hold=false; language=English; update_date=2025-09-23T00:00:00+00:00; tips=; details=; offer=
1375,89d25617-a70d-40e4-86d0-ffbd32ae7fb0,lxx_ai,dealspotr.com,https://dealspotr.com/,73,3134208,General,unknown,50,lxx_link=https://dealspotr.com/; lxx_link_type=Nofollow; lxx_paid=false; manual_hold=false; language=English; update_date=2025-09-23T00:00:00+00:00; tips=; details=; offer=
1376,481651aa-9bd1-43c4-aebd-9880d73ff724,lxx_ai,engineofsouls.activeboard.com,https://engineofsouls.activeboard.com/,73,134,General,unknown,50,lxx_link=https://engineofsouls.activeboard.com/; lxx_link_type=Nofollow; lxx_paid=false; manual_hold=false; language=English; update_date=2025-09-23T00:00:00+00:00; tips=; details=; offer=
1377,7a7ac435-0e2f-45be-b1ca-10a07f1507a5,lxx_ai,entireweb.com,https://entireweb.com/,73,136218,Search Engine,unknown,50,lxx_link=https://entireweb.com/; lxx_link_type=Nofollow; lxx_paid=false; manual_hold=false; language=English; update_date=2025-09-23T00:00:00+00:00; tips=; details=; offer=
1378,899f8e58-47bb-4158-9d04-5705cd5dcc8f,lxx_ai,exactseek.com,https://exactseek.com/,73,18064,Search Engine,unknown,50,lxx_link=https://exactseek.com/; lxx_link_type=Nofollow; lxx_paid=false; manual_hold=false; language=English; update_date=2025-09-23T00:00:00+00:00; tips=; details=; offer=
1379,8674eee1-13c7-43c8-a17e-29759af524ea,lxx_ai,expat.com,https://expat.com/forum/,73,615999,Travel,unknown,50,lxx_link=https://expat.com/forum/; lxx_link_type=Nofollow; lxx_paid=false; manual_hold=false; language=English; update_date=2025-09-23T00:00:00+00:00; tips=; details=; offer=
1380,7eb9531a-5784-4f96-9ede-2f7e761387b0,lxx_ai,fimfiction.net,https://fimfiction.net/,73,3865253,Anime,unknown,50,lxx_link=https://fimfiction.net/; lxx_link_type=Nofollow; lxx_paid=false; manual_hold=false; language=English; update_date=2025-09-23T00:00:00+00:00; tips=; details=; offer=
1381,b93ef56d-a7da-429d-9760-8aaf9a42da96,lxx_ai,forum.laleggepertutti.it,https://forum.laleggepertutti.it/,73,1040,Legal,unknown,50,lxx_link=https://forum.laleggepertutti.it/; lxx_link_type=Nofollow; lxx_paid=false; manual_hold=false; language=Italian; update_date=2025-09-23T00:00:00+00:00; tips=; details=; offer=
1382,192b1055-616c-4b90-ba9a-1edee07d9af6,lxx_ai,forums.somethingawful.com,https://forums.somethingawful.com/,73,1155504,General,unknown,50,lxx_link=https://forums.somethingawful.com/; lxx_link_type=Nofollow; lxx_paid=false; manual_hold=false; language=English; update_date=2025-09-23T00:00:00+00:00; tips=; details=; offer=
1383,7ae6cac8-319d-4290-bb76-a010b58304d4,lxx_ai,gardenweb.com,https://gardenweb.com/,73,180475,Design,unknown,50,lxx_link=https://gardenweb.com/; lxx_link_type=Nofollow; lxx_paid=false; manual_hold=false; language=English; update_date=2025-09-23T00:00:00+00:00; tips=; details=; offer=
1384,ca60805c-0380-4b90-ad17-e76c3778ebbe,lxx_ai,golocal247.com,https://www.golocal247.com/,73,87093,General,unknown,50,lxx_link=https://www.golocal247.com/; lxx_link_type=Nofollow; lxx_paid=false; manual_hold=false; language=English; update_date=2025-09-23T00:00:00+00:00; tips=; details=; offer=
1385,233ae298-33d6-4047-b4a8-768741cbb550,lxx_ai,hip2save.com,https://hip2save.com/,73,2100575,General,unknown,50,lxx_link=https://hip2save.com/; lxx_link_type=Nofollow; lxx_paid=false; manual_hold=false; language=English; update_date=2025-09-23T00:00:00+00:00; tips=; details=; offer=
1386,dc1d7ff5-b9e3-43a5-99b9-9eddf7dda163,lxx_ai,iglobal.co,https://www.iglobal.co/,73,67723,General,unknown,50,lxx_link=https://www.iglobal.co/; lxx_link_type=Nofollow; lxx_paid=false; manual_hold=false; language=English; update_date=2025-09-23T00:00:00+00:00; tips=; details=; offer=
1387,24823c4e-54cd-4419-9eee-a225f502e041,lxx_ai,infobel.com,https://www.infobel.com/,73,693915,General,unknown,50,lxx_link=https://www.infobel.com/; lxx_link_type=Nofollow; lxx_paid=false; manual_hold=false; language=French; update_date=2025-09-23T00:00:00+00:00; tips=; details=; offer=
1388,88a47856-4749-4d91-a0fc-0e544b7acf73,lxx_ai,mobypicture.com,https://www.mobypicture.com/,73,541,General,unknown,50,lxx_link=https://www.mobypicture.com/; lxx_link_type=Nofollow; lxx_paid=false; manual_hold=false; language=English; update_date=2025-09-23T00:00:00+00:00; tips=; details=; offer=
1389,227de3a9-0ce5-4ddd-9022-f6be58eb2069,lxx_ai,neuvoo.com,https://neuvoo.com/,73,438,General,unknown,50,lxx_link=https://neuvoo.com/; lxx_link_type=Nofollow; lxx_paid=false; manual_hold=false; language=English; update_date=2025-09-23T00:00:00+00:00; tips=; details=; offer=
1390,f138abb0-0782-4e44-8b19-91578729d14d,lxx_ai,onlinestreet.de,https://onlinestreet.de/,73,904048,General,unknown,50,lxx_link=https://onlinestreet.de/; lxx_link_type=Nofollow; lxx_paid=false; manual_hold=false; language=German; update_date=2025-09-23T00:00:00+00:00; tips=; details=; offer=
1391,d335c741-51c3-4079-b992-fee4a476e920,lxx_ai,permaculturenews.org,https://permaculturenews.org/,73,1069,General,unknown,50,lxx_link=https://permaculturenews.org/; lxx_link_type=Nofollow; lxx_paid=false; manual_hold=false; language=English; update_date=2025-09-23T00:00:00+00:00; tips=; details=; offer=
1392,e1f11b4d-8aa0-46f5-a6a5-fe6618ec233d,lxx_ai,pkt.pl,https://www.pkt.pl/,73,363671,General,unknown,50,lxx_link=https://www.pkt.pl/; lxx_link_type=Nofollow; lxx_paid=false; manual_hold=false; language=Polish; update_date=2025-09-23T00:00:00+00:00; tips=; details=; offer=
1393,8963f0a8-1d11-4644-97d1-cacc16a2f7bb,lxx_ai,resetera.com,https://resetera.com/,73,7806986,Gaming,unknown,50,lxx_link=https://resetera.com/; lxx_link_type=Nofollow; lxx_paid=false; manual_hold=false; language=English; update_date=2025-09-23T00:00:00+00:00; tips=; details=; offer=
1394,01dafcbe-4d67-42b5-8697-d64524ba7e00,lxx_ai,sevenforums.com,https://sevenforums.com/,73,395728,Information,unknown,50,lxx_link=https://sevenforums.com/; lxx_link_type=Nofollow; lxx_paid=false; manual_hold=false; language=English; update_date=2025-09-23T00:00:00+00:00; tips=; details=; offer=
1395,abcd7421-3159-4c8e-afc5-3f145900a56d,lxx_ai,skyscrapercity.com,https://skyscrapercity.com/,73,10851537,Architecture,unknown,50,lxx_link=https://skyscrapercity.com/; lxx_link_type=Nofollow; lxx_paid=false; manual_hold=false; language=English; update_date=2025-09-23T00:00:00+00:00; tips=; details=; offer=
1396,3164cd32-8c2f-4292-a68a-08def3c51a01,lxx_ai,spoke.com,https://www.spoke.com/,73,1969,Business,unknown,50,lxx_link=https://www.spoke.com/; lxx_link_type=Nofollow; lxx_paid=false; manual_hold=false; language=English; update_date=2025-09-23T00:00:00+00:00; tips=; details=; offer=
1397,884765f5-352f-4444-b4a6-25ec1056a144,lxx_ai,translatorscafe.com,https://translatorscafe.com/cafe/,73,829296,General,unknown,50,lxx_link=https://translatorscafe.com/cafe/; lxx_link_type=Nofollow; lxx_paid=false; manual_hold=false; language=English; update_date=2025-09-23T00:00:00+00:00; tips=; details=; offer=
1398,c2cad868-803f-40e2-971f-793fba2c3ef7,lxx_ai,viesearch.com,https://viesearch.com/,73,65940,General,unknown,50,lxx_link=https://viesearch.com/; lxx_link_type=Nofollow; lxx_paid=false; manual_hold=false; language=English; update_date=2025-09-23T00:00:00+00:00; tips=; details=; offer=
1399,fd6142cb-fbc0-4705-a5e5-340f5c8e799b,lxx_ai,webwiki.at,https://www.webwiki.at/,73,7342,General,unknown,50,lxx_link=https://www.webwiki.at/; lxx_link_type=Nofollow; lxx_paid=false; manual_hold=false; language=German; update_date=2025-09-23T00:00:00+00:00; tips=; details=; offer=
1400,5135cdd0-2423-4627-9b83-b08c0e4ce50d,lxx_ai,webwiki.fr,https://www.webwiki.fr/,73,22401,General,unknown,50,lxx_link=https://www.webwiki.fr/; lxx_link_type=Nofollow; lxx_paid=false; manual_hold=false; language=French; update_date=2025-09-23T00:00:00+00:00; tips=; details=; offer=
1401,9a322be4-fd59-4681-850f-3ed44ff08447,lxx_ai,whatjobs.com,https://www.whatjobs.com/,73,3401760,General,unknown,50,lxx_link=https://www.whatjobs.com/; lxx_link_type=Nofollow; lxx_paid=false; manual_hold=false; language=German; update_date=2025-09-23T00:00:00+00:00; tips=; details=; offer=
1402,8758b5e5-8081-4780-9fcf-4002d3473e94,lxx_ai,whitepages.com.au,https://www.whitepages.com.au/,73,431912,General,unknown,50,lxx_link=https://www.whitepages.com.au/; lxx_link_type=Nofollow; lxx_paid=false; manual_hold=false; language=English; update_date=2025-09-23T00:00:00+00:00; tips=; details=; offer=
1403,56e448d8-985f-4da9-9c4c-fc9a181f7563,lxx_ai,yellowbot.com,https://yellowbot.com/,73,23891,General,unknown,50,lxx_link=https://yellowbot.com/; lxx_link_type=Nofollow; lxx_paid=false; manual_hold=false; language=English; update_date=2025-09-23T00:00:00+00:00; tips=; details=; offer=
1404,6ae7413e-8cc9-4425-af20-2c7c5b58f248,lxx_ai,youmagine.com,https://youmagine.com/,73,91254,3D Printing,unknown,50,lxx_link=https://youmagine.com/; lxx_link_type=Nofollow; lxx_paid=false; manual_hold=false; language=English; update_date=2025-09-23T00:00:00+00:00; tips=; details=; offer=
1405,a4373b62-2091-45f4-a08a-3c09b1eb6bf2,lxx_ai,bakespace.com,https://bakespace.com/,72,25043,Food,unknown,50,lxx_link=https://bakespace.com/; lxx_link_type=Nofollow; lxx_paid=false; manual_hold=false; language=English; update_date=2025-09-23T00:00:00+00:00; tips=; details=; offer=
1406,310091e9-78a1-40e0-a834-1a4104ac1bcf,lxx_ai,bombstat.com,https://bombstat.com/,72,0,General,unknown,50,lxx_link=https://bombstat.com/; lxx_link_type=Nofollow; lxx_paid=false; manual_hold=false; language=English; update_date=2025-09-23T00:00:00+00:00; tips=; details=; offer=
1407,142d70d2-96a3-4eba-9131-f61a69814180,lxx_ai,boxingscene.com,https://boxingscene.com/forums/,72,1823140,Sports,unknown,50,lxx_link=https://boxingscene.com/forums/; lxx_link_type=Nofollow; lxx_paid=false; manual_hold=false; language=English; update_date=2025-09-23T00:00:00+00:00; tips=; details=; offer=
1408,40036483-0f1b-49dc-ba0f-6a39fc568812,lxx_ai,dashburst.com,https://dashburst.com/,72,33,art,unknown,50,lxx_link=https://dashburst.com/; lxx_link_type=Nofollow; lxx_paid=false; manual_hold=false; language=English; update_date=2025-09-23T00:00:00+00:00; tips=; details=; offer=
1409,bcdcbcc4-6b11-4328-95ae-2ecf999e1cf2,lxx_ai,ex.co,https://ex.co/,72,113250,General,unknown,50,lxx_link=https://ex.co/; lxx_link_type=Nofollow; lxx_paid=false; manual_hold=false; language=English; update_date=2025-09-23T00:00:00+00:00; tips=; details=; offer=
1410,f3adc0b7-3562-4b0a-8c9d-d1f920f731e2,lxx_ai,feedback.bistudio.com,https://feedback.bistudio.com/,72,190697,Gaming,unknown,50,lxx_link=https://feedback.bistudio.com/; lxx_link_type=Nofollow; lxx_paid=false; manual_hold=false; language=English; update_date=2025-09-23T00:00:00+00:00; tips=; details=; offer=
1411,99086f79-534b-4ebb-8533-9ac71884b584,lxx_ai,forum.benchmark.pl,https://forum.benchmark.pl/,72,135355,Consumer,unknown,50,lxx_link=https://forum.benchmark.pl/; lxx_link_type=Nofollow; lxx_paid=false; manual_hold=false; language=Polish; update_date=2025-09-23T00:00:00+00:00; tips=; details=; offer=
1412,4e70b6ef-e72c-484a-8919-f1b7b35d29ba,lxx_ai,forums.focus-entmt.com,https://forums.focus-entmt.com/,72,0,Gaming,unknown,50,lxx_link=https://forums.focus-entmt.com/; lxx_link_type=Nofollow; lxx_paid=false; manual_hold=false; language=English; update_date=2025-09-23T00:00:00+00:00; tips=; details=; offer=
1413,fdc47290-7f12-4a94-b3cc-af2ac9ed9eaf,lxx_ai,forums.gamerevolution.com,https://forums.gamerevolution.com/,72,72,Gaming,unknown,50,lxx_link=https://forums.gamerevolution.com/; lxx_link_type=Nofollow; lxx_paid=false; manual_hold=false; language=English; update_date=2025-09-23T00:00:00+00:00; tips=; details=; offer=
1414,530bba4b-bfb9-4b4c-9001-ae7db8421ca2,lxx_ai,hawkee.com,https://hawkee.com/,72,1219,Developer,unknown,50,lxx_link=https://hawkee.com/; lxx_link_type=Nofollow; lxx_paid=false; manual_hold=false; language=English; update_date=2025-09-23T00:00:00+00:00; tips=; details=; offer=
1415,672d1264-ae82-4b1a-9ef4-e25992931b6d,lxx_ai,hotfrog.com.au,https://hotfrog.com.au/,72,31642,General,unknown,50,lxx_link=https://hotfrog.com.au/; lxx_link_type=Nofollow; lxx_paid=false; manual_hold=false; language=English; update_date=2025-09-23T00:00:00+00:00; tips=; details=; offer=
1416,7d7fafda-a46e-4736-8bc0-f4652095289a,lxx_ai,howlongtobeat.com,https://howlongtobeat.com/,72,4321997,Gaming,unknown,50,lxx_link=https://howlongtobeat.com/; lxx_link_type=Nofollow; lxx_paid=false; manual_hold=false; language=English; update_date=2025-09-23T00:00:00+00:00; tips=; details=; offer=
1417,ae0a7d92-160a-4403-a52d-b44cdd594674,lxx_ai,hub.biz,https://hub.biz/,72,330436,General,unknown,50,lxx_link=https://hub.biz/; lxx_link_type=Nofollow; lxx_paid=false; manual_hold=false; language=English; update_date=2025-09-23T00:00:00+00:00; tips=; details=; offer=
1418,9cfbbe34-6385-4940-8d06-13fa6ee2d0aa,lxx_ai,ipernity.com,https://ipernity.com/,72,44752,General,unknown,50,lxx_link=https://ipernity.com/; lxx_link_type=Nofollow; lxx_paid=false; manual_hold=false; language=English; update_date=2025-09-23T00:00:00+00:00; tips=; details=; offer=
1419,70fd3f6c-e4fa-4c32-942a-9b9673cf087e,lxx_ai,land-book.com,https://land-book.com/,72,425697,General,unknown,50,lxx_link=https://land-book.com/; lxx_link_type=Nofollow; lxx_paid=false; manual_hold=false; language=English; update_date=2025-09-23T00:00:00+00:00; tips=; details=; offer=
1420,47ab5fee-c07b-486a-b062-8ca598d5d560,lxx_ai,mathoverflow.net,https://mathoverflow.net/,72,727263,Science,unknown,50,lxx_link=https://mathoverflow.net/; lxx_link_type=Nofollow; lxx_paid=false; manual_hold=false; language=English; update_date=2025-09-23T00:00:00+00:00; tips=; details=; offer=
1421,6c1bfa33-a89e-47c0-9210-81cddf6f6fe3,lxx_ai,mightydeals.com,https://www.mightydeals.com/,72,130668,Design,unknown,50,lxx_link=https://www.mightydeals.com/; lxx_link_type=Nofollow; lxx_paid=false; manual_hold=false; language=English; update_date=2025-09-23T00:00:00+00:00; tips=; details=; offer=
1422,39c1615a-32fb-4100-9769-c1151884819b,lxx_ai,mtbr.com,https://mtbr.com/,72,1163101,Sports,unknown,50,lxx_link=https://mtbr.com/; lxx_link_type=Nofollow; lxx_paid=false; manual_hold=false; language=English; update_date=2025-09-23T00:00:00+00:00; tips=; details=; offer=
1423,b4c05fa9-776d-4690-af61-843e0ddb02fc,lxx_ai,overclock.net,https://overclock.net/,72,633251,Gaming,unknown,50,lxx_link=https://overclock.net/; lxx_link_type=Nofollow; lxx_paid=false; manual_hold=false; language=English; update_date=2025-09-23T00:00:00+00:00; tips=; details=; offer=
1424,c6c11b0f-c2ea-4117-a758-ac12c6abdbdf,lxx_ai,place123.net,https://www.place123.net/,72,27821,General,unknown,50,lxx_link=https://www.place123.net/; lxx_link_type=Nofollow; lxx_paid=false; manual_hold=false; language=English; update_date=2025-09-23T00:00:00+00:00; tips=; details=; offer=
1425,dad2856f-c698-48b2-9f54-43c6027df17d,lxx_ai,psu.com,https://psu.com/forums,72,469573,Gaming,unknown,50,lxx_link=https://psu.com/forums; lxx_link_type=Nofollow; lxx_paid=false; manual_hold=false; language=English; update_date=2025-09-23T00:00:00+00:00; tips=; details=; offer=
1426,2b8c8bc9-5ac4-4f0a-9184-4f0242f2ee3f,lxx_ai,remoteok.io,https://remoteok.io/,72,33282,General,unknown,50,lxx_link=https://remoteok.io/; lxx_link_type=Nofollow; lxx_paid=false; manual_hold=false; language=English; update_date=2025-09-23T00:00:00+00:00; tips=; details=; offer=
1427,da1f8275-e9f9-4b3c-bb6b-5defe3ffcdd1,lxx_ai,starnow.com,https://www.starnow.com/,72,907390,Entertainment,unknown,50,lxx_link=https://www.starnow.com/; lxx_link_type=Nofollow; lxx_paid=false; manual_hold=false; language=English; update_date=2025-09-23T00:00:00+00:00; tips=; details=; offer=
1428,fdc55386-8d74-4849-9bde-232e2a89e79a,lxx_ai,vymaps.com,https://vymaps.com/,72,284689,General,unknown,50,lxx_link=https://vymaps.com/; lxx_link_type=Nofollow; lxx_paid=false; manual_hold=false; language=English; update_date=2025-09-23T00:00:00+00:00; tips=; details=; offer=
1429,a391bd03-14f0-4b60-b6bf-35dd2adb7f06,lxx_ai,watchuseek.com,https://watchuseek.com/,72,1695070,Fashion,unknown,50,lxx_link=https://watchuseek.com/; lxx_link_type=Nofollow; lxx_paid=false; manual_hold=false; language=English; update_date=2025-09-23T00:00:00+00:00; tips=; details=; offer=
1430,9a90eb84-d719-44e5-b4bd-2b2abc27cd09,lxx_ai,webviki.ru,https://www.webviki.ru/,72,0,General,unknown,50,lxx_link=https://www.webviki.ru/; lxx_link_type=Nofollow; lxx_paid=false; manual_hold=false; language=English; update_date=2025-09-23T00:00:00+00:00; tips=; details=; offer=
1431,8fb50f99-2ed5-4027-a0b5-4b49f2ef98de,lxx_ai,webwiki.ch,https://www.webwiki.ch/,72,9350,General,unknown,50,lxx_link=https://www.webwiki.ch/; lxx_link_type=Nofollow; lxx_paid=false; manual_hold=false; language=German; update_date=2025-09-23T00:00:00+00:00; tips=; details=; offer=
1432,538a99b5-a058-4170-a3a5-cc7827f9b3b0,lxx_ai,webwiki.co.uk,https://www.webwiki.co.uk/,72,7016,General,unknown,50,lxx_link=https://www.webwiki.co.uk/; lxx_link_type=Nofollow; lxx_paid=false; manual_hold=false; language=English; update_date=2025-09-23T00:00:00+00:00; tips=; details=; offer=
1433,74d58c96-1488-411a-8300-54450591ddfe,lxx_ai,webwiki.it,https://www.webwiki.it/,72,6984,General,unknown,50,lxx_link=https://www.webwiki.it/; lxx_link_type=Nofollow; lxx_paid=false; manual_hold=false; language=Italian; update_date=2025-09-23T00:00:00+00:00; tips=; details=; offer=
1434,ff4bc1aa-1a96-456d-a6a9-eb738b0cb693,lxx_ai,webwiki.nl,https://www.webwiki.nl/,72,12559,General,unknown,50,lxx_link=https://www.webwiki.nl/; lxx_link_type=Nofollow; lxx_paid=false; manual_hold=false; language=Dutch; update_date=2025-09-23T00:00:00+00:00; tips=; details=; offer=
1435,1c8676a1-a64f-405e-b38a-8254d3608170,lxx_ai,webwikis.es,https://www.webwikis.es/,72,9859,General,unknown,50,lxx_link=https://www.webwikis.es/; lxx_link_type=Nofollow; lxx_paid=false; manual_hold=false; language=Spanish; update_date=2025-09-23T00:00:00+00:00; tips=; details=; offer=
1436,6b32097b-91fe-46a4-a141-264367f52600,lxx_ai,whodoyou.com,https://www.whodoyou.com/,72,65625,General,unknown,50,lxx_link=https://www.whodoyou.com/; lxx_link_type=Nofollow; lxx_paid=false; manual_hold=false; language=English; update_date=2025-09-23T00:00:00+00:00; tips=; details=; offer=
1437,2812b80b-e42b-422f-8e73-818ef1a1140a,lxx_ai,zupyak.com,https://zupyak.com/,72,49640,General,unknown,50,lxx_link=https://zupyak.com/; lxx_link_type=Nofollow; lxx_paid=false; manual_hold=false; language=English; update_date=2025-09-23T00:00:00+00:00; tips=; details=; offer=
1438,79913b3e-dc05-4c63-be9d-26fe24817731,lxx_ai,1two.org,https://www.1two.org/,71,2762,General,unknown,50,lxx_link=https://www.1two.org/; lxx_link_type=Nofollow; lxx_paid=false; manual_hold=false; language=French; update_date=2025-09-23T00:00:00+00:00; tips=; details=; offer=
1439,13b3cd78-d0a5-4b05-a14b-e8055e389bb0,lxx_ai,bahamaslocal.com,https://www.bahamaslocal.com/,71,29994,General,unknown,50,lxx_link=https://www.bahamaslocal.com/; lxx_link_type=Nofollow; lxx_paid=false; manual_hold=false; language=English; update_date=2025-09-23T00:00:00+00:00; tips=; details=; offer=
1440,f2162213-2230-4460-a280-5664bcb99685,lxx_ai,blenderartists.org,https://blenderartists.org/,71,1449048,General,unknown,50,lxx_link=https://blenderartists.org/; lxx_link_type=Nofollow; lxx_paid=false; manual_hold=false; language=English; update_date=2025-09-23T00:00:00+00:00; tips=; details=; offer=
1441,1dc0fc33-acf4-497d-93f4-0f44ba427d85,lxx_ai,careerone.com.au,https://careerone.com.au/,71,267154,General,unknown,50,lxx_link=https://careerone.com.au/; lxx_link_type=Nofollow; lxx_paid=false; manual_hold=false; language=English; update_date=2025-09-23T00:00:00+00:00; tips=; details=; offer=
1442,65385869-1ea3-46dc-9b8c-bb5cd46ff435,lxx_ai,csslight.com,https://www.csslight.com/,71,11546,Design,unknown,50,lxx_link=https://www.csslight.com/; lxx_link_type=Nofollow; lxx_paid=false; manual_hold=false; language=English; update_date=2025-09-23T00:00:00+00:00; tips=; details=; offer=
1443,ba059330-8440-4a5c-8ffc-02829fd6cf37,lxx_ai,debate.org,https://www.debate.org/,71,1054,General,unknown,50,lxx_link=https://www.debate.org/; lxx_link_type=Nofollow; lxx_paid=false; manual_hold=false; language=English; update_date=2025-09-23T00:00:00+00:00; tips=; details=; offer=
1444,2f8ad040-f047-4db9-8a7f-da89792bb228,lxx_ai,designernews.co,https://www.designernews.co/,71,2343,Design,unknown,50,lxx_link=https://www.designernews.co/; lxx_link_type=Nofollow; lxx_paid=false; manual_hold=false; language=English; update_date=2025-09-23T00:00:00+00:00; tips=; details=; offer=
1445,8afd16df-65d4-4b0d-b1c3-900a8e931762,lxx_ai,exchangle.com,https://exchangle.com/,71,39599,General,unknown,50,lxx_link=https://exchangle.com/; lxx_link_type=Nofollow; lxx_paid=false; manual_hold=false; language=English; update_date=2025-09-23T00:00:00+00:00; tips=; details=; offer=
1446,d761f98b-91f7-45cb-837c-065145345042,lxx_ai,exophase.com,https://exophase.com/,71,936531,Gaming,unknown,50,lxx_link=https://exophase.com/; lxx_link_type=Nofollow; lxx_paid=false; manual_hold=false; language=English; update_date=2025-09-23T00:00:00+00:00; tips=; details=; offer=
1447,28bb80e4-aad7-4031-b52e-2dc9876af921,lxx_ai,forums.afterdawn.com,https://forums.afterdawn.com/,71,17653,Consumer,unknown,50,lxx_link=https://forums.afterdawn.com/; lxx_link_type=Nofollow; lxx_paid=false; manual_hold=false; language=English; update_date=2025-09-23T00:00:00+00:00; tips=; details=; offer=
1448,6aeaf3e8-bbdb-4737-bd89-eb4ce450925f,lxx_ai,forums.funcom.com,https://forums.funcom.com/,71,267821,Gaming,unknown,50,lxx_link=https://forums.funcom.com/; lxx_link_type=Nofollow; lxx_paid=false; manual_hold=false; language=English; update_date=2025-09-23T00:00:00+00:00; tips=; details=; offer=
1449,2b25cf62-f3d8-4965-aedb-c2cc26ebb947,lxx_ai,forums.giantitp.com,https://forums.giantitp.com/,71,771974,Gaming,unknown,50,lxx_link=https://forums.giantitp.com/; lxx_link_type=Nofollow; lxx_paid=false; manual_hold=false; language=English; update_date=2025-09-23T00:00:00+00:00; tips=; details=; offer=
1450,fbabf6b4-e0f2-4c9d-b04c-6daa84d7cb03,lxx_ai,forums.prsguitars.com,https://forums.prsguitars.com/,71,110310,Music,unknown,50,lxx_link=https://forums.prsguitars.com/; lxx_link_type=Nofollow; lxx_paid=false; manual_hold=false; language=English; update_date=2025-09-23T00:00:00+00:00; tips=; details=; offer=
1451,f2e8fc40-53dc-4b44-a090-b9a36c112135,lxx_ai,forums.serebii.net,https://forums.serebii.net/,71,292064,Anime,unknown,50,lxx_link=https://forums.serebii.net/; lxx_link_type=Nofollow; lxx_paid=false; manual_hold=false; language=English; update_date=2025-09-23T00:00:00+00:00; tips=; details=; offer=
1452,05ae9842-6106-4a8c-9892-11b7d789bb67,lxx_ai,homify.com,https://www.homify.com/,71,36867,Architecture,unknown,50,lxx_link=https://www.homify.com/; lxx_link_type=Nofollow; lxx_paid=false; manual_hold=false; language=English; update_date=2025-09-23T00:00:00+00:00; tips=; details=; offer=
1453,78618ea0-5e52-4439-b83b-0e90d977f199,lxx_ai,justacote.com,https://www.justacote.com/,71,257341,General,unknown,50,lxx_link=https://www.justacote.com/; lxx_link_type=Nofollow; lxx_paid=false; manual_hold=false; language=French; update_date=2025-09-23T00:00:00+00:00; tips=; details=; offer=
1454,04b49017-76f2-4fe1-a262-6012fe20a4cd,lxx_ai,lacartes.com,https://www.lacartes.com/,71,12151,General,unknown,50,lxx_link=https://www.lacartes.com/; lxx_link_type=Nofollow; lxx_paid=false; manual_hold=false; language=English; update_date=2025-09-23T00:00:00+00:00; tips=; details=; offer=
1455,16c56a40-4387-40bb-96f4-8f161f694c7c,lxx_ai,meliuz.com.br,https://www.meliuz.com.br/,71,7329477,General,unknown,50,lxx_link=https://www.meliuz.com.br/; lxx_link_type=Nofollow; lxx_paid=false; manual_hold=false; language=Portuguese; update_date=2025-09-23T00:00:00+00:00; tips=; details=; offer=
1456,908b29b8-abfa-4334-b32c-94fd4d7164df,lxx_ai,prsync.com,https://prsync.com/,71,44822,General,unknown,50,lxx_link=https://prsync.com/; lxx_link_type=Nofollow; lxx_paid=false; manual_hold=false; language=English; update_date=2025-09-23T00:00:00+00:00; tips=; details=; offer=
1457,c64fdb44-7540-4492-a53e-f7c97afa403a,lxx_ai,sbwire.com,https://sbwire.com/,71,4720,General,unknown,50,lxx_link=https://sbwire.com/; lxx_link_type=Nofollow; lxx_paid=false; manual_hold=false; language=English; update_date=2025-09-23T00:00:00+00:00; tips=; details=; offer=
1458,a4d4cede-1aea-4d5f-85ca-9cd1961a12af,lxx_ai,scrubtheweb.com,https://scrubtheweb.com/,71,1881,General,unknown,50,lxx_link=https://scrubtheweb.com/; lxx_link_type=Nofollow; lxx_paid=false; manual_hold=false; language=English; update_date=2025-09-23T00:00:00+00:00; tips=; details=; offer=
1459,39b71d0a-9ca9-4559-9624-0b5b2faa27c5,lxx_ai,sitelike.org,https://www.sitelike.org/,71,539277,General,unknown,50,lxx_link=https://www.sitelike.org/; lxx_link_type=Nofollow; lxx_paid=false; manual_hold=false; language=English; update_date=2025-09-23T00:00:00+00:00; tips=; details=; offer=
1460,b9d83f26-d477-4091-8a1d-fd43b8ec6f0b,lxx_ai,slant.co,https://www.slant.co/,71,268005,General,unknown,50,lxx_link=https://www.slant.co/; lxx_link_type=Nofollow; lxx_paid=false; manual_hold=false; language=English; update_date=2025-09-23T00:00:00+00:00; tips=; details=; offer=
1461,fe3fbff0-0cd3-4d2d-b811-0097f8be42e3,lxx_ai,tomtop.com,https://tomtop.com/,71,90845,General,unknown,50,lxx_link=https://tomtop.com/; lxx_link_type=Nofollow; lxx_paid=false; manual_hold=false; language=English; update_date=2025-09-23T00:00:00+00:00; tips=; details=; offer=
1462,fe914d20-8d0e-4a6b-a845-83dfbc8c8314,lxx_ai,tribalpages.com,https://tribalpages.com/,71,71595,General,unknown,50,lxx_link=https://tribalpages.com/; lxx_link_type=Nofollow; lxx_paid=false; manual_hold=false; language=English; update_date=2025-09-23T00:00:00+00:00; tips=; details=; offer=
1463,db14add4-eac4-45c2-8bc3-4de5033504e4,lxx_ai,tripline.net,https://tripline.net/,71,40193,Travel,unknown,50,lxx_link=https://tripline.net/; lxx_link_type=Nofollow; lxx_paid=false; manual_hold=false; language=English; update_date=2025-09-23T00:00:00+00:00; tips=; details=; offer=
1464,ac2f3f6b-5f0d-4036-89bd-c72875df8e94,lxx_ai,tupalo.co,https://www.tupalo.co/,71,14497,General,unknown,50,lxx_link=https://www.tupalo.co/; lxx_link_type=Nofollow; lxx_paid=false; manual_hold=false; language=English; update_date=2025-09-23T00:00:00+00:00; tips=; details=; offer=
1465,ae19667e-1ed8-43f2-816a-5f0aaa53fc9d,lxx_ai,wanelo.co,https://wanelo.co/,71,0,General,unknown,50,lxx_link=https://wanelo.co/; lxx_link_type=Nofollow; lxx_paid=false; manual_hold=false; language=English; update_date=2025-09-23T00:00:00+00:00; tips=; details=; offer=
1466,4cad3888-9d00-4a41-8f49-212736371812,lxx_ai,webwiki.pt,https://www.webwiki.pt/,71,3330,General,unknown,50,lxx_link=https://www.webwiki.pt/; lxx_link_type=Nofollow; lxx_paid=false; manual_hold=false; language=Portuguese; update_date=2025-09-23T00:00:00+00:00; tips=; details=; offer=
1467,f53c598c-6210-4fea-8fbb-0c8dfb59b994,lxx_ai,basenotes.com,https://basenotes.com/,70,502619,Lifestyle,unknown,50,lxx_link=https://basenotes.com/; lxx_link_type=Nofollow; lxx_paid=false; manual_hold=false; language=English; update_date=2025-09-23T00:00:00+00:00; tips=; details=; offer=
1468,52adfffe-c69b-4ab3-bcac-0fc776fefc35,lxx_ai,couponchief.com,https://www.couponchief.com/,70,628597,General,unknown,50,lxx_link=https://www.couponchief.com/; lxx_link_type=Nofollow; lxx_paid=false; manual_hold=false; language=English; update_date=2025-09-23T00:00:00+00:00; tips=; details=; offer=
1469,4d48c7af-6134-4909-8253-c0d14c721344,lxx_ai,dnforum.com,https://www.dnforum.com/,70,10634,Domains Name,unknown,50,lxx_link=https://www.dnforum.com/; lxx_link_type=Nofollow; lxx_paid=false; manual_hold=false; language=English; update_date=2025-09-23T00:00:00+00:00; tips=; details=; offer=
1470,83338ed3-f379-4eb6-8188-2fef957da1dc,lxx_ai,dragondoor.com,https://dragondoor.com/,70,63193,Fitness,unknown,50,lxx_link=https://dragondoor.com/; lxx_link_type=Nofollow; lxx_paid=false; manual_hold=false; language=English; update_date=2025-09-23T00:00:00+00:00; tips=; details=; offer=
1471,4a06ae40-d79e-4384-8b87-bbf7f3fc1474,lxx_ai,forum.kirupa.com,https://forum.kirupa.com/,70,6051,Developers,unknown,50,lxx_link=https://forum.kirupa.com/; lxx_link_type=Nofollow; lxx_paid=false; manual_hold=false; language=English; update_date=2025-09-23T00:00:00+00:00; tips=; details=; offer=
1472,16f17062-e2cc-42ec-9a5d-e1924b898b1e,lxx_ai,forum.rpg.net,https://forum.rpg.net/index.php,70,736856,Gaming,unknown,50,lxx_link=https://forum.rpg.net/index.php; lxx_link_type=Nofollow; lxx_paid=false; manual_hold=false; language=English; update_date=2025-09-23T00:00:00+00:00; tips=; details=; offer=
1473,503621f3-7cdb-4ea0-8886-e482622d40cb,lxx_ai,forums.slipstick.com,https://forums.slipstick.com/,70,10959,General,unknown,50,lxx_link=https://forums.slipstick.com/; lxx_link_type=Nofollow; lxx_paid=false; manual_hold=false; language=English; update_date=2025-09-23T00:00:00+00:00; tips=; details=; offer=
1474,907bdda4-d113-4c58-a9af-7457716e364a,lxx_ai,gry-online.pl,https://gry-online.pl/,70,7206484,Gaming,unknown,50,lxx_link=https://gry-online.pl/; lxx_link_type=Nofollow; lxx_paid=false; manual_hold=false; language=Polish; update_date=2025-09-23T00:00:00+00:00; tips=; details=; offer=
1475,82351457-69fa-404b-b190-2fe5b27cd6f8,lxx_ai,gsmhosting.com,https://www.gsmhosting.com/,70,794781,Cell Phone,unknown,50,lxx_link=https://www.gsmhosting.com/; lxx_link_type=Nofollow; lxx_paid=false; manual_hold=false; language=English; update_date=2025-09-23T00:00:00+00:00; tips=; details=; offer=
1476,010a7c9a-f106-447e-a32d-e6c265eff5f7,lxx_ai,hardforum.com,https://hardforum.com/,70,604430,Consumer,unknown,50,lxx_link=https://hardforum.com/; lxx_link_type=Nofollow; lxx_paid=false; manual_hold=false; language=English; update_date=2025-09-23T00:00:00+00:00; tips=; details=; offer=
1477,74863161-14b8-48f2-86ae-efa332fd43f8,lxx_ai,huntingnet.com,https://www.huntingnet.com/,70,19899,Hunting,unknown,50,lxx_link=https://www.huntingnet.com/; lxx_link_type=Nofollow; lxx_paid=false; manual_hold=false; language=English; update_date=2025-09-23T00:00:00+00:00; tips=; details=; offer=
1478,83c95d5e-bd53-4a16-afaa-ac84497aedb1,lxx_ai,ibuildapp.com,https://ibuildapp.com/,70,0,General,unknown,50,lxx_link=https://ibuildapp.com/; lxx_link_type=Nofollow; lxx_paid=false; manual_hold=false; language=English; update_date=2025-09-23T00:00:00+00:00; tips=; details=; offer=
1479,7211f1eb-d072-4374-b460-3ccee12e0859,lxx_ai,itcentralstation.com,https://itcentralstation.com/,70,764,IT Security,unknown,50,lxx_link=https://itcentralstation.com/; lxx_link_type=Nofollow; lxx_paid=false; manual_hold=false; language=English; update_date=2025-09-23T00:00:00+00:00; tips=; details=; offer=
1480,e15e5ae4-59ae-48e3-848b-bda077196f6b,lxx_ai,itemfix.com,https://itemfix.com/,70,989907,General,unknown,50,lxx_link=https://itemfix.com/; lxx_link_type=Nofollow; lxx_paid=false; manual_hold=false; language=English; update_date=2025-09-23T00:00:00+00:00; tips=; details=; offer=
1481,513285d1-22e9-4eb5-a9b6-c8926260a88f,lxx_ai,nulled.to,https://www.nulled.to/,70,89792,General,unknown,50,lxx_link=https://www.nulled.to/; lxx_link_type=Nofollow; lxx_paid=false; manual_hold=false; language=English; update_date=2025-09-23T00:00:00+00:00; tips=; details=; offer=
1482,9afcc4a9-a03b-4d4c-ab75-0c68c557a91b,lxx_ai,physicsforums.com,https://physicsforums.com/,70,574478,Science,unknown,50,lxx_link=https://physicsforums.com/; lxx_link_type=Nofollow; lxx_paid=false; manual_hold=false; language=English; update_date=2025-09-23T00:00:00+00:00; tips=; details=; offer=
1483,ea823f80-867b-49b7-bc4b-a07ed0763864,lxx_ai,sitejot.com,https://sitejot.com/,70,4011,General,unknown,50,lxx_link=https://sitejot.com/; lxx_link_type=Nofollow; lxx_paid=false; manual_hold=false; language=English; update_date=2025-09-23T00:00:00+00:00; tips=; details=; offer=
1484,b1a8b704-f0b2-4358-bcee-e3d1f49b52fd,lxx_ai,telescope.ac,https://telescope.ac/,70,8121,General,unknown,50,lxx_link=https://telescope.ac/; lxx_link_type=Nofollow; lxx_paid=false; manual_hold=false; language=English; update_date=2025-09-23T00:00:00+00:00; tips=; details=; offer=
1485,1877b872-7e5f-495b-81a9-7ea4f0510704,lxx_ai,travelful.net,https://www.travelful.net/,70,0,General,unknown,50,lxx_link=https://www.travelful.net/; lxx_link_type=Nofollow; lxx_paid=false; manual_hold=false; language=English; update_date=2025-09-23T00:00:00+00:00; tips=; details=; offer=
1486,fedeb859-ac0d-4b64-b64c-5b4a4d7aa329,lxx_ai,webdesign-inspiration.com,https://www.webdesign-inspiration.com/,70,61159,General,unknown,50,lxx_link=https://www.webdesign-inspiration.com/; lxx_link_type=Nofollow; lxx_paid=false; manual_hold=false; language=English; update_date=2025-09-23T00:00:00+00:00; tips=; details=; offer=
1487,dcc9bd17-83a5-40b3-aa02-b606c94e6ced,lxx_ai,writing.com,https://writing.com/,70,1004108,Books,unknown,50,lxx_link=https://writing.com/; lxx_link_type=Nofollow; lxx_paid=false; manual_hold=false; language=English; update_date=2025-09-23T00:00:00+00:00; tips=; details=; offer=
1488,b12ba7f9-2245-4548-bf03-e209ce30b283,lxx_ai,forum.wielerflits.nl,https://forum.wielerflits.nl,65,551900,Sports Forum,unknown,50,lxx_link=https://forum.wielerflits.nl; lxx_link_type=Unknown; lxx_paid=false; manual_hold=false; language=Dutch; update_date=2025-05-21T00:00:00+00:00; tips=Reply to a post; details=; offer=
1489,4a530e3b-8178-44b4-9076-53cf92812375,lxx_ai,sitescorechecker.com,http://sitescorechecker.com/,63,259400,Website detection,unknown,50,lxx_link=http://sitescorechecker.com/; lxx_link_type=Unknown; lxx_paid=false; manual_hold=false; language=English; update_date=2025-05-18T00:00:00+00:00; tips=; details=; offer=
1490,a6fbfe83-0c7e-4557-85d4-2c37097c3186,lxx_ai,service.rotronic.com,https://service.rotronic.com/,61,708,Forum,unknown,50,lxx_link=https://service.rotronic.com/; lxx_link_type=Unknown; lxx_paid=false; manual_hold=false; language=English; update_date=2025-05-21T00:00:00+00:00; tips=Reply to a post; details=; offer=
1491,3fdc8c79-a6ce-44ea-9744-3cfba0226437,lxx_ai,domains.tntcode.com,https://domains.tntcode.com/,60,16100,General,unknown,50,lxx_link=https://domains.tntcode.com/; lxx_link_type=Unknown; lxx_paid=false; manual_hold=false; language=English; update_date=2025-05-21T00:00:00+00:00; tips=Test website; details=; offer=
1492,81ea1f76-5f5d-4491-84c4-75d7c625186e,lxx_ai,inventoridigiochi.it,https://www.inventoridigiochi.it/f,59,6600,Forum,unknown,50,lxx_link=https://www.inventoridigiochi.it/f; lxx_link_type=Unknown; lxx_paid=false; manual_hold=false; language=Italian; update_date=2025-05-21T00:00:00+00:00; tips=Reply to a post; details=; offer=
1493,eee8d9c6-5658-457c-b2ad-5add46d71d09,lxx_ai,forum.lapostemobile.fr,https://forum.lapostemobile.fr/,57,6100,Forum,unknown,50,lxx_link=https://forum.lapostemobile.fr/; lxx_link_type=Unknown; lxx_paid=false; manual_hold=false; language=French; update_date=2025-05-21T00:00:00+00:00; tips=Reply to a post; details=; offer=
1494,40d40ada-a47d-48cd-86c1-f70ca574796d,lxx_ai,4lomza.pl,https://www.4lomza.pl/,53,685600,General,unknown,50,lxx_link=https://www.4lomza.pl/; lxx_link_type=Unknown; lxx_paid=false; manual_hold=false; language=Polish; update_date=2025-05-21T00:00:00+00:00; tips=Reply to a post; details=; offer=
1495,9cfe488d-e668-4c9a-aa49-2bddbf16c8b4,lxx_ai,uscgq.com,https://www.uscgq.com,52,21700,Forum,unknown,50,lxx_link=https://www.uscgq.com; lxx_link_type=Unknown; lxx_paid=false; manual_hold=false; language=English; update_date=2025-05-21T00:00:00+00:00; tips=Reply to a post; details=; offer=
1496,a3f17726-8534-44c0-8189-59575cbc6b55,lxx_ai,publicdomaintorrents.info,https://www.publicdomaintorrents.info/,51,104600,General,unknown,50,lxx_link=https://www.publicdomaintorrents.info/; lxx_link_type=Unknown; lxx_paid=false; manual_hold=false; language=English; update_date=2025-05-21T00:00:00+00:00; tips=Review a movie; details=; offer=
1497,298143d7-4981-4f76-abaf-25fde40104c0,lxx_ai,forums.ngames.com,https://forums.ngames.com/,50,88700,Forum,unknown,50,lxx_link=https://forums.ngames.com/; lxx_link_type=Unknown; lxx_paid=false; manual_hold=false; language=English; update_date=2025-05-21T00:00:00+00:00; tips=Reply to a post; details=; offer=
1498,1375774e-326a-40ab-b5cd-18bae428a7a9,lxx_ai,jobs.uxcontent.com,https://jobs.uxcontent.com,50,2400,General,unknown,50,lxx_link=https://jobs.uxcontent.com; lxx_link_type=Unknown; lxx_paid=false; manual_hold=false; language=English; update_date=2025-05-21T00:00:00+00:00; tips=Post a job; details=; offer=
1499,a1369702-a4c3-476e-9da2-be8a3aa0dd7c,lxx_ai,forum.iphonecake.com,https://forum.iphonecake.com/,45,9500,Phone Forum,unknown,50,lxx_link=https://forum.iphonecake.com/; lxx_link_type=Unknown; lxx_paid=false; manual_hold=false; language=English; update_date=2025-05-21T00:00:00+00:00; tips=Reply to a post; details=; offer=
1500,370ade5b-03c3-414c-bb3c-c849f09d0a27,lxx_ai,forum.watzatsong.com,https://forum.watzatsong.com/,44,1200,Music Forum,unknown,50,lxx_link=https://forum.watzatsong.com/; lxx_link_type=Unknown; lxx_paid=false; manual_hold=false; language=English; update_date=2025-05-21T00:00:00+00:00; tips=Reply to a post; details=; offer=
1501,3cef8d98-cdee-45d8-a845-5a8fb14503a0,lxx_ai,poe-vault.com,https://www.poe-vault.com/,44,915200,Forum,unknown,50,lxx_link=https://www.poe-vault.com/; lxx_link_type=Unknown; lxx_paid=false; manual_hold=false; language=English; update_date=2025-05-21T00:00:00+00:00; tips=Reply to a post; details=; offer=
1502,b588a8c5-c0d9-4635-8ed1-a76b3310cf25,lxx_ai,bigfrontend.dev,https://bigfrontend.dev,42,54300,General,unknown,50,lxx_link=https://bigfrontend.dev; lxx_link_type=Unknown; lxx_paid=false; manual_hold=false; language=German; update_date=2025-05-21T00:00:00+00:00; tips=Information page external links; details=; offer=
1503,5e335424-c587-4b3d-ab89-052e513167bd,lxx_ai,pokemontrash.com,https://www.pokemontrash.com/,40,156300,Forum,unknown,50,lxx_link=https://www.pokemontrash.com/; lxx_link_type=Unknown; lxx_paid=false; manual_hold=false; language=English; update_date=2025-05-21T00:00:00+00:00; tips=Reply to a post; details=; offer=
1504,5c76fff5-006d-4676-959b-3c164c3e2ee7,lxx_ai,community.hannity.com,https://community.hannity.com/,67,52169,General,profile,45,lxx_link=https://community.hannity.com/; lxx_link_type=Nofollow; lxx_paid=false; manual_hold=false; language=English; update_date=2025-09-23T00:00:00+00:00; tips=; details=; offer=
1505,90a573b1-f9ee-4d42-abce-50f5d6d764bb,lxx_ai,community.metabrainz.org,https://community.metabrainz.org/,62,41596,General,profile,45,lxx_link=https://community.metabrainz.org/; lxx_link_type=Nofollow; lxx_paid=false; manual_hold=false; language=English; update_date=2025-09-23T00:00:00+00:00; tips=; details=; offer=
1506,773f2350-96f8-4785-87ef-13840224a443,lxx_ai,roxhillmedia.com,https://roxhillmedia.com/,62,147029,General,media,45,lxx_link=https://roxhillmedia.com/; lxx_link_type=Nofollow; lxx_paid=false; manual_hold=false; language=English; update_date=2025-09-23T00:00:00+00:00; tips=; details=; offer=
1507,39f50b80-f0d1-42be-8786-713c61f0ba5c,lxx_ai,djsoft.net,https://djsoft.net/community/,59,54757,Music,profile,45,lxx_link=https://djsoft.net/community/; lxx_link_type=Nofollow; lxx_paid=false; manual_hold=false; language=English; update_date=2025-09-23T00:00:00+00:00; tips=; details=; offer=
1508,324099e0-b5d3-4f6f-8fbd-b2d5a2487b72,lxx_ai,community.riipen.com,https://community.riipen.com/,57,307,Education,profile,45,lxx_link=https://community.riipen.com/; lxx_link_type=Nofollow; lxx_paid=false; manual_hold=false; language=English; update_date=2025-09-23T00:00:00+00:00; tips=; details=; offer=
1509,c7cca33b-2528-4612-8d86-bef4b588d462,lxx_ai,sportsgossip.com,https://www.sportsgossip.com/community/,55,5608,Sports,profile,45,lxx_link=https://www.sportsgossip.com/community/; lxx_link_type=Nofollow; lxx_paid=false; manual_hold=false; language=English; update_date=2025-09-23T00:00:00+00:00; tips=; details=; offer=
1510,93299240-39cf-430a-8d20-9b955c874bee,lxx_ai,solaceandthecity.com,https://solaceandthecity.com/community/,47,0,General,profile,45,lxx_link=https://solaceandthecity.com/community/; lxx_link_type=Nofollow; lxx_paid=false; manual_hold=false; language=English; update_date=2025-09-23T00:00:00+00:00; tips=; details=; offer=
1511,55f2dc60-f3cc-4a07-8fb1-602d82b6f051,lxx_ai,community.frontm.com,https://community.frontm.com/,41,0,General,profile,45,lxx_link=https://community.frontm.com/; lxx_link_type=Nofollow; lxx_paid=false; manual_hold=false; language=English; update_date=2025-09-23T00:00:00+00:00; tips=; details=; offer=
1512,323b38d4-5b5a-4965-b977-d4f04b0b3af7,lxx_ai,designershitdocumentary.com,https://designershitdocumentary.com/community/,40,2584,Medicine,profile,45,lxx_link=https://designershitdocumentary.com/community/; lxx_link_type=Nofollow; lxx_paid=false; manual_hold=false; language=English; update_date=2025-09-23T00:00:00+00:00; tips=; details=; offer=
1513,851cc333-7930-4b3f-830a-8aea02796e3c,lxx_ai,1look4.com,https://1look4.com/,39,41234,General,unknown,45,lxx_link=https://1look4.com/; lxx_link_type=Dofollow; lxx_paid=false; manual_hold=false; language=English; update_date=2025-09-23T00:00:00+00:00; tips=; details=; offer=
1514,fb1160ae-4d13-453a-902d-4689ffea03c9,lxx_ai,bookmarkdeal.com,https://bookmarkdeal.com/,39,7597,General,unknown,45,lxx_link=https://bookmarkdeal.com/; lxx_link_type=Dofollow; lxx_paid=false; manual_hold=false; language=English; update_date=2025-09-23T00:00:00+00:00; tips=; details=; offer=
1515,54122e81-599f-4eee-b86c-7d0103d0b4dd,lxx_ai,bookmarkdiary.com,https://bookmarkdiary.com/,39,15380,General,unknown,45,lxx_link=https://bookmarkdiary.com/; lxx_link_type=Dofollow; lxx_paid=false; manual_hold=false; language=English; update_date=2025-09-23T00:00:00+00:00; tips=; details=; offer=
1516,49b03647-1b36-4a4e-8975-b6593d7d51ca,lxx_ai,classicalguitardelcamp.com,https://classicalguitardelcamp.com/index.php,39,98311,Music,unknown,45,lxx_link=https://classicalguitardelcamp.com/index.php; lxx_link_type=Dofollow; lxx_paid=false; manual_hold=false; language=English; update_date=2025-09-23T00:00:00+00:00; tips=; details=; offer=
1517,b6e430a1-83a2-445c-b5a3-72bc67dcb656,lxx_ai,pr4-articles.com,https://www.pr4-articles.com/,39,5397,General,unknown,45,lxx_link=https://www.pr4-articles.com/; lxx_link_type=Dofollow; lxx_paid=false; manual_hold=false; language=English; update_date=2025-09-23T00:00:00+00:00; tips=; details=; offer=
1518,24f0d280-dc56-46a1-9431-9b302c9c0489,lxx_ai,quesanswer.com,https://quesanswer.com/,39,0,General,unknown,45,lxx_link=https://quesanswer.com/; lxx_link_type=Dofollow; lxx_paid=false; manual_hold=false; language=English; update_date=2025-09-23T00:00:00+00:00; tips=; details=; offer=
1519,3c2e9eb6-ad98-4b73-b793-8a8f0705d0e3,lxx_ai,tuugo.ro,https://tuugo.ro/,39,0,General,unknown,45,lxx_link=https://tuugo.ro/; lxx_link_type=Dofollow; lxx_paid=false; manual_hold=false; language=Romanian; update_date=2025-09-23T00:00:00+00:00; tips=; details=; offer=
1520,52bbe6af-c8b3-42a1-a85b-df7d53a53aea,lxx_ai,bookmarkcart.com,https://bookmarkcart.com/,38,6919,General,unknown,45,lxx_link=https://bookmarkcart.com/; lxx_link_type=Dofollow; lxx_paid=false; manual_hold=false; language=English; update_date=2025-09-23T00:00:00+00:00; tips=; details=; offer=
1521,958802e8-ed02-4882-b406-0ae72e8afc70,lxx_ai,bookmarkfollow.com,https://bookmarkfollow.com/,38,27829,General,unknown,45,lxx_link=https://bookmarkfollow.com/; lxx_link_type=Dofollow; lxx_paid=false; manual_hold=false; language=English; update_date=2025-09-23T00:00:00+00:00; tips=; details=; offer=
1522,7aaa18f4-30e0-474d-b413-fe009b9e3566,lxx_ai,bsocialbookmarking.info,https://bsocialbookmarking.info/,38,27490,General,unknown,45,lxx_link=https://bsocialbookmarking.info/; lxx_link_type=Dofollow; lxx_paid=false; manual_hold=false; language=English; update_date=2025-09-23T00:00:00+00:00; tips=; details=; offer=
1523,a7ed1f61-8c5c-48fb-8a00-32939ff922ab,lxx_ai,careers.cannabizconnection.com,https://careers.cannabizconnection.com/,38,0,Cannabis,unknown,45,lxx_link=https://careers.cannabizconnection.com/; lxx_link_type=Dofollow; lxx_paid=false; manual_hold=false; language=English; update_date=2025-09-23T00:00:00+00:00; tips=; details=; offer=
1524,8b658f83-1fd9-4829-bd48-d477fca645c1,lxx_ai,chemicalforums.com,https://chemicalforums.com/,38,55736,Science,unknown,45,lxx_link=https://chemicalforums.com/; lxx_link_type=Dofollow; lxx_paid=false; manual_hold=false; language=English; update_date=2025-09-23T00:00:00+00:00; tips=; details=; offer=
1525,43177551-b3ca-4ade-af4b-dffe65688604,lxx_ai,mei.ngo,https://mei.ngo/,38,2456,Education,unknown,45,lxx_link=https://mei.ngo/; lxx_link_type=Dofollow; lxx_paid=false; manual_hold=false; language=English; update_date=2025-09-23T00:00:00+00:00; tips=; details=; offer=
1526,c62bc76a-d2bc-4581-b234-5d8f01825854,lxx_ai,modelcarsmag.com,https://modelcarsmag.com/forums/,38,191545,Scale Model,unknown,45,lxx_link=https://modelcarsmag.com/forums/; lxx_link_type=Dofollow; lxx_paid=false; manual_hold=false; language=English; update_date=2025-09-23T00:00:00+00:00; tips=; details=; offer=
1527,392fd4a8-672b-4fd8-be6d-78d1322a7886,lxx_ai,openfaves.com,https://openfaves.com/,38,19055,General,unknown,45,lxx_link=https://openfaves.com/; lxx_link_type=Dofollow; lxx_paid=false; manual_hold=false; language=English; update_date=2025-09-23T00:00:00+00:00; tips=; details=; offer=
1528,f203146f-d5de-4a47-9c6c-95d6cd7766e0,lxx_ai,p2ptv.ru,https://p2ptv.ru/,38,0,General,unknown,45,lxx_link=https://p2ptv.ru/; lxx_link_type=Dofollow; lxx_paid=false; manual_hold=false; language=English; update_date=2025-09-23T00:00:00+00:00; tips=; details=; offer=
1529,ab7214d6-af3c-415c-99a2-81417daeaf7a,lxx_ai,ps5forum.com,https://ps5forum.com/,38,2916,Gaming,unknown,45,lxx_link=https://ps5forum.com/; lxx_link_type=Dofollow; lxx_paid=false; manual_hold=false; language=English; update_date=2025-09-23T00:00:00+00:00; tips=; details=; offer=
1530,3ba03159-c488-4de8-91df-c68c5db59317,lxx_ai,tengaged.com,https://tengaged.com/,38,0,Gaming,unknown,45,lxx_link=https://tengaged.com/; lxx_link_type=Dofollow; lxx_paid=false; manual_hold=false; language=English; update_date=2025-09-23T00:00:00+00:00; tips=; details=; offer=
1531,fd8a51ae-98da-4cbd-8df0-115186ae61fd,lxx_ai,articles.mybikaner.com,https://www.articles.mybikaner.com/,37,0,General,unknown,45,lxx_link=https://www.articles.mybikaner.com/; lxx_link_type=Dofollow; lxx_paid=false; manual_hold=false; language=English; update_date=2025-09-23T00:00:00+00:00; tips=; details=; offer=
1532,b1073345-2eb1-479e-819e-4ab264abd203,lxx_ai,articles.studio9xb.com,https://www.articles.studio9xb.com/,37,5669,General,unknown,45,lxx_link=https://www.articles.studio9xb.com/; lxx_link_type=Dofollow; lxx_paid=false; manual_hold=false; language=English; update_date=2025-09-23T00:00:00+00:00; tips=; details=; offer=
1533,08a678d0-3d68-4b9d-9d85-a87423f025fa,lxx_ai,bookmarkcart.info,https://bookmarkcart.info/,37,22909,General,unknown,45,lxx_link=https://bookmarkcart.info/; lxx_link_type=Dofollow; lxx_paid=false; manual_hold=false; language=English; update_date=2025-09-23T00:00:00+00:00; tips=; details=; offer=
1534,c3db14f5-cb39-4435-8585-153d7f5395b1,lxx_ai,bookmarktheme.com,https://bookmarktheme.com/,37,18741,General,unknown,45,lxx_link=https://bookmarktheme.com/; lxx_link_type=Dofollow; lxx_paid=false; manual_hold=false; language=English; update_date=2025-09-23T00:00:00+00:00; tips=; details=; offer=
1535,006ba5cc-84c1-4709-94bc-8081e6a0267e,lxx_ai,clubsnap.com,https://clubsnap.com/,37,40464,Photography,unknown,45,lxx_link=https://clubsnap.com/; lxx_link_type=Dofollow; lxx_paid=false; manual_hold=false; language=English; update_date=2025-09-23T00:00:00+00:00; tips=; details=; offer=
1536,623121bd-960b-45c8-9cca-e7b447f9e960,lxx_ai,goodnightjournal.com,https://goodnightjournal.com/,37,28850,General,unknown,45,lxx_link=https://goodnightjournal.com/; lxx_link_type=Dofollow; lxx_paid=false; manual_hold=false; language=English; update_date=2025-09-23T00:00:00+00:00; tips=; details=; offer=
1537,52cc4604-377b-4a8b-80b8-11ce10b8d1bd,lxx_ai,gossiprocks.com,https://gossiprocks.com/,37,580,General,unknown,45,lxx_link=https://gossiprocks.com/; lxx_link_type=Dofollow; lxx_paid=false; manual_hold=false; language=English; update_date=2025-09-23T00:00:00+00:00; tips=; details=; offer=
1538,8b65c5e8-90f6-4043-aee1-e92f9cf8d393,lxx_ai,peertube.b38.rural-it.org,https://peertube.b38.rural-it.org/,37,0,General,unknown,45,lxx_link=https://peertube.b38.rural-it.org/; lxx_link_type=Dofollow; lxx_paid=false; manual_hold=false; language=English; update_date=2025-09-23T00:00:00+00:00; tips=; details=; offer=
1539,dda2935a-abac-4517-9523-4db220cabfe0,lxx_ai,talkphotography.co.uk,https://talkphotography.co.uk/,37,161053,Photography,unknown,45,lxx_link=https://talkphotography.co.uk/; lxx_link_type=Dofollow; lxx_paid=false; manual_hold=false; language=English; update_date=2025-09-23T00:00:00+00:00; tips=; details=; offer=
1540,36023cc0-e44e-4be4-a932-6352c4ef37b2,lxx_ai,tuugo.de,https://tuugo.de/,37,0,General,unknown,45,lxx_link=https://tuugo.de/; lxx_link_type=Dofollow; lxx_paid=false; manual_hold=false; language=German; update_date=2025-09-23T00:00:00+00:00; tips=; details=; offer=
1541,1b4e3673-eaa9-486f-86a8-2ea3cc549aed,lxx_ai,tuugo.ph,https://tuugo.ph/,37,0,General,unknown,45,lxx_link=https://tuugo.ph/; lxx_link_type=Dofollow; lxx_paid=false; manual_hold=false; language=English; update_date=2025-09-23T00:00:00+00:00; tips=; details=; offer=
1542,26ccfe21-82f0-4560-8b6a-5344feb87752,lxx_ai,ewebmarks.com,https://ewebmarks.com/,36,25685,General,unknown,45,lxx_link=https://ewebmarks.com/; lxx_link_type=Dofollow; lxx_paid=false; manual_hold=false; language=English; update_date=2025-09-23T00:00:00+00:00; tips=; details=; offer=
1543,542a0baf-6d22-4991-a57e-9a3eb90e77f7,lxx_ai,keywordspace.com,https://keywordspace.com/,36,0,General,unknown,45,lxx_link=https://keywordspace.com/; lxx_link_type=Dofollow; lxx_paid=false; manual_hold=false; language=English; update_date=2025-09-23T00:00:00+00:00; tips=; details=; offer=
1544,ff63d47c-0251-40ef-b44e-e2166ef3bb85,lxx_ai,peertube.ch,https://peertube.ch/,36,715,General,unknown,45,lxx_link=https://peertube.ch/; lxx_link_type=Dofollow; lxx_paid=false; manual_hold=false; language=English; update_date=2025-09-23T00:00:00+00:00; tips=; details=; offer=
1545,e39ad164-ca32-4e18-b641-aa21e78692d3,lxx_ai,peertube.ventresmous.fr,https://peertube.ventresmous.fr/,36,0,General,unknown,45,lxx_link=https://peertube.ventresmous.fr/; lxx_link_type=Dofollow; lxx_paid=false; manual_hold=false; language=English; update_date=2025-09-23T00:00:00+00:00; tips=; details=; offer=
1546,e847ccb4-2a52-4746-b7ec-6cd9d2aad68c,lxx_ai,pr3-articles.com,https://www.pr3-articles.com/,36,9621,General,unknown,45,lxx_link=https://www.pr3-articles.com/; lxx_link_type=Dofollow; lxx_paid=false; manual_hold=false; language=English; update_date=2025-09-23T00:00:00+00:00; tips=; details=; offer=
1547,02ee7e8d-ef96-46ff-ae13-1567a8dd0710,lxx_ai,pr5-articles.com,https://www.pr5-articles.com/,36,3124,General,unknown,45,lxx_link=https://www.pr5-articles.com/; lxx_link_type=Dofollow; lxx_paid=false; manual_hold=false; language=English; update_date=2025-09-23T00:00:00+00:00; tips=; details=; offer=
1548,055a4681-5106-4083-9b92-fd2f6621fed0,lxx_ai,ruqqus.com,https://ruqqus.com/,36,1721,General,unknown,45,lxx_link=https://ruqqus.com/; lxx_link_type=Dofollow; lxx_paid=false; manual_hold=false; language=English; update_date=2025-09-23T00:00:00+00:00; tips=; details=; offer=
1549,4eb76e59-1fb9-43ad-ad72-1107455edbde,lxx_ai,tacked.com,https://tacked.com/,36,0,General,unknown,45,lxx_link=https://tacked.com/; lxx_link_type=Dofollow; lxx_paid=false; manual_hold=false; language=English; update_date=2025-09-23T00:00:00+00:00; tips=; details=; offer=
1550,fdf290fc-db2e-48c6-9aa4-47ab15b2e015,lxx_ai,tuugo.be,https://tuugo.be/,36,0,General,unknown,45,lxx_link=https://tuugo.be/; lxx_link_type=Dofollow; lxx_paid=false; manual_hold=false; language=English; update_date=2025-09-23T00:00:00+00:00; tips=; details=; offer=
1551,db60bc1b-da0b-436a-8cae-fc3362a095da,lxx_ai,tuugo.nl,https://tuugo.nl/,36,0,General,unknown,45,lxx_link=https://tuugo.nl/; lxx_link_type=Dofollow; lxx_paid=false; manual_hold=false; language=Dutch; update_date=2025-09-23T00:00:00+00:00; tips=; details=; offer=
1552,6a0bc4e4-e607-4bda-b982-011134dd717e,lxx_ai,votetags.com,https://votetags.com/,36,10617,General,unknown,45,lxx_link=https://votetags.com/; lxx_link_type=Dofollow; lxx_paid=false; manual_hold=false; language=English; update_date=2025-09-23T00:00:00+00:00; tips=; details=; offer=
1553,8b52cd77-2aa2-446b-a26a-9814a5e06e04,lxx_ai,acousticsoundboard.co.uk,https://acousticsoundboard.co.uk/,35,8051,Music,unknown,45,lxx_link=https://acousticsoundboard.co.uk/; lxx_link_type=Dofollow; lxx_paid=false; manual_hold=false; language=English; update_date=2025-09-23T00:00:00+00:00; tips=; details=; offer=
1554,7f147c16-0e07-4fda-852e-6928374e4578,lxx_ai,hey.dou.bet,https://hey.dou.bet/,35,0,General,unknown,45,lxx_link=https://hey.dou.bet/; lxx_link_type=Dofollow; lxx_paid=false; manual_hold=false; language=English; update_date=2025-09-23T00:00:00+00:00; tips=; details=; offer=
1555,812c9689-dc66-4818-b24b-2a23b6928bfc,lxx_ai,jjmehta.com,https://jjmehta.com/forum/index.php,35,40098,Photography,unknown,45,lxx_link=https://jjmehta.com/forum/index.php; lxx_link_type=Dofollow; lxx_paid=false; manual_hold=false; language=English; update_date=2025-09-23T00:00:00+00:00; tips=; details=; offer=
1556,e9b54621-31c2-44a1-83f7-8e03a9ecef7b,lxx_ai,rcforum.ru,https://rcforum.ru/,35,165563,Scale Model,unknown,45,lxx_link=https://rcforum.ru/; lxx_link_type=Dofollow; lxx_paid=false; manual_hold=false; language=English; update_date=2025-09-23T00:00:00+00:00; tips=; details=; offer=
1557,7f1dd38c-aa0c-4996-a2d4-294fe0d3b847,lxx_ai,techist.com,https://techist.com/forums/,35,43998,Technology,unknown,45,lxx_link=https://techist.com/forums/; lxx_link_type=Dofollow; lxx_paid=false; manual_hold=false; language=English; update_date=2025-09-23T00:00:00+00:00; tips=; details=; offer=
1558,b1d06b49-e979-41f6-aab7-5a7821d522ca,lxx_ai,gardenstew.com,https://gardenstew.com/,34,14735,Gardening,unknown,45,lxx_link=https://gardenstew.com/; lxx_link_type=Dofollow; lxx_paid=false; manual_hold=false; language=English; update_date=2025-09-23T00:00:00+00:00; tips=; details=; offer=
1559,d07653e5-70d8-4e2d-8f55-9e93088089d1,lxx_ai,onlinewebmarks.com,https://onlinewebmarks.com/,34,9001,General,unknown,45,lxx_link=https://onlinewebmarks.com/; lxx_link_type=Dofollow; lxx_paid=false; manual_hold=false; language=English; update_date=2025-09-23T00:00:00+00:00; tips=; details=; offer=
1560,7a8ae64d-799d-4171-a802-eca75f017e94,lxx_ai,videosongguru.com,https://videosongguru.com/,34,0,General,unknown,45,lxx_link=https://videosongguru.com/; lxx_link_type=Dofollow; lxx_paid=false; manual_hold=false; language=English; update_date=2025-09-23T00:00:00+00:00; tips=; details=; offer=
1561,7095457f-285a-43fa-9a38-d51cb6ccaefa,lxx_ai,articles.kraftloft.com,https://www.articles.kraftloft.com/,33,365,General,unknown,45,lxx_link=https://www.articles.kraftloft.com/; lxx_link_type=Dofollow; lxx_paid=false; manual_hold=false; language=English; update_date=2025-09-23T00:00:00+00:00; tips=; details=; offer=
1562,1c94dad0-e700-42dd-bfa4-59fea3064615,lxx_ai,fastbookmarkings.com,https://fastbookmarkings.com/,33,39335,General,unknown,45,lxx_link=https://fastbookmarkings.com/; lxx_link_type=Dofollow; lxx_paid=false; manual_hold=false; language=English; update_date=2025-09-23T00:00:00+00:00; tips=; details=; offer=
1563,97647c00-ac4f-4074-ab64-a82e07432db5,lxx_ai,forums.vintageguitarandbass.com,https://forums.vintageguitarandbass.com/index.php,33,0,Music,unknown,45,lxx_link=https://forums.vintageguitarandbass.com/index.php; lxx_link_type=Dofollow; lxx_paid=false; manual_hold=false; language=English; update_date=2025-09-23T00:00:00+00:00; tips=; details=; offer=
1564,e03ab7d5-62b7-4b9c-98ee-74f59dd9c5a0,lxx_ai,shuttertalk.com,https://shuttertalk.com/forums/,33,3158,Photography,unknown,45,lxx_link=https://shuttertalk.com/forums/; lxx_link_type=Dofollow; lxx_paid=false; manual_hold=false; language=English; update_date=2025-09-23T00:00:00+00:00; tips=; details=; offer=
1565,eeae9ec4-e640-41ae-abbe-8cb6f5b8a3dc,lxx_ai,vivoldi.com,https://vivoldi.com/,33,94135,General,unknown,45,lxx_link=https://vivoldi.com/; lxx_link_type=Dofollow; lxx_paid=false; manual_hold=false; language=English; update_date=2025-09-23T00:00:00+00:00; tips=; details=; offer=
1566,92536bd5-a51a-4dc7-9e69-7f78c7bcba6b,lxx_ai,aajkaltrends.club,https://aajkaltrends.club/,32,8438,General,unknown,45,lxx_link=https://aajkaltrends.club/; lxx_link_type=Dofollow; lxx_paid=false; manual_hold=false; language=English; update_date=2025-09-23T00:00:00+00:00; tips=; details=; offer=
1567,ffd6355b-df34-43e3-aeeb-237c95668b50,lxx_ai,abookmarking.com,https://abookmarking.com/,32,101558,General,unknown,45,lxx_link=https://abookmarking.com/; lxx_link_type=Dofollow; lxx_paid=false; manual_hold=false; language=English; update_date=2025-09-23T00:00:00+00:00; tips=; details=; offer=
1568,3d8e60fd-c297-4a06-9d85-946ad34b62b4,lxx_ai,arcforums.com,https://arcforums.com/forums/air/index.php,32,128170,General,unknown,45,lxx_link=https://arcforums.com/forums/air/index.php; lxx_link_type=Dofollow; lxx_paid=false; manual_hold=false; language=English; update_date=2025-09-23T00:00:00+00:00; tips=; details=; offer=
1569,6b1cf070-7c80-4c39-97d0-923d90a230a8,lxx_ai,articles.seoforums.me.uk,https://www.articles.seoforums.me.uk/,32,4413,General,unknown,45,lxx_link=https://www.articles.seoforums.me.uk/; lxx_link_type=Dofollow; lxx_paid=false; manual_hold=false; language=English; update_date=2025-09-23T00:00:00+00:00; tips=; details=; offer=
1570,792d494b-79d0-4f22-a356-4f6e6e0020f2,lxx_ai,darkryder.com,https://darkryder.com/forum/index.php,32,0,General,unknown,45,lxx_link=https://darkryder.com/forum/index.php; lxx_link_type=Dofollow; lxx_paid=false; manual_hold=false; language=English; update_date=2025-09-23T00:00:00+00:00; tips=; details=; offer=
1571,83c31eb9-7e7f-4cda-abec-d951ee2597d8,lxx_ai,freebookmarkingsubmission.net,https://freebookmarkingsubmission.net/,32,13041,General,unknown,45,lxx_link=https://freebookmarkingsubmission.net/; lxx_link_type=Dofollow; lxx_paid=false; manual_hold=false; language=English; update_date=2025-09-23T00:00:00+00:00; tips=; details=; offer=
1572,4ea11696-d3d4-416b-9d22-104025d64701,lxx_ai,offsetguitars.com,https://offsetguitars.com/forums/index.php,32,211463,Music,unknown,45,lxx_link=https://offsetguitars.com/forums/index.php; lxx_link_type=Dofollow; lxx_paid=false; manual_hold=false; language=English; update_date=2025-09-23T00:00:00+00:00; tips=; details=; offer=
1573,b2665081-a28e-44dd-a7a9-bab1193fb6c3,lxx_ai,pr7-articles.com,https://www.pr7-articles.com/,32,1438,General,unknown,45,lxx_link=https://www.pr7-articles.com/; lxx_link_type=Dofollow; lxx_paid=false; manual_hold=false; language=English; update_date=2025-09-23T00:00:00+00:00; tips=; details=; offer=
1574,5ee66439-b192-443b-9d2a-71994a799f71,lxx_ai,tuugo.dk,https://tuugo.dk/,32,0,General,unknown,45,lxx_link=https://tuugo.dk/; lxx_link_type=Dofollow; lxx_paid=false; manual_hold=false; language=English; update_date=2025-09-23T00:00:00+00:00; tips=; details=; offer=
1575,5c4a8c09-175e-4bad-949c-67f774138fd7,lxx_ai,vault.mle.party,https://vault.mle.party/,32,0,General,unknown,45,lxx_link=https://vault.mle.party/; lxx_link_type=Dofollow; lxx_paid=false; manual_hold=false; language=English; update_date=2025-09-23T00:00:00+00:00; tips=; details=; offer=
1576,8485370f-af9a-4b05-8438-26d7ad87809c,lxx_ai,ybookmarking.com,https://ybookmarking.com/,32,56461,General,unknown,45,lxx_link=https://ybookmarking.com/; lxx_link_type=Dofollow; lxx_paid=false; manual_hold=false; language=English; update_date=2025-09-23T00:00:00+00:00; tips=; details=; offer=
1577,957d142d-31f6-49d0-a7b3-8a731a1c4c2b,lxx_ai,articles.jainkathalok.com,https://www.articles.jainkathalok.com/,31,425,General,unknown,45,lxx_link=https://www.articles.jainkathalok.com/; lxx_link_type=Dofollow; lxx_paid=false; manual_hold=false; language=English; update_date=2025-09-23T00:00:00+00:00; tips=; details=; offer=
1578,3409078b-74b2-4ec7-a070-64ecd4503be7,lxx_ai,bookmarkmaps.com,https://bookmarkmaps.com/,31,17582,General,unknown,45,lxx_link=https://bookmarkmaps.com/; lxx_link_type=Dofollow; lxx_paid=false; manual_hold=false; language=English; update_date=2025-09-23T00:00:00+00:00; tips=; details=; offer=
1579,4e20c22d-dfdc-4fde-8623-9e8a89c224bb,lxx_ai,coolpot.com,https://coolpot.com/,31,93993,General,unknown,45,lxx_link=https://coolpot.com/; lxx_link_type=Dofollow; lxx_paid=false; manual_hold=false; language=English; update_date=2025-09-23T00:00:00+00:00; tips=; details=; offer=
1580,81aee3e6-fc46-4df2-8e31-0aee8a690088,lxx_ai,drumforum.org,https://drumforum.org/,31,203813,Music,unknown,45,lxx_link=https://drumforum.org/; lxx_link_type=Dofollow; lxx_paid=false; manual_hold=false; language=English; update_date=2025-09-23T00:00:00+00:00; tips=; details=; offer=
1581,37ac5b68-4a64-4f77-aa30-178d164bf54e,lxx_ai,forum.znyata.com,https://forum.znyata.com/,31,1668,Consumer,unknown,45,lxx_link=https://forum.znyata.com/; lxx_link_type=Dofollow; lxx_paid=false; manual_hold=false; language=Russian; update_date=2025-09-23T00:00:00+00:00; tips=; details=; offer=
1582,5cdf9225-a93c-45b2-a4b8-d018166b2061,lxx_ai,mathhelpforum.com,https://mathhelpforum.com/,31,19182,Education,unknown,45,lxx_link=https://mathhelpforum.com/; lxx_link_type=Dofollow; lxx_paid=false; manual_hold=false; language=English; update_date=2025-09-23T00:00:00+00:00; tips=; details=; offer=
1583,3bc7b8fc-76b2-4e9d-9f96-8cc8f03812f7,lxx_ai,photography.ca,https://photography.ca/Forums/,31,822,Photography,unknown,45,lxx_link=https://photography.ca/Forums/; lxx_link_type=Dofollow; lxx_paid=false; manual_hold=false; language=English; update_date=2025-09-23T00:00:00+00:00; tips=; details=; offer=
1584,9ed82230-2008-4f14-8704-d1711cd5af8f,lxx_ai,postarticlenow.com,https://postarticlenow.com/,31,7688,General,unknown,45,lxx_link=https://postarticlenow.com/; lxx_link_type=Dofollow; lxx_paid=false; manual_hold=false; language=English; update_date=2025-09-23T00:00:00+00:00; tips=; details=; offer=
1585,c4725cb7-307e-44f1-a025-f62b757c89a2,lxx_ai,traiborg.com,https://traiborg.com/,31,0,General,unknown,45,lxx_link=https://traiborg.com/; lxx_link_type=Dofollow; lxx_paid=false; manual_hold=false; language=Spanish; update_date=2025-09-23T00:00:00+00:00; tips=; details=; offer=
1586,751d1235-b46a-42b7-a214-4af0a725a7d9,lxx_ai,tuffsocial.com,https://tuffsocial.com/,31,32623,General,unknown,45,lxx_link=https://tuffsocial.com/; lxx_link_type=Dofollow; lxx_paid=false; manual_hold=false; language=English; update_date=2025-09-23T00:00:00+00:00; tips=; details=; offer=
1587,96bff0cb-8dd2-40fa-829d-87764783f30c,lxx_ai,votetags.info,https://votetags.info/,31,10517,General,unknown,45,lxx_link=https://votetags.info/; lxx_link_type=Dofollow; lxx_paid=false; manual_hold=false; language=English; update_date=2025-09-23T00:00:00+00:00; tips=; details=; offer=
1588,149c049b-a938-491b-92ce-cb93474b3438,lxx_ai,webhelpforums.net,https://webhelpforums.net/index.php,31,4785,SEO,unknown,45,lxx_link=https://webhelpforums.net/index.php; lxx_link_type=Dofollow; lxx_paid=false; manual_hold=false; language=English; update_date=2025-09-23T00:00:00+00:00; tips=; details=; offer=
1589,4530f89f-f982-46ee-891d-0fb8c117b504,lxx_ai,a2zbookmarking.com,https://a2zbookmarking.com/,30,25213,General,unknown,45,lxx_link=https://a2zbookmarking.com/; lxx_link_type=Dofollow; lxx_paid=false; manual_hold=false; language=English; update_date=2025-09-23T00:00:00+00:00; tips=; details=; offer=
1590,45d98701-4317-473b-9b83-0c3aaf1b0ea0,lxx_ai,bookmarking.info,https://bookmarking.info/,30,8065,General,unknown,45,lxx_link=https://bookmarking.info/; lxx_link_type=Dofollow; lxx_paid=false; manual_hold=false; language=English; update_date=2025-09-23T00:00:00+00:00; tips=; details=; offer=
1591,6e320ec4-b0b5-4be3-8fed-9bec4c38be31,lxx_ai,clickone.co.in,https://clickone.co.in/,30,14740,General,unknown,45,lxx_link=https://clickone.co.in/; lxx_link_type=Dofollow; lxx_paid=false; manual_hold=false; language=English; update_date=2025-09-23T00:00:00+00:00; tips=; details=; offer=
1592,293ed9e3-d003-46eb-9ab9-d8085d25de41,lxx_ai,hitechdigitalservices.com,https://hitechdigitalservices.com/,30,1006,General,unknown,45,lxx_link=https://hitechdigitalservices.com/; lxx_link_type=Dofollow; lxx_paid=false; manual_hold=false; language=English; update_date=2025-09-23T00:00:00+00:00; tips=; details=; offer=
1593,faa1d7c5-8cec-4140-ab49-8b7019ed5fae,lxx_ai,newsciti.com,https://newsciti.com/,30,12409,General,unknown,45,lxx_link=https://newsciti.com/; lxx_link_type=Dofollow; lxx_paid=false; manual_hold=false; language=English; update_date=2025-09-23T00:00:00+00:00; tips=; details=; offer=
1594,2472e66f-0d1c-4b47-aa7f-ac0b49f68733,lxx_ai,painterfactory.com,https://painterfactory.com/,30,0,Art,unknown,45,lxx_link=https://painterfactory.com/; lxx_link_type=Dofollow; lxx_paid=false; manual_hold=false; language=German; update_date=2025-09-23T00:00:00+00:00; tips=; details=; offer=
1595,32fc487c-4cf6-4d46-851d-38a8a59eddd4,lxx_ai,prbookmarking.club,https://prbookmarking.club/,30,8487,General,unknown,45,lxx_link=https://prbookmarking.club/; lxx_link_type=Dofollow; lxx_paid=false; manual_hold=false; language=English; update_date=2025-09-23T00:00:00+00:00; tips=; details=; offer=
1596,dc689916-f455-4323-a712-53c92ba41ec9,lxx_ai,socialbookmarkzone.info,https://socialbookmarkzone.info/,30,23057,General,unknown,45,lxx_link=https://socialbookmarkzone.info/; lxx_link_type=Dofollow; lxx_paid=false; manual_hold=false; language=English; update_date=2025-09-23T00:00:00+00:00; tips=; details=; offer=
1597,8d6f405a-5f4d-48eb-9bb1-f4f7c2dd85b7,lxx_ai,starbookmarking.com,https://starbookmarking.com/,30,22433,General,unknown,45,lxx_link=https://starbookmarking.com/; lxx_link_type=Dofollow; lxx_paid=false; manual_hold=false; language=English; update_date=2025-09-23T00:00:00+00:00; tips=; details=; offer=
1598,820eaa5f-5f5a-45ec-bc50-35e96cdf0e0b,lxx_ai,tuugo.tw,https://tuugo.tw/,30,0,General,unknown,45,lxx_link=https://tuugo.tw/; lxx_link_type=Dofollow; lxx_paid=false; manual_hold=false; language=English; update_date=2025-09-23T00:00:00+00:00; tips=; details=; offer=
1599,1aa65c3a-f97c-40f3-ad36-a10c8fe38711,lxx_ai,aajkaltrend.com,https://aajkaltrend.com/,29,0,General,unknown,45,lxx_link=https://aajkaltrend.com/; lxx_link_type=Dofollow; lxx_paid=false; manual_hold=false; language=English; update_date=2025-09-23T00:00:00+00:00; tips=; details=; offer=
1600,4f3b604f-7d18-401a-8123-20edebeb0c53,lxx_ai,bestapartmentjobs.com,https://bestapartmentjobs.com/,29,0,Real Estate,unknown,45,lxx_link=https://bestapartmentjobs.com/; lxx_link_type=Dofollow; lxx_paid=false; manual_hold=false; language=English; update_date=2025-09-23T00:00:00+00:00; tips=; details=; offer=
1601,5999516a-7426-44cf-9d32-e395c1e2380e,lxx_ai,prbookmarks.com,https://prbookmarks.com/,29,18592,General,unknown,45,lxx_link=https://prbookmarks.com/; lxx_link_type=Dofollow; lxx_paid=false; manual_hold=false; language=English; update_date=2025-09-23T00:00:00+00:00; tips=; details=; offer=
1602,d8d203bd-4d5e-45ec-b8fc-7941ef87f46a,lxx_ai,recruitmentqueen.com,https://recruitmentqueen.com/,29,0,General,unknown,45,lxx_link=https://recruitmentqueen.com/; lxx_link_type=Dofollow; lxx_paid=false; manual_hold=false; language=English; update_date=2025-09-23T00:00:00+00:00; tips=; details=; offer=
1603,69616c94-dbab-40c8-91a1-314d7467cc15,lxx_ai,socialwebmarks.com,https://socialwebmarks.com/,29,22154,General,unknown,45,lxx_link=https://socialwebmarks.com/; lxx_link_type=Dofollow; lxx_paid=false; manual_hold=false; language=English; update_date=2025-09-23T00:00:00+00:00; tips=; details=; offer=
1604,0cdad8b2-28a4-422d-81f5-c9cf37182e58,lxx_ai,teil.cc,https://teil.cc/,29,0,General,unknown,45,lxx_link=https://teil.cc/; lxx_link_type=Dofollow; lxx_paid=false; manual_hold=false; language=English; update_date=2025-09-23T00:00:00+00:00; tips=; details=; offer=
1605,eb44d925-a356-4af2-807e-1873203ba969,lxx_ai,tuugo.ec,https://tuugo.ec/,29,334,General,unknown,45,lxx_link=https://tuugo.ec/; lxx_link_type=Dofollow; lxx_paid=false; manual_hold=false; language=English; update_date=2025-09-23T00:00:00+00:00; tips=; details=; offer=
1606,0d08392a-7846-439c-8527-61b18253b676,lxx_ai,tuugo.pt,https://tuugo.pt/,29,0,General,unknown,45,lxx_link=https://tuugo.pt/; lxx_link_type=Dofollow; lxx_paid=false; manual_hold=false; language=Portuguese; update_date=2025-09-23T00:00:00+00:00; tips=; details=; offer=
1607,5e5e5a48-b1cf-45b9-951e-b5ab2da926e0,lxx_ai,ubookmarking.com,https://ubookmarking.com/,29,65375,General,unknown,45,lxx_link=https://ubookmarking.com/; lxx_link_type=Dofollow; lxx_paid=false; manual_hold=false; language=English; update_date=2025-09-23T00:00:00+00:00; tips=; details=; offer=
1608,33c45729-bc32-4207-b151-0ab1ab3f9461,lxx_ai,videogamesage.com,https://videogamesage.com/forums/,29,88628,Gaming,unknown,45,lxx_link=https://videogamesage.com/forums/; lxx_link_type=Dofollow; lxx_paid=false; manual_hold=false; language=English; update_date=2025-09-23T00:00:00+00:00; tips=; details=; offer=
1609,33bbaeb9-19dc-4a69-8b69-bd15321cf860,lxx_ai,dosula.com,https://dosula.com/,28,0,General,unknown,45,lxx_link=https://dosula.com/; lxx_link_type=Dofollow; lxx_paid=false; manual_hold=false; language=English; update_date=2025-09-23T00:00:00+00:00; tips=; details=; offer=
1610,2a9a2546-a947-4237-9e42-769b924faceb,lxx_ai,dungeon-master.com,https://dungeon-master.com/forum/index.php,28,26414,Gaming,unknown,45,lxx_link=https://dungeon-master.com/forum/index.php; lxx_link_type=Dofollow; lxx_paid=false; manual_hold=false; language=English; update_date=2025-09-23T00:00:00+00:00; tips=; details=; offer=
1611,d31e9f4f-a0b3-409d-8a5a-3999df3fb84e,lxx_ai,eternia.to,https://eternia.to/,28,0,General,unknown,45,lxx_link=https://eternia.to/; lxx_link_type=Dofollow; lxx_paid=false; manual_hold=false; language=English; update_date=2025-09-23T00:00:00+00:00; tips=; details=; offer=
1612,e962707d-8584-4ffa-b856-496e1f2d293b,lxx_ai,forum.largescalemodeller.com,https://forum.largescalemodeller.com/,28,6252,Scale Model,unknown,45,lxx_link=https://forum.largescalemodeller.com/; lxx_link_type=Dofollow; lxx_paid=false; manual_hold=false; language=English; update_date=2025-09-23T00:00:00+00:00; tips=; details=; offer=
1613,4bc70745-2d52-459a-8542-4258bb529609,lxx_ai,hitechgroup.xyz,https://hitechgroup.xyz/,28,0,General,unknown,45,lxx_link=https://hitechgroup.xyz/; lxx_link_type=Dofollow; lxx_paid=false; manual_hold=false; language=English; update_date=2025-09-23T00:00:00+00:00; tips=; details=; offer=
1614,3d8a4b4b-0a30-4f0a-9b19-11963a2df5b9,lxx_ai,justpep.com,https://justpep.com/,28,22195,General,unknown,45,lxx_link=https://justpep.com/; lxx_link_type=Dofollow; lxx_paid=false; manual_hold=false; language=English; update_date=2025-09-23T00:00:00+00:00; tips=; details=; offer=
1615,ceb274f9-429b-4e04-9a0a-da8c24a78e72,lxx_ai,max3d.pl,https://max3d.pl/,28,12932,Art,unknown,45,lxx_link=https://max3d.pl/; lxx_link_type=Dofollow; lxx_paid=false; manual_hold=false; language=Polish; update_date=2025-09-23T00:00:00+00:00; tips=; details=; offer=
1616,24b36b42-3c79-48aa-9ade-b26c16fe4ec0,lxx_ai,podrozerowerowe.info,https://podrozerowerowe.info/index.php,28,70841,Sports,unknown,45,lxx_link=https://podrozerowerowe.info/index.php; lxx_link_type=Dofollow; lxx_paid=false; manual_hold=false; language=Polish; update_date=2025-09-23T00:00:00+00:00; tips=; details=; offer=
1617,521acd6f-0b53-4a21-8c40-143d8561a873,lxx_ai,samaysawara.in,https://samaysawara.in/,28,3299,General,unknown,45,lxx_link=https://samaysawara.in/; lxx_link_type=Dofollow; lxx_paid=false; manual_hold=false; language=English; update_date=2025-09-23T00:00:00+00:00; tips=; details=; offer=
1618,e45e8c3c-fc09-40b7-916a-54d416b4515c,lxx_ai,thebassbarn.com,https://thebassbarn.com/,28,14770,Fishing,unknown,45,lxx_link=https://thebassbarn.com/; lxx_link_type=Dofollow; lxx_paid=false; manual_hold=false; language=English; update_date=2025-09-23T00:00:00+00:00; tips=; details=; offer=
1619,c3a964cc-afc0-4602-a21e-32efdd14d09b,lxx_ai,forums.thewebhostbiz.com,https://forums.thewebhostbiz.com/index.php,27,619,Bussiness,unknown,45,lxx_link=https://forums.thewebhostbiz.com/index.php; lxx_link_type=Dofollow; lxx_paid=false; manual_hold=false; language=English; update_date=2025-09-23T00:00:00+00:00; tips=; details=; offer=
1620,3d061ec3-b9c3-4e50-831d-3908cf680778,lxx_ai,hotbookmarking.com,https://hotbookmarking.com/,27,11742,General,unknown,45,lxx_link=https://hotbookmarking.com/; lxx_link_type=Dofollow; lxx_paid=false; manual_hold=false; language=English; update_date=2025-09-23T00:00:00+00:00; tips=; details=; offer=
1621,bc2332f0-b725-46d5-8420-84b416d805be,lxx_ai,maker.rocks,https://maker.rocks/,27,0,General,unknown,45,lxx_link=https://maker.rocks/; lxx_link_type=Dofollow; lxx_paid=false; manual_hold=false; language=English; update_date=2025-09-23T00:00:00+00:00; tips=; details=; offer=
1622,a602f108-fded-4282-8006-b63911fd8183,lxx_ai,musicbanter.com,https://musicbanter.com/,27,11193,Music,unknown,45,lxx_link=https://musicbanter.com/; lxx_link_type=Dofollow; lxx_paid=false; manual_hold=false; language=English; update_date=2025-09-23T00:00:00+00:00; tips=; details=; offer=
1623,059e5190-93d9-4ff2-b620-d793ae4e37b2,lxx_ai,tuugo.co.cr,https://tuugo.co.cr/,27,0,General,unknown,45,lxx_link=https://tuugo.co.cr/; lxx_link_type=Dofollow; lxx_paid=false; manual_hold=false; language=English; update_date=2025-09-23T00:00:00+00:00; tips=; details=; offer=
1624,abb0287f-7cfe-4f1f-9e7b-99a43b84cf71,lxx_ai,tuugo.gr,https://tuugo.gr/,27,0,General,unknown,45,lxx_link=https://tuugo.gr/; lxx_link_type=Dofollow; lxx_paid=false; manual_hold=false; language=Greek; update_date=2025-09-23T00:00:00+00:00; tips=; details=; offer=
1625,9bfc9cb2-785e-47af-ae3b-86e2a22c04ef,lxx_ai,tuugo.kr,https://tuugo.kr/,27,0,General,unknown,45,lxx_link=https://tuugo.kr/; lxx_link_type=Dofollow; lxx_paid=false; manual_hold=false; language=English; update_date=2025-09-23T00:00:00+00:00; tips=; details=; offer=
1626,e8f3853e-55d3-4652-bc56-9a6f01ae520e,lxx_ai,tuugo.ru,https://tuugo.ru/,27,0,General,unknown,45,lxx_link=https://tuugo.ru/; lxx_link_type=Dofollow; lxx_paid=false; manual_hold=false; language=English; update_date=2025-09-23T00:00:00+00:00; tips=; details=; offer=
1627,c6ee336c-73c6-443b-9d21-a9f125bd7597,lxx_ai,webicy.com,https://www.webicy.com/,27,0,Information,unknown,45,lxx_link=https://www.webicy.com/; lxx_link_type=Dofollow; lxx_paid=false; manual_hold=false; language=English; update_date=2025-09-23T00:00:00+00:00; tips=; details=; offer=
1628,880dc979-b60a-42c8-a2a5-d4abbd91ed2b,lxx_ai,bios-fix.com,https://bios-fix.com/,26,62711,Consumer,unknown,45,lxx_link=https://bios-fix.com/; lxx_link_type=Dofollow; lxx_paid=false; manual_hold=false; language=English; update_date=2025-09-23T00:00:00+00:00; tips=; details=; offer=
1629,d211a154-69e2-4fd0-8f46-215c9468d4ee,lxx_ai,bookmarky.cz,https://bookmarky.cz/,26,8981,General,unknown,45,lxx_link=https://bookmarky.cz/; lxx_link_type=Dofollow; lxx_paid=false; manual_hold=false; language=Czech; update_date=2025-09-23T00:00:00+00:00; tips=; details=; offer=
1630,99a34ecb-d445-462c-ae61-d5b1c4127f6d,lxx_ai,businessnewsplace.com,https://businessnewsplace.com/,26,397,General,unknown,45,lxx_link=https://businessnewsplace.com/; lxx_link_type=Dofollow; lxx_paid=false; manual_hold=false; language=English; update_date=2025-09-23T00:00:00+00:00; tips=; details=; offer=
1631,1c65668c-ce04-43ef-9fb0-530af10fb758,lxx_ai,chinacarforums.com,https://chinacarforums.com/,26,13935,Automobile,unknown,45,lxx_link=https://chinacarforums.com/; lxx_link_type=Dofollow; lxx_paid=false; manual_hold=false; language=English; update_date=2025-09-23T00:00:00+00:00; tips=; details=; offer=
1632,841f6c6d-95b2-4cac-a824-aa0d115475d7,lxx_ai,dehradunbn.com,https://dehradunbn.com/,26,0,General,unknown,45,lxx_link=https://dehradunbn.com/; lxx_link_type=Dofollow; lxx_paid=false; manual_hold=false; language=Indonesian; update_date=2025-09-23T00:00:00+00:00; tips=; details=; offer=
1633,220ce75c-ddae-4884-8191-ff5075c88ecd,lxx_ai,forumprosport.ru,https://forumprosport.ru/,26,2232,Sports,unknown,45,lxx_link=https://forumprosport.ru/; lxx_link_type=Dofollow; lxx_paid=false; manual_hold=false; language=Russian; update_date=2025-09-23T00:00:00+00:00; tips=; details=; offer=
1634,41471f9b-f58a-4441-92d4-f10e19d9ccbd,lxx_ai,gitarzysci.pl,https://gitarzysci.pl/,26,31960,Music,unknown,45,lxx_link=https://gitarzysci.pl/; lxx_link_type=Dofollow; lxx_paid=false; manual_hold=false; language=English; update_date=2025-09-23T00:00:00+00:00; tips=; details=; offer=
1635,7437b7f3-3f0c-4efc-a995-e6613bb8a4b3,lxx_ai,guitarscanada.com,https://guitarscanada.com/,26,158326,Music,unknown,45,lxx_link=https://guitarscanada.com/; lxx_link_type=Dofollow; lxx_paid=false; manual_hold=false; language=English; update_date=2025-09-23T00:00:00+00:00; tips=; details=; offer=
1636,4334d93d-5573-407a-aaef-c61cf929fc80,lxx_ai,inforum.in,https://inforum.in/,26,1773,Domains Name,unknown,45,lxx_link=https://inforum.in/; lxx_link_type=Dofollow; lxx_paid=false; manual_hold=false; language=English; update_date=2025-09-23T00:00:00+00:00; tips=; details=; offer=
1637,070cf8ab-ff6d-4ecc-974c-b60d10b89e4b,lxx_ai,jobsrail.com,https://jobsrail.com/,26,11801,General,unknown,45,lxx_link=https://jobsrail.com/; lxx_link_type=Dofollow; lxx_paid=false; manual_hold=false; language=English; update_date=2025-09-23T00:00:00+00:00; tips=; details=; offer=
1638,e31d2489-a17d-43a8-8fe1-27dd3432ab29,lxx_ai,mityurl.com,https://mityurl.com/,26,0,General,unknown,45,lxx_link=https://mityurl.com/; lxx_link_type=Dofollow; lxx_paid=false; manual_hold=false; language=English; update_date=2025-09-23T00:00:00+00:00; tips=; details=; offer=
1639,f77719e7-0587-4f1e-88da-136bb2056f32,lxx_ai,post.postjobsnow.com,https://post.postjobsnow.com/,26,0,General,unknown,45,lxx_link=https://post.postjobsnow.com/; lxx_link_type=Dofollow; lxx_paid=false; manual_hold=false; language=English; update_date=2025-09-23T00:00:00+00:00; tips=; details=; offer=
1640,ed36dd51-d5eb-4948-9ed3-1259c438773e,lxx_ai,socialbookmarkiseasy.info,https://socialbookmarkiseasy.info/,26,6093,General,unknown,45,lxx_link=https://socialbookmarkiseasy.info/; lxx_link_type=Dofollow; lxx_paid=false; manual_hold=false; language=English; update_date=2025-09-23T00:00:00+00:00; tips=; details=; offer=
1641,9fc5b0ab-bbb0-4be8-945c-0405f3807891,lxx_ai,tuugo.cn,https://tuugo.cn/,26,0,General,unknown,45,lxx_link=https://tuugo.cn/; lxx_link_type=Dofollow; lxx_paid=false; manual_hold=false; language=English; update_date=2025-09-23T00:00:00+00:00; tips=; details=; offer=
1642,16eb3f75-5352-40ce-a5c5-9431e5e9641b,lxx_ai,umgf.com,https://umgf.com/,26,146602,Music,unknown,45,lxx_link=https://umgf.com/; lxx_link_type=Dofollow; lxx_paid=false; manual_hold=false; language=English; update_date=2025-09-23T00:00:00+00:00; tips=; details=; offer=
1643,23e89a74-8b63-432a-ba5b-04ce5868f510,lxx_ai,a2zsocialnews.com,https://a2zsocialnews.com/,25,0,General,unknown,45,lxx_link=https://a2zsocialnews.com/; lxx_link_type=Dofollow; lxx_paid=false; manual_hold=false; language=English; update_date=2025-09-23T00:00:00+00:00; tips=; details=; offer=
1644,31341579-a90e-42cb-882f-8d7601e2bc5f,lxx_ai,bookmarkinbox.com,https://bookmarkinbox.com/,25,3497,General,unknown,45,lxx_link=https://bookmarkinbox.com/; lxx_link_type=Dofollow; lxx_paid=false; manual_hold=false; language=English; update_date=2025-09-23T00:00:00+00:00; tips=; details=; offer=
1645,f435924c-2a27-442f-be74-746e7980e13a,lxx_ai,business-startpage.com,https://business-startpage.com/,25,0,General,unknown,45,lxx_link=https://business-startpage.com/; lxx_link_type=Dofollow; lxx_paid=false; manual_hold=false; language=English; update_date=2025-09-23T00:00:00+00:00; tips=; details=; offer=
1646,b7f347c2-0a3b-4a00-8c7b-2a41102b2760,lxx_ai,businessmerits.com,https://businessmerits.com/,25,3890,General,unknown,45,lxx_link=https://businessmerits.com/; lxx_link_type=Dofollow; lxx_paid=false; manual_hold=false; language=English; update_date=2025-09-23T00:00:00+00:00; tips=; details=; offer=
1647,78f93389-40cf-4e68-8992-c366f3836103,lxx_ai,livewebmarks.com,https://livewebmarks.com/,25,6510,General,unknown,45,lxx_link=https://livewebmarks.com/; lxx_link_type=Dofollow; lxx_paid=false; manual_hold=false; language=English; update_date=2025-09-23T00:00:00+00:00; tips=; details=; offer=
1648,e648c478-b86c-4848-a8ca-1c396cb588da,lxx_ai,moovlink.com,https://moovlink.com/,25,1917,General,unknown,45,lxx_link=https://moovlink.com/; lxx_link_type=Dofollow; lxx_paid=false; manual_hold=false; language=English; update_date=2025-09-23T00:00:00+00:00; tips=; details=; offer=
1649,5a489688-3333-45a6-8495-12c7008fbf30,lxx_ai,postkarlo.com,https://postkarlo.com/,25,704,General,unknown,45,lxx_link=https://postkarlo.com/; lxx_link_type=Dofollow; lxx_paid=false; manual_hold=false; language=English; update_date=2025-09-23T00:00:00+00:00; tips=; details=; offer=
1650,362f8ed3-64ba-4699-9ee4-9f70751d432c,lxx_ai,qrurl.cc,https://qrurl.cc/,25,0,General,unknown,45,lxx_link=https://qrurl.cc/; lxx_link_type=Dofollow; lxx_paid=false; manual_hold=false; language=English; update_date=2025-09-23T00:00:00+00:00; tips=; details=; offer=
1651,ae16c9a1-ae75-4321-b43a-fb2bd8ab6be8,lxx_ai,socbookmarking.com,https://socbookmarking.com/,25,33481,General,unknown,45,lxx_link=https://socbookmarking.com/; lxx_link_type=Dofollow; lxx_paid=false; manual_hold=false; language=English; update_date=2025-09-23T00:00:00+00:00; tips=; details=; offer=
1652,1eb739ff-ec46-4a52-818b-75e35455a9a1,lxx_ai,whitelinks.com,https://whitelinks.com/,25,4041,General,unknown,45,lxx_link=https://whitelinks.com/; lxx_link_type=Dofollow; lxx_paid=false; manual_hold=false; language=English; update_date=2025-09-23T00:00:00+00:00; tips=; details=; offer=
1653,54f9f35e-035a-4475-88fc-56979800cf24,lxx_ai,zoomgroups.com,https://zoomgroups.com/,25,0,General,unknown,45,lxx_link=https://zoomgroups.com/; lxx_link_type=Dofollow; lxx_paid=false; manual_hold=false; language=English; update_date=2025-09-23T00:00:00+00:00; tips=; details=; offer=
1654,7efbe409-92f5-4df6-a9c2-9558a252fbf6,lxx_ai,bookmarktalk.info,https://bookmarktalk.info/,24,14882,General,unknown,45,lxx_link=https://bookmarktalk.info/; lxx_link_type=Dofollow; lxx_paid=false; manual_hold=false; language=English; update_date=2025-09-23T00:00:00+00:00; tips=; details=; offer=
1655,8178ab95-2ca2-4e1c-bda9-372bd749a9b8,lxx_ai,cado.pro,https://cado.pro/,24,0,General,unknown,45,lxx_link=https://cado.pro/; lxx_link_type=Dofollow; lxx_paid=false; manual_hold=false; language=English; update_date=2025-09-23T00:00:00+00:00; tips=; details=; offer=
1656,22ca1660-25df-4974-8ff1-86912cbcc13b,lxx_ai,ozbassforum.com,https://ozbassforum.com/index.php,24,0,Music,unknown,45,lxx_link=https://ozbassforum.com/index.php; lxx_link_type=Dofollow; lxx_paid=false; manual_hold=false; language=English; update_date=2025-09-23T00:00:00+00:00; tips=; details=; offer=
1657,bcbbfd66-e5f3-45ab-83a1-eebc2ee27a38,lxx_ai,scalemodeladdict.com,https://scalemodeladdict.com/,24,15703,Scale Model,unknown,45,lxx_link=https://scalemodeladdict.com/; lxx_link_type=Dofollow; lxx_paid=false; manual_hold=false; language=English; update_date=2025-09-23T00:00:00+00:00; tips=; details=; offer=
1658,b86bf9f6-2804-4a4a-950a-ae499bfbb477,lxx_ai,tezbookmarking.com,https://tezbookmarking.com/,24,0,General,unknown,45,lxx_link=https://tezbookmarking.com/; lxx_link_type=Dofollow; lxx_paid=false; manual_hold=false; language=English; update_date=2025-09-23T00:00:00+00:00; tips=; details=; offer=
1659,d79b86de-d196-46d4-bb21-24170c3eef32,lxx_ai,edexy.com,https://edexy.com/,23,0,General,unknown,45,lxx_link=https://edexy.com/; lxx_link_type=Dofollow; lxx_paid=false; manual_hold=false; language=English; update_date=2025-09-23T00:00:00+00:00; tips=; details=; offer=
1660,76a9f20b-1c67-4ade-a994-4bb53987bd7c,lxx_ai,peoplebookmarks.com,https://peoplebookmarks.com/,23,35081,General,unknown,45,lxx_link=https://peoplebookmarks.com/; lxx_link_type=Dofollow; lxx_paid=false; manual_hold=false; language=English; update_date=2025-09-23T00:00:00+00:00; tips=; details=; offer=
1661,d43e488f-e8f9-410a-a98b-ee3afcfa7345,lxx_ai,urlvotes.com,https://urlvotes.com/,23,9283,General,unknown,45,lxx_link=https://urlvotes.com/; lxx_link_type=Dofollow; lxx_paid=false; manual_hold=false; language=English; update_date=2025-09-23T00:00:00+00:00; tips=; details=; offer=
1662,e99cd088-cff4-472a-8e8a-a83ba6081b8b,lxx_ai,vzturl.com,https://vzturl.com/,23,0,General,unknown,45,lxx_link=https://vzturl.com/; lxx_link_type=Dofollow; lxx_paid=false; manual_hold=false; language=English; update_date=2025-09-23T00:00:00+00:00; tips=; details=; offer=
1663,9a9d7bb2-3676-4de3-9d04-ad16e3b49581,lxx_ai,tuugo.cz,https://tuugo.cz/,22,0,General,unknown,45,lxx_link=https://tuugo.cz/; lxx_link_type=Dofollow; lxx_paid=false; manual_hold=false; language=English; update_date=2025-09-23T00:00:00+00:00; tips=; details=; offer=
1664,86dccb86-5a5d-4880-bd8e-2f970a136e0f,lxx_ai,tuugo.jp,https://tuugo.jp/,22,0,General,unknown,45,lxx_link=https://tuugo.jp/; lxx_link_type=Dofollow; lxx_paid=false; manual_hold=false; language=English; update_date=2025-09-23T00:00:00+00:00; tips=; details=; offer=
1665,a4e40066-b3ab-4e7c-90b3-9cec53e68a82,lxx_ai,tuugo.pl,https://tuugo.pl/,22,443,General,unknown,45,lxx_link=https://tuugo.pl/; lxx_link_type=Dofollow; lxx_paid=false; manual_hold=false; language=English; update_date=2025-09-23T00:00:00+00:00; tips=; details=; offer=
1666,98381375-8407-4a89-8059-d627e9ce84f6,lxx_ai,bookmarkbid.com,https://bookmarkbid.com/,21,7437,General,unknown,45,lxx_link=https://bookmarkbid.com/; lxx_link_type=Dofollow; lxx_paid=false; manual_hold=false; language=English; update_date=2025-09-23T00:00:00+00:00; tips=; details=; offer=
1667,0688f3bd-5599-4eea-aeec-ac6d1c70a7fd,lxx_ai,bookmarkinbox.info,https://bookmarkinbox.info/,21,15963,General,unknown,45,lxx_link=https://bookmarkinbox.info/; lxx_link_type=Dofollow; lxx_paid=false; manual_hold=false; language=English; update_date=2025-09-23T00:00:00+00:00; tips=; details=; offer=
1668,b7d790a6-215e-4bfa-be64-8e4a4b54b8ab,lxx_ai,bookmarkset.com,https://bookmarkset.com/,21,18008,General,unknown,45,lxx_link=https://bookmarkset.com/; lxx_link_type=Dofollow; lxx_paid=false; manual_hold=false; language=English; update_date=2025-09-23T00:00:00+00:00; tips=; details=; offer=
1669,c13075e7-4dbd-4865-9732-b7088b6742fb,lxx_ai,businessfollow.com,https://businessfollow.com/,21,9557,General,unknown,45,lxx_link=https://businessfollow.com/; lxx_link_type=Dofollow; lxx_paid=false; manual_hold=false; language=English; update_date=2025-09-23T00:00:00+00:00; tips=; details=; offer=
1670,bfea7a53-e8fe-49af-bc7f-8706268ef6ae,lxx_ai,corpbookmarks.com,https://corpbookmarks.com/,21,317,General,unknown,45,lxx_link=https://corpbookmarks.com/; lxx_link_type=Dofollow; lxx_paid=false; manual_hold=false; language=English; update_date=2025-09-23T00:00:00+00:00; tips=; details=; offer=
1671,46de66ac-107a-4832-9355-18bdb3c53b4c,lxx_ai,cosap.org,https://cosap.org/,21,0,General,unknown,45,lxx_link=https://cosap.org/; lxx_link_type=Dofollow; lxx_paid=false; manual_hold=false; language=English; update_date=2025-09-23T00:00:00+00:00; tips=; details=; offer=
1672,d0584a62-457a-41c6-bd70-eb5698fb63f4,lxx_ai,digitalagencyservices.xyz,https://digitalagencyservices.xyz/,21,0,General,unknown,45,lxx_link=https://digitalagencyservices.xyz/; lxx_link_type=Dofollow; lxx_paid=false; manual_hold=false; language=English; update_date=2025-09-23T00:00:00+00:00; tips=; details=; offer=
1673,ebb897b3-f9fb-44d0-90b6-58058b737732,lxx_ai,jobs.postandbim.com,https://jobs.postandbim.com/,21,0,General,unknown,45,lxx_link=https://jobs.postandbim.com/; lxx_link_type=Dofollow; lxx_paid=false; manual_hold=false; language=English; update_date=2025-09-23T00:00:00+00:00; tips=; details=; offer=
1674,1c6b69f0-607f-4edb-8e1a-db280345d3c3,lxx_ai,jobsmotive.com,https://jobsmotive.com/,21,10738,General,unknown,45,lxx_link=https://jobsmotive.com/; lxx_link_type=Dofollow; lxx_paid=false; manual_hold=false; language=English; update_date=2025-09-23T00:00:00+00:00; tips=; details=; offer=
1675,9f3fe6ea-e615-4770-af1c-c8e94e9941f5,lxx_ai,techbookmarks.com,https://techbookmarks.com/,21,665,General,unknown,45,lxx_link=https://techbookmarks.com/; lxx_link_type=Dofollow; lxx_paid=false; manual_hold=false; language=English; update_date=2025-09-23T00:00:00+00:00; tips=; details=; offer=
1676,5a7feefb-293a-4347-98b9-543d4bb57e44,lxx_ai,tuugo.in.th,https://tuugo.in.th/,21,0,General,unknown,45,lxx_link=https://tuugo.in.th/; lxx_link_type=Dofollow; lxx_paid=false; manual_hold=false; language=English; update_date=2025-09-23T00:00:00+00:00; tips=; details=; offer=
1677,73e929e2-5d14-4f11-a717-13f80f7a3313,lxx_ai,tuugo.se,https://tuugo.se/,21,0,General,unknown,45,lxx_link=https://tuugo.se/; lxx_link_type=Dofollow; lxx_paid=false; manual_hold=false; language=English; update_date=2025-09-23T00:00:00+00:00; tips=; details=; offer=
1678,3be9dc2f-c3d6-4c31-b9c3-dd193014aa64,lxx_ai,ultrabookmarks.com,https://ultrabookmarks.com/,21,8606,General,unknown,45,lxx_link=https://ultrabookmarks.com/; lxx_link_type=Dofollow; lxx_paid=false; manual_hold=false; language=English; update_date=2025-09-23T00:00:00+00:00; tips=; details=; offer=
1679,0685d87b-9647-4864-a244-b64369c2deb3,lxx_ai,businessveyor.com,https://businessveyor.com/,20,2360,General,unknown,45,lxx_link=https://businessveyor.com/; lxx_link_type=Dofollow; lxx_paid=false; manual_hold=false; language=English; update_date=2025-09-23T00:00:00+00:00; tips=; details=; offer=
1680,69482243-1efe-4dd5-8c43-68f8cee053eb,lxx_ai,corpvotes.com,https://corpvotes.com/,20,16922,General,unknown,45,lxx_link=https://corpvotes.com/; lxx_link_type=Dofollow; lxx_paid=false; manual_hold=false; language=English; update_date=2025-09-23T00:00:00+00:00; tips=; details=; offer=
1681,a569ea0d-cad7-4a3d-b0cb-4bf45e924915,lxx_ai,iloggo.com,https://iloggo.com/,20,0,General,unknown,45,lxx_link=https://iloggo.com/; lxx_link_type=Dofollow; lxx_paid=false; manual_hold=false; language=English; update_date=2025-09-23T00:00:00+00:00; tips=; details=; offer=
1682,98212014-0d22-4b22-a945-ffa3a69c7d77,lxx_ai,insertarticles.info,https://insertarticles.info/,20,0,General,unknown,45,lxx_link=https://insertarticles.info/; lxx_link_type=Dofollow; lxx_paid=false; manual_hold=false; language=English; update_date=2025-09-23T00:00:00+00:00; tips=; details=; offer=
1683,cf66c160-7c51-4d5f-99df-b5bebd6f4772,lxx_ai,instantbookmarks.com,https://instantbookmarks.com/,20,16860,General,unknown,45,lxx_link=https://instantbookmarks.com/; lxx_link_type=Dofollow; lxx_paid=false; manual_hold=false; language=English; update_date=2025-09-23T00:00:00+00:00; tips=; details=; offer=
1684,d29e56c5-7382-4696-9ef2-c8973f8d4e7b,lxx_ai,instantlinks.online,https://instantlinks.online/,20,0,General,unknown,45,lxx_link=https://instantlinks.online/; lxx_link_type=Dofollow; lxx_paid=false; manual_hold=false; language=English; update_date=2025-09-23T00:00:00+00:00; tips=; details=; offer=
1685,157668b3-9edf-4ad7-b1dc-b8381b12d5d9,lxx_ai,peertube.pontostroy.gq,https://peertube.pontostroy.gq/,20,0,General,unknown,45,lxx_link=https://peertube.pontostroy.gq/; lxx_link_type=Dofollow; lxx_paid=false; manual_hold=false; language=English; update_date=2025-09-23T00:00:00+00:00; tips=; details=; offer=
1686,377bff45-2ee9-4838-b4d4-51e18892bfcb,lxx_ai,sudobookmarks.com,https://sudobookmarks.com/,20,3883,General,unknown,45,lxx_link=https://sudobookmarks.com/; lxx_link_type=Dofollow; lxx_paid=false; manual_hold=false; language=English; update_date=2025-09-23T00:00:00+00:00; tips=; details=; offer=
1687,d9396355-22b7-450d-891c-db2053a67dcb,lxx_ai,sudobusiness.com,https://sudobusiness.com/,20,7093,General,unknown,45,lxx_link=https://sudobusiness.com/; lxx_link_type=Dofollow; lxx_paid=false; manual_hold=false; language=English; update_date=2025-09-23T00:00:00+00:00; tips=; details=; offer=
1688,3e597a05-45cb-4357-b45d-63f395ac2a11,lxx_ai,thebookmarkworld.com,https://thebookmarkworld.com/,20,0,General,unknown,45,lxx_link=https://thebookmarkworld.com/; lxx_link_type=Dofollow; lxx_paid=false; manual_hold=false; language=English; update_date=2025-09-23T00:00:00+00:00; tips=; details=; offer=
1689,82834ef9-3f50-403d-9ca6-479513bfa0da,lxx_ai,trodl.com,https://trodl.com/,20,0,Blockchain,unknown,45,lxx_link=https://trodl.com/; lxx_link_type=Dofollow; lxx_paid=false; manual_hold=false; language=English; update_date=2025-09-23T00:00:00+00:00; tips=; details=; offer=
1690,5ac303aa-1b5c-4415-aa4b-867ae5ac1684,lxx_ai,freeadstime.org,https://freeadstime.org/,57,200655,General,classified,43,lxx_link=https://freeadstime.org/; lxx_link_type=Nofollow; lxx_paid=false; manual_hold=false; language=English; update_date=2025-09-23T00:00:00+00:00; tips=; details=; offer=
1691,1994a7fa-05f3-45cb-839f-e8dbb61ef1a3,lxx_ai,adsansar.com,https://adsansar.com/,48,0,General,classified,43,lxx_link=https://adsansar.com/; lxx_link_type=Nofollow; lxx_paid=false; manual_hold=false; language=English; update_date=2025-09-23T00:00:00+00:00; tips=; details=; offer=
1692,774bb812-f3d0-4684-926b-af7e629f3622,lxx_ai,global-free-classified-ads.com,https://global-free-classified-ads.com/,46,82722,General,classified,43,lxx_link=https://global-free-classified-ads.com/; lxx_link_type=Nofollow; lxx_paid=false; manual_hold=false; language=English; update_date=2025-09-23T00:00:00+00:00; tips=; details=; offer=
1693,bfecae02-6b03-409a-9093-26cc4948ecc4,lxx_ai,g2.com,https://www.g2.com/,91,2380650,SaaS,directory,40,lxx_link=https://www.g2.com/; lxx_link_type=Nofollow; lxx_paid=false; manual_hold=true; language=English; update_date=2025-09-23T00:00:00+00:00; tips=; details=; offer=
1694,b9ee5f40-f972-4ba5-b5f1-7f2b18ca13ef,lxx_ai,news.ycombinator.com,https://news.ycombinator.com/,90,12841466,Startup,directory,40,lxx_link=https://news.ycombinator.com/; lxx_link_type=Nofollow; lxx_paid=false; manual_hold=true; language=English; update_date=2025-09-23T00:00:00+00:00; tips=; details=; offer=
1695,1220ea3d-7c13-48a0-a3e5-1b517508330a,lxx_ai,blogs-collection.com,https://blogs-collection.com/,60,7591,Blog,blog_comment,38,lxx_link=https://blogs-collection.com/; lxx_link_type=Nofollow; lxx_paid=false; manual_hold=false; language=English; update_date=2025-09-23T00:00:00+00:00; tips=; details=; offer=
1696,e45ad32d-8ba6-4a67-80e4-50060aefbd66,lxx_ai,bloggalot.com,https://bloggalot.com/,51,3945,General,blog_comment,38,lxx_link=https://bloggalot.com/; lxx_link_type=Nofollow; lxx_paid=false; manual_hold=false; language=English; update_date=2025-09-23T00:00:00+00:00; tips=; details=; offer=
1697,cced6800-deca-485d-868e-c0b01cb88ce8,lxx_ai,blog.shopolop.com,https://blog.shopolop.com/,48,7250,General,blog_comment,38,lxx_link=https://blog.shopolop.com/; lxx_link_type=Nofollow; lxx_paid=false; manual_hold=false; language=English; update_date=2025-09-23T00:00:00+00:00; tips=; details=; offer=
1698,550c444a-6adf-4944-bcde-9f596f51066a,lxx_ai,ismailblogger.com,https://ismailblogger.com/submit-tools/,35,1900,Startup,blog_comment,38,lxx_link=https://ismailblogger.com/submit-tools/; lxx_link_type=Unknown; lxx_paid=false; manual_hold=false; language=English; update_date=2025-05-18T00:00:00+00:00; tips=; details=; offer=
1699,d295bdf8-7f28-4d8c-9023-bde02d64cea6,lxx_ai,discovercloud.com,https://www.discovercloud.com/,39,46292,SaaS,directory,35,lxx_link=https://www.discovercloud.com/; lxx_link_type=Nofollow; lxx_paid=false; manual_hold=false; language=English; update_date=2025-09-23T00:00:00+00:00; tips=; details=; offer=
1700,3ea52e32-a314-4546-9bfe-03d3d379428c,lxx_ai,launched.io,https://launched.io/,38,13555,Startup,directory,35,lxx_link=https://launched.io/; lxx_link_type=Nofollow; lxx_paid=false; manual_hold=false; language=English; update_date=2025-09-23T00:00:00+00:00; tips=; details=; offer=
1701,0b4abaf0-b715-48a5-a194-22fcc8c0a2e8,lxx_ai,leapin.com.au,https://www.leapin.com.au/provider-network-directory/,38,39758,Doctor,directory,35,lxx_link=https://www.leapin.com.au/provider-network-directory/; lxx_link_type=Nofollow; lxx_paid=false; manual_hold=false; language=English; update_date=2025-09-23T00:00:00+00:00; tips=; details=; offer=
1702,1b970a6c-d8f1-4da3-a1c5-8afe55c5ae33,lxx_ai,startuplister.com,https://startuplister.com/,38,6440,Startup,directory,35,lxx_link=https://startuplister.com/; lxx_link_type=Nofollow; lxx_paid=false; manual_hold=false; language=English; update_date=2025-09-23T00:00:00+00:00; tips=; details=; offer=
1703,9773149e-c121-430d-95d4-ac82e1e9fea7,lxx_ai,startuplift.com,https://startuplift.com/,37,648,Startup,directory,35,lxx_link=https://startuplift.com/; lxx_link_type=Nofollow; lxx_paid=false; manual_hold=false; language=English; update_date=2025-09-23T00:00:00+00:00; tips=; details=; offer=
1704,6437e89e-6815-4f95-9a52-3711700c7365,lxx_ai,directoryws.com,https://directoryws.com/,36,0,General,directory,35,lxx_link=https://directoryws.com/; lxx_link_type=Nofollow; lxx_paid=false; manual_hold=false; language=English; update_date=2025-09-23T00:00:00+00:00; tips=; details=; offer=
1705,0d06a545-1ba6-4976-b34d-8a9171ecc566,lxx_ai,deals.sourceforge.net,https://deals.sourceforge.net/,34,41477,SaaS,directory,35,lxx_link=https://deals.sourceforge.net/; lxx_link_type=Nofollow; lxx_paid=false; manual_hold=false; language=English; update_date=2025-09-23T00:00:00+00:00; tips=; details=; offer=
1706,32f09bae-a1ae-437a-bed4-a2b9f9602ea1,lxx_ai,thestartupinc.com,https://www.thestartupinc.com/,34,5320,Startup,directory,35,lxx_link=https://www.thestartupinc.com/; lxx_link_type=Nofollow; lxx_paid=false; manual_hold=false; language=English; update_date=2025-09-23T00:00:00+00:00; tips=; details=; offer=
1707,b4cab97a-de4c-40bc-b17f-d64d5c748861,lxx_ai,allstartups.info,https://www.allstartups.info/,33,2492,Startup,directory,35,lxx_link=https://www.allstartups.info/; lxx_link_type=Nofollow; lxx_paid=false; manual_hold=false; language=English; update_date=2025-09-23T00:00:00+00:00; tips=; details=; offer=
1708,96133436-7652-4cae-889e-8021af568e37,lxx_ai,10words.io,https://10words.io/,32,1538,SaaS,directory,35,lxx_link=https://10words.io/; lxx_link_type=Nofollow; lxx_paid=false; manual_hold=false; language=English; update_date=2025-09-23T00:00:00+00:00; tips=; details=; offer=
1709,53d82edd-4a46-4fe8-b628-b4c2bb6e004f,lxx_ai,aiai.tools,https://aiai.tools/submit-ai-tool,31,667,AI Tools Directory,directory,35,lxx_link=https://aiai.tools/; lxx_link_type=Nofollow; lxx_paid=false; manual_hold=false; language=English; update_date=2025-11-03T00:00:00+00:00; tips=https://aiai.tools/submit-ai-tool; details=; offer=
1710,5d15c07c-062d-4ed5-bb44-b653f8356f18,lxx_ai,curiouscheck.com,https://www.curiouscheck.com/business-solutions/,31,665,Software,directory,35,lxx_link=https://www.curiouscheck.com/business-solutions/; lxx_link_type=Nofollow; lxx_paid=false; manual_hold=false; language=English; update_date=2025-09-23T00:00:00+00:00; tips=; details=; offer=
1711,d7b4ceaf-9009-4ed8-abc3-4981b41e95b4,lxx_ai,getworm.com,https://getworm.com/,31,0,Startup,directory,35,lxx_link=https://getworm.com/; lxx_link_type=Nofollow; lxx_paid=false; manual_hold=false; language=German; update_date=2025-09-23T00:00:00+00:00; tips=; details=; offer=
1712,80c711ee-0a1c-47b4-8781-4e0c7f38b955,lxx_ai,myproviderdirectory.com.au,https://www.myproviderdirectory.com.au/,29,2201,Doctor,directory,35,lxx_link=https://www.myproviderdirectory.com.au/; lxx_link_type=Nofollow; lxx_paid=false; manual_hold=false; language=English; update_date=2025-09-23T00:00:00+00:00; tips=; details=; offer=
1713,3796fcc1-e538-43d3-b3ff-ff66d5f9f111,lxx_ai,onemilliondirectory.com,https://onemilliondirectory.com/,28,5542,General,directory,35,lxx_link=https://onemilliondirectory.com/; lxx_link_type=Nofollow; lxx_paid=false; manual_hold=false; language=English; update_date=2025-09-23T00:00:00+00:00; tips=; details=; offer=
1714,d1284dca-e651-4121-81e3-8c576c3a0c06,lxx_ai,betafy.co,https://betafy.co/,26,0,Startup,directory,35,lxx_link=https://betafy.co/; lxx_link_type=Nofollow; lxx_paid=false; manual_hold=false; language=English; update_date=2025-09-23T00:00:00+00:00; tips=; details=; offer=
1715,f3bf6b9d-30aa-46aa-8354-e4354bb77381,lxx_ai,bootstrappers.io,https://bootstrappers.io/,26,233,Startup,directory,35,lxx_link=https://bootstrappers.io/; lxx_link_type=Nofollow; lxx_paid=false; manual_hold=false; language=English; update_date=2025-09-23T00:00:00+00:00; tips=; details=; offer=
1716,470bbbd8-1e92-4f19-837a-a8af20403c71,lxx_ai,sideprojects.net,https://sideprojects.net/,26,825,Startup,directory,35,lxx_link=https://sideprojects.net/; lxx_link_type=Nofollow; lxx_paid=false; manual_hold=false; language=English; update_date=2025-09-23T00:00:00+00:00; tips=; details=; offer=
1717,293d99d1-d462-4a50-b088-2b3e98157dcd,lxx_ai,acewebdirectory.com,https://www.acewebdirectory.com/,25,3227,General,directory,35,lxx_link=https://www.acewebdirectory.com/; lxx_link_type=Nofollow; lxx_paid=false; manual_hold=false; language=English; update_date=2025-09-23T00:00:00+00:00; tips=; details=; offer=
1718,b534b119-6620-43da-8f82-6ba83027ee90,lxx_ai,startupcosts.co,https://www.startupcosts.co/,25,0,Startup,directory,35,lxx_link=https://www.startupcosts.co/; lxx_link_type=Nofollow; lxx_paid=false; manual_hold=false; language=English; update_date=2025-09-23T00:00:00+00:00; tips=; details=; offer=
1719,dd6b4c74-5938-4256-ac84-77878ccc5bcd,lxx_ai,fiddy.co,https://fiddy.co/,24,1147,Startup,directory,35,lxx_link=https://fiddy.co/; lxx_link_type=Nofollow; lxx_paid=false; manual_hold=false; language=English; update_date=2025-09-23T00:00:00+00:00; tips=; details=; offer=
1720,b0953248-df65-49c4-a79d-fc949daa27df,lxx_ai,startupcollections.com,https://startupcollections.com/,24,5367,Startup,directory,35,lxx_link=https://startupcollections.com/; lxx_link_type=Nofollow; lxx_paid=false; manual_hold=false; language=English; update_date=2025-09-23T00:00:00+00:00; tips=; details=; offer=
1721,9c371ebc-8f22-42f5-b922-8b21b49ff9fb,lxx_ai,owwly.com,https://owwly.com/,23,8781,Startup,directory,35,lxx_link=https://owwly.com/; lxx_link_type=Nofollow; lxx_paid=false; manual_hold=false; language=English; update_date=2025-09-23T00:00:00+00:00; tips=; details=; offer=
1722,6fa14ea1-0a94-43b3-8bcf-d9d63061ca47,lxx_ai,saasified.co,https://saasified.co/,22,0,SaaS,directory,35,lxx_link=https://saasified.co/; lxx_link_type=Nofollow; lxx_paid=false; manual_hold=false; language=Arabic; update_date=2025-09-23T00:00:00+00:00; tips=; details=; offer=
1723,f1a8b56c-3861-4eca-be5c-ef4df5bd80ec,lxx_ai,trendystartups.com,https://trendystartups.com/,22,332,Startup,directory,35,lxx_link=https://trendystartups.com/; lxx_link_type=Nofollow; lxx_paid=false; manual_hold=false; language=English; update_date=2025-09-23T00:00:00+00:00; tips=; details=; offer=
1724,7b8b4a41-20ab-433d-9fca-32dc38e1c940,lxx_ai,1888pressrelease.com,https://1888pressrelease.com/,69,26880,General,unknown,30,lxx_link=https://1888pressrelease.com/; lxx_link_type=Nofollow; lxx_paid=false; manual_hold=false; language=English; update_date=2025-09-23T00:00:00+00:00; tips=; details=; offer=
1725,fe5c98c3-ff8f-4593-a8ea-c4fb39b23e21,lxx_ai,androidforums.com,https://androidforums.com/,69,4918,Cell Phone,unknown,30,lxx_link=https://androidforums.com/; lxx_link_type=Nofollow; lxx_paid=false; manual_hold=false; language=English; update_date=2025-09-23T00:00:00+00:00; tips=; details=; offer=
1726,4b852ec5-765a-49af-b0e2-5c91c6342ae1,lxx_ai,chatroll.com,https://chatroll.com/,69,24358,General,unknown,30,lxx_link=https://chatroll.com/; lxx_link_type=Nofollow; lxx_paid=false; manual_hold=false; language=English; update_date=2025-09-23T00:00:00+00:00; tips=; details=; offer=
1727,ee5c25c0-00c2-4e89-822b-c6afd802f55a,lxx_ai,couponbirds.com,https://www.couponbirds.com/,69,1551821,General,unknown,30,lxx_link=https://www.couponbirds.com/; lxx_link_type=Nofollow; lxx_paid=false; manual_hold=false; language=English; update_date=2025-09-23T00:00:00+00:00; tips=; details=; offer=
1728,97592774-7e43-4816-ae9d-57927c41c8ad,lxx_ai,espguitars.com,https://espguitars.com/,69,357458,Music,unknown,30,lxx_link=https://espguitars.com/; lxx_link_type=Nofollow; lxx_paid=false; manual_hold=false; language=English; update_date=2025-09-23T00:00:00+00:00; tips=; details=; offer=
1729,0bde7eaf-7a4c-470c-8c7e-08803c6f6c4c,lxx_ai,forum.grasscity.com,https://forum.grasscity.com/,69,83784,Cannabis,unknown,30,lxx_link=https://forum.grasscity.com/; lxx_link_type=Nofollow; lxx_paid=false; manual_hold=false; language=English; update_date=2025-09-23T00:00:00+00:00; tips=; details=; offer=
1730,701059be-c2f5-44e9-80cb-0a335f599a0d,lxx_ai,good-tutorials.com,https://good-tutorials.com/,69,0,Design,unknown,30,lxx_link=https://good-tutorials.com/; lxx_link_type=Nofollow; lxx_paid=false; manual_hold=false; language=English; update_date=2025-09-23T00:00:00+00:00; tips=; details=; offer=
1731,71b1664e-e69b-473c-a504-872433216146,lxx_ai,hotfrog.co.uk,https://hotfrog.co.uk/,69,32038,General,unknown,30,lxx_link=https://hotfrog.co.uk/; lxx_link_type=Nofollow; lxx_paid=false; manual_hold=false; language=English; update_date=2025-09-23T00:00:00+00:00; tips=; details=; offer=
1732,f086ba82-cf03-4766-b431-07dccbc4369e,lxx_ai,mouthshut.com,https://mouthshut.com/,69,1777659,General,unknown,30,lxx_link=https://mouthshut.com/; lxx_link_type=Nofollow; lxx_paid=false; manual_hold=false; language=English; update_date=2025-09-23T00:00:00+00:00; tips=; details=; offer=
1733,99d5b58c-8632-4eae-905b-a7a749181c9b,lxx_ai,onlineprnews.com,https://onlineprnews.com/,69,0,General,unknown,30,lxx_link=https://onlineprnews.com/; lxx_link_type=Nofollow; lxx_paid=false; manual_hold=false; language=English; update_date=2025-09-23T00:00:00+00:00; tips=; details=; offer=
1734,fc9113e9-1705-4d2b-bc45-12f81447ba8a,lxx_ai,skyrock.com,https://skyrock.com/,69,31983,General,unknown,30,lxx_link=https://skyrock.com/; lxx_link_type=Nofollow; lxx_paid=false; manual_hold=false; language=French; update_date=2025-09-23T00:00:00+00:00; tips=; details=; offer=
1735,9a391ac3-d155-43eb-831f-6c53e59fff4b,lxx_ai,sqworl.com,https://sqworl.com/,69,35,Education,unknown,30,lxx_link=https://sqworl.com/; lxx_link_type=Nofollow; lxx_paid=false; manual_hold=false; language=English; update_date=2025-09-23T00:00:00+00:00; tips=; details=; offer=
1736,e9761afa-368f-42bc-9801-ecc98c218dcd,lxx_ai,stepstone.com,https://stepstone.com/,69,140892,General,unknown,30,lxx_link=https://stepstone.com/; lxx_link_type=Nofollow; lxx_paid=false; manual_hold=false; language=English; update_date=2025-09-23T00:00:00+00:00; tips=; details=; offer=
1737,6106c68a-9def-4493-af41-8f97d3c7d362,lxx_ai,twingly.com,https://twingly.com/,69,16962,General,unknown,30,lxx_link=https://twingly.com/; lxx_link_type=Nofollow; lxx_paid=false; manual_hold=false; language=English; update_date=2025-09-23T00:00:00+00:00; tips=; details=; offer=
1738,bc4c7443-bb69-4932-b652-53ff762059c5,lxx_ai,8notes.com,https://8notes.com/f/,68,451402,Music,unknown,30,lxx_link=https://8notes.com/f/; lxx_link_type=Nofollow; lxx_paid=false; manual_hold=false; language=English; update_date=2025-09-23T00:00:00+00:00; tips=; details=; offer=
1739,1fe9ca03-a841-47da-a1cc-b678184042ce,lxx_ai,acorndomains.co.uk,https://acorndomains.co.uk/,68,8393,Domains Name,unknown,30,lxx_link=https://acorndomains.co.uk/; lxx_link_type=Nofollow; lxx_paid=false; manual_hold=false; language=English; update_date=2025-09-23T00:00:00+00:00; tips=; details=; offer=
1740,35208b3e-8421-4e77-b7c9-716b9cc19f39,lxx_ai,eternagame.org,https://eternagame.org/,68,23897,General,unknown,30,lxx_link=https://eternagame.org/; lxx_link_type=Nofollow; lxx_paid=false; manual_hold=false; language=English; update_date=2025-09-23T00:00:00+00:00; tips=; details=; offer=
1741,c5db09a8-841d-4ccf-8edd-2dbc777c30b7,lxx_ai,forums.taleworlds.com,https://forums.taleworlds.com/index.php?forums/,68,560715,Gaming,unknown,30,lxx_link=https://forums.taleworlds.com/index.php?forums/; lxx_link_type=Nofollow; lxx_paid=false; manual_hold=false; language=English; update_date=2025-09-23T00:00:00+00:00; tips=; details=; offer=
1742,192bec81-7fea-42b1-928b-a3cd40ec4a06,lxx_ai,gigablast.com,https://gigablast.com/,68,3652,Search Engine,unknown,30,lxx_link=https://gigablast.com/; lxx_link_type=Nofollow; lxx_paid=false; manual_hold=false; language=English; update_date=2025-09-23T00:00:00+00:00; tips=; details=; offer=
1743,ed663c07-1bcf-409d-a773-b832ed76743a,lxx_ai,healthshare.com.au,https://www.healthshare.com.au/,68,847914,Doctor,unknown,30,lxx_link=https://www.healthshare.com.au/; lxx_link_type=Nofollow; lxx_paid=false; manual_hold=false; language=English; update_date=2025-09-23T00:00:00+00:00; tips=; details=; offer=
1744,f078b1b4-af0d-4056-be85-1454ece2eb0e,lxx_ai,netboard.me,https://netboard.me/,68,85093,General,unknown,30,lxx_link=https://netboard.me/; lxx_link_type=Nofollow; lxx_paid=false; manual_hold=false; language=English; update_date=2025-09-23T00:00:00+00:00; tips=; details=; offer=
1745,a6960dc9-060e-4c60-920c-cd1f9795ece0,lxx_ai,picturepush.com,https://picturepush.com/,68,15130,General,unknown,30,lxx_link=https://picturepush.com/; lxx_link_type=Nofollow; lxx_paid=false; manual_hold=false; language=English; update_date=2025-09-23T00:00:00+00:00; tips=; details=; offer=
1746,887ee5fe-d6ec-4be4-84c0-e4c2d22c97b5,lxx_ai,pressat.co.uk,https://pressat.co.uk/,68,36975,General,unknown,30,lxx_link=https://pressat.co.uk/; lxx_link_type=Nofollow; lxx_paid=false; manual_hold=false; language=English; update_date=2025-09-23T00:00:00+00:00; tips=; details=; offer=
1747,51dbd87f-dabe-4351-81da-192e9c041201,lxx_ai,projectlibre.com,https://projectlibre.com/,68,139126,General,unknown,30,lxx_link=https://projectlibre.com/; lxx_link_type=Nofollow; lxx_paid=false; manual_hold=false; language=English; update_date=2025-09-23T00:00:00+00:00; tips=; details=; offer=
1748,697f452a-f138-43a6-ac08-28baa4b86d8d,lxx_ai,rc-network.de,https://rc-network.de/,68,532635,Scale Model,unknown,30,lxx_link=https://rc-network.de/; lxx_link_type=Nofollow; lxx_paid=false; manual_hold=false; language=German; update_date=2025-09-23T00:00:00+00:00; tips=; details=; offer=
1749,e0814e97-5b65-429d-b44f-77880d2dda93,lxx_ai,sooperarticles.com,https://sooperarticles.com/,68,49379,General,unknown,30,lxx_link=https://sooperarticles.com/; lxx_link_type=Nofollow; lxx_paid=false; manual_hold=false; language=English; update_date=2025-09-23T00:00:00+00:00; tips=; details=; offer=
1750,c9b3f1c9-8633-4acb-95f2-d2c64c8b25c8,lxx_ai,talk.collegeconfidential.com,https://talk.collegeconfidential.com/,68,890522,Education,unknown,30,lxx_link=https://talk.collegeconfidential.com/; lxx_link_type=Nofollow; lxx_paid=false; manual_hold=false; language=English; update_date=2025-09-23T00:00:00+00:00; tips=; details=; offer=
1751,29cb5a53-1dc3-42dc-a7c2-fc66326ec009,lxx_ai,thetoptens.com,https://thetoptens.com/,68,910712,General,unknown,30,lxx_link=https://thetoptens.com/; lxx_link_type=Nofollow; lxx_paid=false; manual_hold=false; language=English; update_date=2025-09-23T00:00:00+00:00; tips=; details=; offer=
1752,25519fee-785e-461e-a039-61f0acd47120,lxx_ai,wallpapersafari.com,https://wallpapersafari.com/,68,1692790,General,unknown,30,lxx_link=https://wallpapersafari.com/; lxx_link_type=Nofollow; lxx_paid=false; manual_hold=false; language=English; update_date=2025-09-23T00:00:00+00:00; tips=; details=; offer=
1753,08c61823-e73c-416b-9d7c-fca7418a7db9,lxx_ai,yalwa.com,https://www.yalwa.com/,68,0,General,unknown,30,lxx_link=https://www.yalwa.com/; lxx_link_type=Nofollow; lxx_paid=false; manual_hold=false; language=English; update_date=2025-09-23T00:00:00+00:00; tips=; details=; offer=
1754,c40d4906-466b-4f52-8cf2-cfca3448131c,lxx_ai,forum.lavorincasa.it,https://forum.lavorincasa.it/edilizio/,67,23091,Architecture,unknown,30,lxx_link=https://forum.lavorincasa.it/edilizio/; lxx_link_type=Nofollow; lxx_paid=false; manual_hold=false; language=Italian; update_date=2025-09-23T00:00:00+00:00; tips=; details=; offer=
1755,4449b9f9-2180-4b4a-bb4d-2d50d480f192,lxx_ai,forums.vintagefashionguild.org,https://forums.vintagefashionguild.org/,67,48244,Fashion,unknown,30,lxx_link=https://forums.vintagefashionguild.org/; lxx_link_type=Nofollow; lxx_paid=false; manual_hold=false; language=English; update_date=2025-09-23T00:00:00+00:00; tips=; details=; offer=
1756,a5651df8-3023-4ff7-baf4-34a890789370,lxx_ai,hoobly.com,https://hoobly.com/,67,467446,General,unknown,30,lxx_link=https://hoobly.com/; lxx_link_type=Nofollow; lxx_paid=false; manual_hold=false; language=English; update_date=2025-09-23T00:00:00+00:00; tips=; details=; offer=
1757,616f3a99-624e-426e-8b28-941378c053ed,lxx_ai,krachelart.com,https://krachelart.com/,67,0,art,unknown,30,lxx_link=https://krachelart.com/; lxx_link_type=Nofollow; lxx_paid=false; manual_hold=false; language=English; update_date=2025-09-23T00:00:00+00:00; tips=; details=; offer=
1758,c7557cac-612b-407d-972a-3b78c0d5d3de,lxx_ai,landingfolio.com,https://www.landingfolio.com/,67,293227,General,unknown,30,lxx_link=https://www.landingfolio.com/; lxx_link_type=Nofollow; lxx_paid=false; manual_hold=false; language=English; update_date=2025-09-23T00:00:00+00:00; tips=; details=; offer=
1759,13298a5e-db08-4a85-8605-7bb1540d2968,lxx_ai,lavorincasa.it,https://www.lavorincasa.it/,67,149442,Architecture,unknown,30,lxx_link=https://www.lavorincasa.it/; lxx_link_type=Nofollow; lxx_paid=false; manual_hold=false; language=Italian; update_date=2025-09-23T00:00:00+00:00; tips=; details=; offer=
1760,c60bedb0-7bda-44ec-b1e2-530ac1e398d0,lxx_ai,topionetworks.com,https://www.topionetworks.com/,67,8077,Social,unknown,30,lxx_link=https://www.topionetworks.com/; lxx_link_type=Nofollow; lxx_paid=false; manual_hold=false; language=English; update_date=2025-09-23T00:00:00+00:00; tips=; details=; offer=
1761,9e0a07de-9798-4197-9473-33566d2c2d73,lxx_ai,agreatertown.com,https://agreatertown.com/,66,106916,General,unknown,30,lxx_link=https://agreatertown.com/; lxx_link_type=Nofollow; lxx_paid=false; manual_hold=false; language=English; update_date=2025-09-23T00:00:00+00:00; tips=; details=; offer=
1762,e2ac98d6-77b7-463b-969b-2b990b14b6f1,lxx_ai,avoindata.fi,https://www.avoindata.fi/,66,16262,General,unknown,30,lxx_link=https://www.avoindata.fi/; lxx_link_type=Nofollow; lxx_paid=false; manual_hold=false; language=Finnish; update_date=2025-09-23T00:00:00+00:00; tips=; details=; offer=
1763,1f6c9ac2-eda9-4ca4-a4bf-067cb28e34bf,lxx_ai,coolinfographics.com,https://coolinfographics.com/,66,75184,General,unknown,30,lxx_link=https://coolinfographics.com/; lxx_link_type=Nofollow; lxx_paid=false; manual_hold=false; language=English; update_date=2025-09-23T00:00:00+00:00; tips=; details=; offer=
1764,93fbba99-1b26-445f-82ab-675ae7e7dde2,lxx_ai,cylex-locale.fr,https://www.cylex-locale.fr/,66,229422,General,unknown,30,lxx_link=https://www.cylex-locale.fr/; lxx_link_type=Nofollow; lxx_paid=false; manual_hold=false; language=English; update_date=2025-09-23T00:00:00+00:00; tips=; details=; offer=
1765,82a121bc-209d-4bc4-b9c5-4bcd68427932,lxx_ai,enworld.org,https://enworld.org/,66,1006371,gaming,unknown,30,lxx_link=https://enworld.org/; lxx_link_type=Nofollow; lxx_paid=false; manual_hold=false; language=English; update_date=2025-09-23T00:00:00+00:00; tips=; details=; offer=
1766,cdfac5cc-a754-4ec1-a28e-9a3fb8f0eaac,lxx_ai,find-open.com,https://find-open.com/,66,71091,General,unknown,30,lxx_link=https://find-open.com/; lxx_link_type=Nofollow; lxx_paid=false; manual_hold=false; language=English; update_date=2025-09-23T00:00:00+00:00; tips=; details=; offer=
1767,6f81aeef-9d8c-442a-bbf6-2a2958af6487,lxx_ai,indexa.fr,https://indexa.fr/,66,8582,General,unknown,30,lxx_link=https://indexa.fr/; lxx_link_type=Nofollow; lxx_paid=false; manual_hold=false; language=French; update_date=2025-09-23T00:00:00+00:00; tips=; details=; offer=
1768,672478e0-3daa-4489-bfb2-23ac60375779,lxx_ai,infographicjournal.com,https://infographicjournal.com/,66,13021,General,unknown,30,lxx_link=https://infographicjournal.com/; lxx_link_type=Nofollow; lxx_paid=false; manual_hold=false; language=English; update_date=2025-09-23T00:00:00+00:00; tips=; details=; offer=
1769,e196cfde-5cb9-4b6e-a39a-191f26e09b0f,lxx_ai,mehfeel.net,https://mehfeel.net/,66,0,General,unknown,30,lxx_link=https://mehfeel.net/; lxx_link_type=Nofollow; lxx_paid=false; manual_hold=false; language=English; update_date=2025-09-23T00:00:00+00:00; tips=; details=; offer=
1770,4634329a-1074-4c8a-b659-01b2ee216a1e,lxx_ai,photographytalk.com,https://photographytalk.com/,66,65139,Photography,unknown,30,lxx_link=https://photographytalk.com/; lxx_link_type=Nofollow; lxx_paid=false; manual_hold=false; language=English; update_date=2025-09-23T00:00:00+00:00; tips=; details=; offer=
1771,5dacf0a5-d358-40dc-90a8-3d29daa3360c,lxx_ai,stepstone.at,https://stepstone.at/,66,765686,General,unknown,30,lxx_link=https://stepstone.at/; lxx_link_type=Nofollow; lxx_paid=false; manual_hold=false; language=German; update_date=2025-09-23T00:00:00+00:00; tips=; details=; offer=
1772,1aefa4cb-96ae-494b-a5c5-cd3376d276b2,lxx_ai,styleforum.net,https://styleforum.net/,66,607493,Fashion,unknown,30,lxx_link=https://styleforum.net/; lxx_link_type=Nofollow; lxx_paid=false; manual_hold=false; language=English; update_date=2025-09-23T00:00:00+00:00; tips=; details=; offer=
1773,e95248b0-8441-4a87-a2bd-52aba6ca2f34,lxx_ai,zeleur.com,https://www.zeleur.com/,66,281,General,unknown,30,lxx_link=https://www.zeleur.com/; lxx_link_type=Nofollow; lxx_paid=false; manual_hold=false; language=French; update_date=2025-09-23T00:00:00+00:00; tips=; details=; offer=
1774,96517b8e-726d-47e5-a6a2-a415eb364e3b,lxx_ai,118000.fr,https://www.118000.fr/,65,603106,General,unknown,30,lxx_link=https://www.118000.fr/; lxx_link_type=Nofollow; lxx_paid=false; manual_hold=false; language=French; update_date=2025-09-23T00:00:00+00:00; tips=; details=; offer=
1775,588ac00b-90bd-4ba9-b260-6a2bd50675c9,lxx_ai,118000.fr,https://118000.fr/,65,603106,General,unknown,30,lxx_link=https://118000.fr/; lxx_link_type=Nofollow; lxx_paid=false; manual_hold=false; language=French; update_date=2025-09-23T00:00:00+00:00; tips=; details=; offer=
1776,8262e6f2-7d1c-459e-a4b2-c2a1232e1875,lxx_ai,anoox.com,https://anoox.com/,65,127,Search Engine,unknown,30,lxx_link=https://anoox.com/; lxx_link_type=Nofollow; lxx_paid=false; manual_hold=false; language=English; update_date=2025-09-23T00:00:00+00:00; tips=; details=; offer=
1777,6439842d-fafc-40b7-9c08-6dd4955e36b9,lxx_ai,audiosciencereview.com,https://audiosciencereview.com/forum/index.php,65,1582966,Music,unknown,30,lxx_link=https://audiosciencereview.com/forum/index.php; lxx_link_type=Nofollow; lxx_paid=false; manual_hold=false; language=English; update_date=2025-09-23T00:00:00+00:00; tips=; details=; offer=
1778,bf4b178e-e76e-4009-bf6e-f13421a59624,lxx_ai,europages.com,https://www.europages.com/,65,62795,Bussiness,unknown,30,lxx_link=https://www.europages.com/; lxx_link_type=Nofollow; lxx_paid=false; manual_hold=false; language=English; update_date=2025-09-23T00:00:00+00:00; tips=; details=; offer=
1779,741c612e-5d04-40e2-8620-792531e37a67,lxx_ai,hotfrog.ca,https://hotfrog.ca/,65,2364321,General,unknown,30,lxx_link=https://hotfrog.ca/; lxx_link_type=Nofollow; lxx_paid=false; manual_hold=false; language=English; update_date=2025-09-23T00:00:00+00:00; tips=; details=; offer=
1780,45bfe409-ca1c-4544-863f-d6c6877a0411,lxx_ai,hotfrog.de,https://hotfrog.de/,65,17897,General,unknown,30,lxx_link=https://hotfrog.de/; lxx_link_type=Nofollow; lxx_paid=false; manual_hold=false; language=German; update_date=2025-09-23T00:00:00+00:00; tips=; details=; offer=
1781,d1b04e01-a16e-4a7c-a38a-069528deb2f0,lxx_ai,misterwhat.co.uk,https://www.misterwhat.co.uk/,65,52108,General,unknown,30,lxx_link=https://www.misterwhat.co.uk/; lxx_link_type=Nofollow; lxx_paid=false; manual_hold=false; language=English; update_date=2025-09-23T00:00:00+00:00; tips=; details=; offer=
1782,4e683335-5b35-44e6-9891-c8a55246c64a,lxx_ai,professionearchitetto.it,https://www.professionearchitetto.it/,65,365210,Architecture,unknown,30,lxx_link=https://www.professionearchitetto.it/; lxx_link_type=Nofollow; lxx_paid=false; manual_hold=false; language=Italian; update_date=2025-09-23T00:00:00+00:00; tips=; details=; offer=
1783,784c8175-8227-446a-96b3-ac1229136041,lxx_ai,thunderbird-mail.de,https://thunderbird-mail.de/forum/,65,179218,Sofware,unknown,30,lxx_link=https://thunderbird-mail.de/forum/; lxx_link_type=Nofollow; lxx_paid=false; manual_hold=false; language=German; update_date=2025-09-23T00:00:00+00:00; tips=; details=; offer=
1784,07fc036e-6fc7-43f2-b5ff-5dba5799e662,lxx_ai,vcfed.org,https://vcfed.org/forum/,65,163943,Consumer,unknown,30,lxx_link=https://vcfed.org/forum/; lxx_link_type=Nofollow; lxx_paid=false; manual_hold=false; language=English; update_date=2025-09-23T00:00:00+00:00; tips=; details=; offer=
1785,79dd5550-45ba-4e77-867a-1db8102cf57e,lxx_ai,wiznotes.com,https://wiznotes.com/,65,0,General,unknown,30,lxx_link=https://wiznotes.com/; lxx_link_type=Nofollow; lxx_paid=false; manual_hold=false; language=English; update_date=2025-09-23T00:00:00+00:00; tips=; details=; offer=
1786,3bfdedcb-6772-4dd5-96a3-c07418457d97,lxx_ai,atlas.dustforce.com,https://atlas.dustforce.com/,64,0,Gaming,unknown,30,lxx_link=https://atlas.dustforce.com/; lxx_link_type=Nofollow; lxx_paid=false; manual_hold=false; language=English; update_date=2025-09-23T00:00:00+00:00; tips=; details=; offer=
1787,0f80707e-eaaa-4fec-beb0-9e8af21326d6,lxx_ai,data-bass.ipbhost.com,https://data-bass.ipbhost.com/,64,2570,Music,unknown,30,lxx_link=https://data-bass.ipbhost.com/; lxx_link_type=Nofollow; lxx_paid=false; manual_hold=false; language=English; update_date=2025-09-23T00:00:00+00:00; tips=; details=; offer=
1788,bc5b6da1-9115-4371-8d66-9708513b7cf1,lxx_ai,forum.lexulous.com,https://forum.lexulous.com/,64,7941,Gaming,unknown,30,lxx_link=https://forum.lexulous.com/; lxx_link_type=Nofollow; lxx_paid=false; manual_hold=false; language=English; update_date=2025-09-23T00:00:00+00:00; tips=; details=; offer=
1789,bf8aa380-6f16-4ae3-97e9-e31c5903c19e,lxx_ai,qubeshub.org,https://qubeshub.org/,64,41955,Gaming,unknown,30,lxx_link=https://qubeshub.org/; lxx_link_type=Nofollow; lxx_paid=false; manual_hold=false; language=English; update_date=2025-09-23T00:00:00+00:00; tips=; details=; offer=
1790,86c6d215-e12b-4aa3-b71e-90904a0dd2cc,lxx_ai,quponing.com,https://quponing.com/,64,3875,General,unknown,30,lxx_link=https://quponing.com/; lxx_link_type=Nofollow; lxx_paid=false; manual_hold=false; language=English; update_date=2025-09-23T00:00:00+00:00; tips=; details=; offer=
1791,5dc26d2b-6e5c-423e-8698-064cee30483f,lxx_ai,retipster.com,https://retipster.com/forum/,64,65612,Real Estate,unknown,30,lxx_link=https://retipster.com/forum/; lxx_link_type=Nofollow; lxx_paid=false; manual_hold=false; language=English; update_date=2025-09-23T00:00:00+00:00; tips=; details=; offer=
1792,ffae4b4b-46d4-4124-a0ad-ee5789bb0b69,lxx_ai,touristlink.com,https://touristlink.com/,64,20389,Travel,unknown,30,lxx_link=https://touristlink.com/; lxx_link_type=Nofollow; lxx_paid=false; manual_hold=false; language=English; update_date=2025-09-23T00:00:00+00:00; tips=; details=; offer=
1793,9dcd2c4f-0a1e-425f-a256-dfa8fc930777,lxx_ai,trueen.com,https://trueen.com/,64,28520,General,unknown,30,lxx_link=https://trueen.com/; lxx_link_type=Nofollow; lxx_paid=false; manual_hold=false; language=English; update_date=2025-09-23T00:00:00+00:00; tips=; details=; offer=
1794,71808727-984b-4a98-900a-47cf45ca8f10,lxx_ai,webdesignernews.com,https://www.webdesignernews.com/,64,23007,Design,unknown,30,lxx_link=https://www.webdesignernews.com/; lxx_link_type=Nofollow; lxx_paid=false; manual_hold=false; language=English; update_date=2025-09-23T00:00:00+00:00; tips=; details=; offer=
1795,372f35cd-bcd5-4b19-9d83-351aa1ff6703,lxx_ai,aseannow.com,https://aseannow.com/,63,866676,Travel,unknown,30,lxx_link=https://aseannow.com/; lxx_link_type=Nofollow; lxx_paid=false; manual_hold=false; language=English; update_date=2025-09-23T00:00:00+00:00; tips=; details=; offer=
1796,d600f2b3-d85f-447b-97db-844a88099f95,lxx_ai,betapage.co,https://betapage.co/,63,0,general,unknown,30,lxx_link=https://betapage.co/; lxx_link_type=Nofollow; lxx_paid=false; manual_hold=false; language=English; update_date=2025-09-23T00:00:00+00:00; tips=; details=; offer=
1797,f7d59479-60e1-4e4e-96fa-1413a27251c0,lxx_ai,coodoeil.fr,https://www.coodoeil.fr/,63,4110,General,unknown,30,lxx_link=https://www.coodoeil.fr/; lxx_link_type=Nofollow; lxx_paid=false; manual_hold=false; language=French; update_date=2025-09-23T00:00:00+00:00; tips=; details=; offer=
1798,b3310b89-458e-416b-8dc7-c57f67f8c6ef,lxx_ai,easyzoom.com,https://easyzoom.com/,63,135106,General,unknown,30,lxx_link=https://easyzoom.com/; lxx_link_type=Nofollow; lxx_paid=false; manual_hold=false; language=English; update_date=2025-09-23T00:00:00+00:00; tips=; details=; offer=
1799,5ab58a8f-5202-498f-a776-abf680113966,lxx_ai,indiaforums.com,https://indiaforums.com/,63,3645038,General,unknown,30,lxx_link=https://indiaforums.com/; lxx_link_type=Nofollow; lxx_paid=false; manual_hold=false; language=English; update_date=2025-09-23T00:00:00+00:00; tips=; details=; offer=
1800,2efcc77c-062b-4bd7-ade5-2241d2267451,lxx_ai,inkshares.com,https://inkshares.com/,63,21836,Books,unknown,30,lxx_link=https://inkshares.com/; lxx_link_type=Nofollow; lxx_paid=false; manual_hold=false; language=English; update_date=2025-09-23T00:00:00+00:00; tips=; details=; offer=
1801,d2acac17-0cbe-4dea-9ce9-c9c13d6f08b6,lxx_ai,memecenter.com,https://memecenter.com/,63,0,General,unknown,30,lxx_link=https://memecenter.com/; lxx_link_type=Nofollow; lxx_paid=false; manual_hold=false; language=English; update_date=2025-09-23T00:00:00+00:00; tips=; details=; offer=
1802,71af873e-35d6-4c29-87d5-8053b9f0f4b4,lxx_ai,mobissue.com,https://mobissue.com/,63,1553,General,unknown,30,lxx_link=https://mobissue.com/; lxx_link_type=Nofollow; lxx_paid=false; manual_hold=false; language=English; update_date=2025-09-23T00:00:00+00:00; tips=; details=; offer=
1803,e1713853-55e4-417e-abd4-d7ef4bbb3cf2,lxx_ai,overclockers.com,https://overclockers.com/forums/,63,182917,Information,unknown,30,lxx_link=https://overclockers.com/forums/; lxx_link_type=Nofollow; lxx_paid=false; manual_hold=false; language=English; update_date=2025-09-23T00:00:00+00:00; tips=; details=; offer=
1804,71bee6a4-7bae-47df-a50e-a6a9d169233a,lxx_ai,photopeach.com,https://photopeach.com/,63,0,General,unknown,30,lxx_link=https://photopeach.com/; lxx_link_type=Nofollow; lxx_paid=false; manual_hold=false; language=English; update_date=2025-09-23T00:00:00+00:00; tips=; details=; offer=
1805,0fb7a095-0e0a-4252-ae40-3215efc248b9,lxx_ai,pinkpages.com.au,https://pinkpages.com.au/,63,22097,General,unknown,30,lxx_link=https://pinkpages.com.au/; lxx_link_type=Nofollow; lxx_paid=false; manual_hold=false; language=English; update_date=2025-09-23T00:00:00+00:00; tips=; details=; offer=
1806,7e73e319-35a3-4615-a8dc-2349e52c15bf,lxx_ai,reef2reef.com,https://reef2reef.com/,63,1028760,General,unknown,30,lxx_link=https://reef2reef.com/; lxx_link_type=Nofollow; lxx_paid=false; manual_hold=false; language=English; update_date=2025-09-23T00:00:00+00:00; tips=; details=; offer=
1807,db080186-f94f-4a60-82a2-a264cb2999e9,lxx_ai,shroomery.org,https://shroomery.org/forums/,63,595939,Health,unknown,30,lxx_link=https://shroomery.org/forums/; lxx_link_type=Nofollow; lxx_paid=false; manual_hold=false; language=English; update_date=2025-09-23T00:00:00+00:00; tips=; details=; offer=
1808,95521556-10cc-4d28-a712-322c05bce0a2,lxx_ai,somuch.com,https://somuch.com/,63,20473,General,unknown,30,lxx_link=https://somuch.com/; lxx_link_type=Nofollow; lxx_paid=false; manual_hold=false; language=English; update_date=2025-09-23T00:00:00+00:00; tips=; details=; offer=
1809,3964181d-3de3-4dbd-8ad4-53901d22bd1d,lxx_ai,tribeofnoise.com,https://tribeofnoise.com/,63,164711,Music,unknown,30,lxx_link=https://tribeofnoise.com/; lxx_link_type=Nofollow; lxx_paid=false; manual_hold=false; language=English; update_date=2025-09-23T00:00:00+00:00; tips=; details=; offer=
1810,7bccec95-5872-490c-a300-5b1e6a8d3b91,lxx_ai,vuelio.com,https://www.vuelio.com/,63,72431,General,unknown,30,lxx_link=https://www.vuelio.com/; lxx_link_type=Nofollow; lxx_paid=false; manual_hold=false; language=English; update_date=2025-09-23T00:00:00+00:00; tips=; details=; offer=
1811,bd935804-42bd-4102-adcd-cc2f23c2c470,lxx_ai,xplace.com,https://xplace.com/,63,136734,General,unknown,30,lxx_link=https://xplace.com/; lxx_link_type=Nofollow; lxx_paid=false; manual_hold=false; language=Hebrew; update_date=2025-09-23T00:00:00+00:00; tips=; details=; offer=
1812,56c231a2-2d65-41aa-a078-e32233666100,lxx_ai,appszoom.com,https://www.appszoom.com/,62,0,Mobile App,unknown,30,lxx_link=https://www.appszoom.com/; lxx_link_type=Nofollow; lxx_paid=false; manual_hold=false; language=English; update_date=2025-09-23T00:00:00+00:00; tips=; details=; offer=
1813,0592e77a-b8b7-4a29-b6b2-df8cc519d7b6,lxx_ai,cylex-canada.ca,https://www.cylex-canada.ca/,62,55069,General,unknown,30,lxx_link=https://www.cylex-canada.ca/; lxx_link_type=Nofollow; lxx_paid=false; manual_hold=false; language=English; update_date=2025-09-23T00:00:00+00:00; tips=; details=; offer=
1814,301de9d6-55ef-44b2-a31b-5a12537ee5a3,lxx_ai,forum.mrw.it,https://forum.mrw.it/,62,909,Developers,unknown,30,lxx_link=https://forum.mrw.it/; lxx_link_type=Nofollow; lxx_paid=false; manual_hold=false; language=Italian; update_date=2025-09-23T00:00:00+00:00; tips=; details=; offer=
1815,81b78f24-94f9-4323-b31a-ea4c961629c7,lxx_ai,getjealous.com,https://getjealous.com/,62,9893,General,unknown,30,lxx_link=https://getjealous.com/; lxx_link_type=Nofollow; lxx_paid=false; manual_hold=false; language=English; update_date=2025-09-23T00:00:00+00:00; tips=; details=; offer=
1816,a438b73e-6179-498d-bad6-a3c680f1838c,lxx_ai,hotfrog.fr,https://www.hotfrog.fr/,62,9613,General,unknown,30,lxx_link=https://www.hotfrog.fr/; lxx_link_type=Nofollow; lxx_paid=false; manual_hold=false; language=French; update_date=2025-09-23T00:00:00+00:00; tips=; details=; offer=
1817,c4c9cbd0-e058-4a70-b69e-7ef3f0234699,lxx_ai,metalstorm.net,https://metalstorm.net/,62,537317,Music,unknown,30,lxx_link=https://metalstorm.net/; lxx_link_type=Nofollow; lxx_paid=false; manual_hold=false; language=English; update_date=2025-09-23T00:00:00+00:00; tips=; details=; offer=
1818,99905544-6064-4a22-bd07-bba5f8ce4499,lxx_ai,powershow.com,https://powershow.com/,62,125208,General,unknown,30,lxx_link=https://powershow.com/; lxx_link_type=Nofollow; lxx_paid=false; manual_hold=false; language=English; update_date=2025-09-23T00:00:00+00:00; tips=; details=; offer=
1819,a069b601-e050-4d7d-9b69-bef84b39e2fd,lxx_ai,aacc21stcenturycenter.org,https://www.aacc21stcenturycenter.org/,61,2755,General,unknown,30,lxx_link=https://www.aacc21stcenturycenter.org/; lxx_link_type=Nofollow; lxx_paid=false; manual_hold=false; language=English; update_date=2025-09-23T00:00:00+00:00; tips=; details=; offer=
1820,1adb1f97-7603-4b07-ad00-2a7ed307532b,lxx_ai,answerbag.com,https://answerbag.com/,61,77843,General,unknown,30,lxx_link=https://answerbag.com/; lxx_link_type=Nofollow; lxx_paid=false; manual_hold=false; language=English; update_date=2025-09-23T00:00:00+00:00; tips=; details=; offer=
1821,d3ed528b-9aa4-461c-93d1-fec2302a495f,lxx_ai,bigsoccer.com,https://bigsoccer.com/,61,718132,Sports,unknown,30,lxx_link=https://bigsoccer.com/; lxx_link_type=Nofollow; lxx_paid=false; manual_hold=false; language=English; update_date=2025-09-23T00:00:00+00:00; tips=; details=; offer=
1822,8cce87a3-cc7a-4cd3-b140-bfbf74e6f411,lxx_ai,birdforum.net,https://birdforum.net/,61,478081,Photography,unknown,30,lxx_link=https://birdforum.net/; lxx_link_type=Nofollow; lxx_paid=false; manual_hold=false; language=English; update_date=2025-09-23T00:00:00+00:00; tips=; details=; offer=
1823,582fc760-94e3-4b07-bec4-a2abc5898170,lxx_ai,biznesfinder.pl,https://www.biznesfinder.pl/,61,89582,General,unknown,30,lxx_link=https://www.biznesfinder.pl/; lxx_link_type=Nofollow; lxx_paid=false; manual_hold=false; language=Polish; update_date=2025-09-23T00:00:00+00:00; tips=; details=; offer=
1824,0f4fe3cd-e0f9-469a-ba5f-4b1613922571,lxx_ai,coolminiornot.com,https://coolminiornot.com/forums/forum.php,61,72898,Art,unknown,30,lxx_link=https://coolminiornot.com/forums/forum.php; lxx_link_type=Nofollow; lxx_paid=false; manual_hold=false; language=English; update_date=2025-09-23T00:00:00+00:00; tips=; details=; offer=
1825,7ab7098a-6217-4f64-9278-f9f04b315cde,lxx_ai,dino.com.br,https://www.dino.com.br/,61,14372,General,unknown,30,lxx_link=https://www.dino.com.br/; lxx_link_type=Nofollow; lxx_paid=false; manual_hold=false; language=English; update_date=2025-09-23T00:00:00+00:00; tips=; details=; offer=
1826,e2d3f05a-2ee0-41a4-b286-b8ccc66b5330,lxx_ai,fc.lc,https://fc.lc/,61,112742,General,unknown,30,lxx_link=https://fc.lc/; lxx_link_type=Nofollow; lxx_paid=false; manual_hold=false; language=English; update_date=2025-09-23T00:00:00+00:00; tips=; details=; offer=
1827,4cff2f29-bcb3-4739-9fff-a39cf95ed445,lxx_ai,keepcalms.com,https://keepcalms.com/,61,0,General,unknown,30,lxx_link=https://keepcalms.com/; lxx_link_type=Nofollow; lxx_paid=false; manual_hold=false; language=English; update_date=2025-09-23T00:00:00+00:00; tips=; details=; offer=
1828,6573f591-f846-48e1-a108-25f4618ac86b,lxx_ai,sites-internationaux.com,https://www.sites-internationaux.com/,61,621,General,unknown,30,lxx_link=https://www.sites-internationaux.com/; lxx_link_type=Nofollow; lxx_paid=false; manual_hold=false; language=French; update_date=2025-09-23T00:00:00+00:00; tips=; details=; offer=
1829,32a2d9ee-8b24-4b0f-8ade-a7ba370d4c16,lxx_ai,whatsyourhours.com,https://www.whatsyourhours.com/,61,12767,General,unknown,30,lxx_link=https://www.whatsyourhours.com/; lxx_link_type=Nofollow; lxx_paid=false; manual_hold=false; language=English; update_date=2025-09-23T00:00:00+00:00; tips=; details=; offer=
1830,1e7a7251-9ed0-4b62-8360-38641afcf65c,lxx_ai,1abc.org,https://1abc.org/,60,2038,General,unknown,30,lxx_link=https://1abc.org/; lxx_link_type=Nofollow; lxx_paid=false; manual_hold=false; language=English; update_date=2025-09-23T00:00:00+00:00; tips=; details=; offer=
1831,229ed2be-5ed1-49d9-b7d0-2b1e1fac9b7c,lxx_ai,affiliatefix.com,https://affiliatefix.com/,60,155658,General,unknown,30,lxx_link=https://affiliatefix.com/; lxx_link_type=Nofollow; lxx_paid=false; manual_hold=false; language=English; update_date=2025-09-23T00:00:00+00:00; tips=; details=; offer=
1832,715270a7-e600-44a8-b589-a0b84f3fa78a,lxx_ai,agedcareguide.com.au,https://www.agedcareguide.com.au/,60,54702,Doctor,unknown,30,lxx_link=https://www.agedcareguide.com.au/; lxx_link_type=Nofollow; lxx_paid=false; manual_hold=false; language=English; update_date=2025-09-23T00:00:00+00:00; tips=; details=; offer=
1833,898f782e-63b9-47f1-8d99-7c6969ce9f2d,lxx_ai,avis-site.com,https://www.avis-site.com/,60,6072,General,unknown,30,lxx_link=https://www.avis-site.com/; lxx_link_type=Nofollow; lxx_paid=false; manual_hold=false; language=French; update_date=2025-09-23T00:00:00+00:00; tips=; details=; offer=
1834,00e22a8b-7763-487f-a774-93f45c8cd766,lxx_ai,bassresource.com,https://bassresource.com/bass-fishing-forums/,60,544990,Fishing,unknown,30,lxx_link=https://bassresource.com/bass-fishing-forums/; lxx_link_type=Nofollow; lxx_paid=false; manual_hold=false; language=English; update_date=2025-09-23T00:00:00+00:00; tips=; details=; offer=
1835,ffcf4af7-3cc1-4216-91e3-c092a7517349,lxx_ai,choralnet.org,https://choralnet.org/,60,16080,Music,unknown,30,lxx_link=https://choralnet.org/; lxx_link_type=Nofollow; lxx_paid=false; manual_hold=false; language=English; update_date=2025-09-23T00:00:00+00:00; tips=; details=; offer=
1836,d9f08bde-7f03-43af-b9e8-1ec341774819,lxx_ai,forum.ukuleleunderground.com,https://forum.ukuleleunderground.com/,60,89741,Music,unknown,30,lxx_link=https://forum.ukuleleunderground.com/; lxx_link_type=Nofollow; lxx_paid=false; manual_hold=false; language=English; update_date=2025-09-23T00:00:00+00:00; tips=; details=; offer=
1837,4c5122b5-20a5-4081-836e-61cf37a0d628,lxx_ai,webmastersun.com,https://webmastersun.com/,60,27824,General,unknown,30,lxx_link=https://webmastersun.com/; lxx_link_type=Nofollow; lxx_paid=false; manual_hold=false; language=English; update_date=2025-09-23T00:00:00+00:00; tips=; details=; offer=
1838,d78d4717-b540-4f7e-92f4-688a1a47e40f,lxx_ai,attitude.ipt.pw,https://attitude.ipt.pw/,59,619,General,unknown,30,lxx_link=https://attitude.ipt.pw/; lxx_link_type=Nofollow; lxx_paid=false; manual_hold=false; language=English; update_date=2025-09-23T00:00:00+00:00; tips=; details=; offer=
1839,0a782b78-2214-4c8a-8761-292939c71b58,lxx_ai,aussieweb.com.au,https://www.aussieweb.com.au/,59,28481,General,unknown,30,lxx_link=https://www.aussieweb.com.au/; lxx_link_type=Nofollow; lxx_paid=false; manual_hold=false; language=English; update_date=2025-09-23T00:00:00+00:00; tips=; details=; offer=
1840,f181b3a4-cd17-4774-8e6d-ba51ff5d838e,lxx_ai,backpacks.ipt.pw,https://backpacks.ipt.pw/,59,201,General,unknown,30,lxx_link=https://backpacks.ipt.pw/; lxx_link_type=Nofollow; lxx_paid=false; manual_hold=false; language=English; update_date=2025-09-23T00:00:00+00:00; tips=; details=; offer=
1841,632ee6c4-be70-4872-bd13-2f01fc530750,lxx_ai,brijj.com,https://brijj.com/,59,933,General,unknown,30,lxx_link=https://brijj.com/; lxx_link_type=Nofollow; lxx_paid=false; manual_hold=false; language=English; update_date=2025-09-23T00:00:00+00:00; tips=; details=; offer=
1842,a14ea9ae-5373-494f-acf2-de1741ff4c45,lxx_ai,completed.com,https://completed.com/,59,30137,General,unknown,30,lxx_link=https://completed.com/; lxx_link_type=Nofollow; lxx_paid=false; manual_hold=false; language=English; update_date=2025-09-23T00:00:00+00:00; tips=; details=; offer=
1843,bf2f435c-0ef7-4438-9358-8d9e13ff9fab,lxx_ai,cylex-polska.pl,https://www.cylex-polska.pl/,59,387925,General,unknown,30,lxx_link=https://www.cylex-polska.pl/; lxx_link_type=Nofollow; lxx_paid=false; manual_hold=false; language=English; update_date=2025-09-23T00:00:00+00:00; tips=; details=; offer=
1844,ac6a8acb-3ab2-49d5-bd54-54531ef60dd3,lxx_ai,jayde.com,https://www.jayde.com/,59,7422,General,unknown,30,lxx_link=https://www.jayde.com/; lxx_link_type=Nofollow; lxx_paid=false; manual_hold=false; language=English; update_date=2025-09-23T00:00:00+00:00; tips=; details=; offer=
1845,58d3a410-a6cf-44f2-92da-0ead8ff09c42,lxx_ai,mycarforum.com,https://mycarforum.com/forums/,59,250104,Automobile,unknown,30,lxx_link=https://mycarforum.com/forums/; lxx_link_type=Nofollow; lxx_paid=false; manual_hold=false; language=English; update_date=2025-09-23T00:00:00+00:00; tips=; details=; offer=
1846,0b3156bc-bee5-43ee-b9a1-a3305486cd10,lxx_ai,pregame.com,https://pregame.com/,59,116856,Gambling,unknown,30,lxx_link=https://pregame.com/; lxx_link_type=Nofollow; lxx_paid=false; manual_hold=false; language=English; update_date=2025-09-23T00:00:00+00:00; tips=; details=; offer=
1847,be68c3d7-39eb-4ff1-aa13-15b40dd68df4,lxx_ai,showme.com,https://showme.com/,59,102529,Education,unknown,30,lxx_link=https://showme.com/; lxx_link_type=Nofollow; lxx_paid=false; manual_hold=false; language=English; update_date=2025-09-23T00:00:00+00:00; tips=; details=; offer=
1848,463ee765-1119-48fa-a39e-916edbe43601,lxx_ai,whitecoat.com.au,https://www.whitecoat.com.au/,59,75943,Doctor,unknown,30,lxx_link=https://www.whitecoat.com.au/; lxx_link_type=Nofollow; lxx_paid=false; manual_hold=false; language=English; update_date=2025-09-23T00:00:00+00:00; tips=; details=; offer=
1849,59ac4aaf-62ec-4433-936b-b112d4dca60c,lxx_ai,writerscafe.org,https://writerscafe.org/,59,81537,General,unknown,30,lxx_link=https://writerscafe.org/; lxx_link_type=Nofollow; lxx_paid=false; manual_hold=false; language=English; update_date=2025-09-23T00:00:00+00:00; tips=; details=; offer=
1850,cf3cd633-c69c-4f9f-a086-8b9be8ea07c0,lxx_ai,boldomatic.com,https://boldomatic.com/,58,72794,General,unknown,30,lxx_link=https://boldomatic.com/; lxx_link_type=Nofollow; lxx_paid=false; manual_hold=false; language=English; update_date=2025-09-23T00:00:00+00:00; tips=; details=; offer=
1851,25fde5f7-27fe-43b4-adb9-fbb4e885fe82,lxx_ai,cylex.hu,https://cylex.hu/,58,544308,General,unknown,30,lxx_link=https://cylex.hu/; lxx_link_type=Nofollow; lxx_paid=false; manual_hold=false; language=English; update_date=2025-09-23T00:00:00+00:00; tips=; details=; offer=
1852,4fd04170-1a66-473a-ab62-651820acfc9c,lxx_ai,devtube.dev-wiki.de,https://devtube.dev-wiki.de/,58,0,General,unknown,30,lxx_link=https://devtube.dev-wiki.de/; lxx_link_type=Nofollow; lxx_paid=false; manual_hold=false; language=English; update_date=2025-09-23T00:00:00+00:00; tips=; details=; offer=
1853,4d51bbc3-b8e4-4dde-aa03-5e9acb21674e,lxx_ai,emucoupon.com,https://www.emucoupon.com/,58,42637,General,unknown,30,lxx_link=https://www.emucoupon.com/; lxx_link_type=Nofollow; lxx_paid=false; manual_hold=false; language=English; update_date=2025-09-23T00:00:00+00:00; tips=; details=; offer=
1854,6b00b2ab-d99c-47b2-b6ae-43010b4cf6cc,lxx_ai,fluther.com,https://fluther.com/,58,59882,General,unknown,30,lxx_link=https://fluther.com/; lxx_link_type=Nofollow; lxx_paid=false; manual_hold=false; language=English; update_date=2025-09-23T00:00:00+00:00; tips=; details=; offer=
1855,84be0359-2ade-4007-a3e8-fe048151db36,lxx_ai,gatesofantares.com,https://gatesofantares.com/,58,0,Gaming,unknown,30,lxx_link=https://gatesofantares.com/; lxx_link_type=Nofollow; lxx_paid=false; manual_hold=false; language=English; update_date=2025-09-23T00:00:00+00:00; tips=; details=; offer=
1856,48451e02-03db-4049-9b65-d3b036cc1e4c,lxx_ai,infographicsarchive.com,https://infographicsarchive.com/,58,6381,General,unknown,30,lxx_link=https://infographicsarchive.com/; lxx_link_type=Nofollow; lxx_paid=false; manual_hold=false; language=English; update_date=2025-09-23T00:00:00+00:00; tips=; details=; offer=
1857,a63548be-74b8-4ffe-a1e6-2a44740f4c9c,lxx_ai,mable.com.au,https://mable.com.au/,58,665498,General,unknown,30,lxx_link=https://mable.com.au/; lxx_link_type=Nofollow; lxx_paid=false; manual_hold=false; language=English; update_date=2025-09-23T00:00:00+00:00; tips=; details=; offer=
1858,e1ad2ee6-c6fb-49a6-bc43-e8b9b5f27a3d,lxx_ai,rehashclothes.com,https://rehashclothes.com/,58,3519,General,unknown,30,lxx_link=https://rehashclothes.com/; lxx_link_type=Nofollow; lxx_paid=false; manual_hold=false; language=English; update_date=2025-09-23T00:00:00+00:00; tips=; details=; offer=
1859,cd2762a7-2b13-4cca-b979-d477984e528e,lxx_ai,roadbikereview.com,https://roadbikereview.com/,58,220402,Sports,unknown,30,lxx_link=https://roadbikereview.com/; lxx_link_type=Nofollow; lxx_paid=false; manual_hold=false; language=English; update_date=2025-09-23T00:00:00+00:00; tips=; details=; offer=
1860,adc004f1-a621-47c1-a075-49bfb305f861,lxx_ai,shrtfly.com,https://shrtfly.com/,58,76744,General,unknown,30,lxx_link=https://shrtfly.com/; lxx_link_type=Nofollow; lxx_paid=false; manual_hold=false; language=English; update_date=2025-09-23T00:00:00+00:00; tips=; details=; offer=
1861,ad432b90-5e8e-4a7c-8e36-620c802c4dd1,lxx_ai,antionline.com,https://www.antionline.com/,57,5638,IT Security,unknown,30,lxx_link=https://www.antionline.com/; lxx_link_type=Nofollow; lxx_paid=false; manual_hold=false; language=English; update_date=2025-09-23T00:00:00+00:00; tips=; details=; offer=
1862,56e1cfbc-9414-41af-b675-89e1028feb7c,lxx_ai,appagg.com,https://appagg.com/,57,263281,Mobile App,unknown,30,lxx_link=https://appagg.com/; lxx_link_type=Nofollow; lxx_paid=false; manual_hold=false; language=English; update_date=2025-09-23T00:00:00+00:00; tips=; details=; offer=
1863,7318d699-7d15-43a0-9c85-82738216243f,lxx_ai,automotiveforums.com,https://automotiveforums.com/,57,23008,Automobile,unknown,30,lxx_link=https://automotiveforums.com/; lxx_link_type=Nofollow; lxx_paid=false; manual_hold=false; language=English; update_date=2025-09-23T00:00:00+00:00; tips=; details=; offer=
1864,fb207cb0-25f9-4422-9a47-486d632679de,lxx_ai,cylex-australia.com,https://www.cylex-australia.com/,57,49514,General,unknown,30,lxx_link=https://www.cylex-australia.com/; lxx_link_type=Nofollow; lxx_paid=false; manual_hold=false; language=English; update_date=2025-09-23T00:00:00+00:00; tips=; details=; offer=
1865,22dfad8b-4a60-4acc-835a-464ed2732f64,lxx_ai,cyprus.com,https://cyprus.com/,57,0,General,unknown,30,lxx_link=https://cyprus.com/; lxx_link_type=Nofollow; lxx_paid=false; manual_hold=false; language=English; update_date=2025-09-23T00:00:00+00:00; tips=; details=; offer=
1866,ef2ea790-6bdd-4748-85e5-ae698ec3c25c,lxx_ai,eventfinder.de,https://www.eventfinder.de/,57,45239,Entertainment,unknown,30,lxx_link=https://www.eventfinder.de/; lxx_link_type=Nofollow; lxx_paid=false; manual_hold=false; language=English; update_date=2025-09-23T00:00:00+00:00; tips=; details=; offer=
1867,594b5030-11ae-41e3-91e2-d032d206380f,lxx_ai,ewebdiscussion.com,https://ewebdiscussion.com/,57,19154,Developers,unknown,30,lxx_link=https://ewebdiscussion.com/; lxx_link_type=Nofollow; lxx_paid=false; manual_hold=false; language=English; update_date=2025-09-23T00:00:00+00:00; tips=; details=; offer=
1868,2051c81c-77c9-49bc-a5ab-9f24ba48c139,lxx_ai,ezilon.com,https://ezilon.com/,57,128747,General,unknown,30,lxx_link=https://ezilon.com/; lxx_link_type=Nofollow; lxx_paid=false; manual_hold=false; language=English; update_date=2025-09-23T00:00:00+00:00; tips=; details=; offer=
1869,8d7f6844-c445-4a51-9506-3b396d8cc9bf,lxx_ai,forum.knittinghelp.com,https://forum.knittinghelp.com/,57,94739,General,unknown,30,lxx_link=https://forum.knittinghelp.com/; lxx_link_type=Nofollow; lxx_paid=false; manual_hold=false; language=English; update_date=2025-09-23T00:00:00+00:00; tips=; details=; offer=
1870,63120a7d-c695-476d-9c94-5f86f4d90f61,lxx_ai,geebo.com,https://geebo.com/,57,81874,General,unknown,30,lxx_link=https://geebo.com/; lxx_link_type=Nofollow; lxx_paid=false; manual_hold=false; language=English; update_date=2025-09-23T00:00:00+00:00; tips=; details=; offer=
1871,9985a99a-9307-442c-aca6-26b30392e0ac,lxx_ai,getyourpros.com,https://getyourpros.com/,57,9447,General,unknown,30,lxx_link=https://getyourpros.com/; lxx_link_type=Nofollow; lxx_paid=false; manual_hold=false; language=English; update_date=2025-09-23T00:00:00+00:00; tips=; details=; offer=
1872,bdfe2bdb-47d0-480a-9bb7-a9328970942e,lxx_ai,hotfrog.in,https://hotfrog.in/,57,50310,General,unknown,30,lxx_link=https://hotfrog.in/; lxx_link_type=Nofollow; lxx_paid=false; manual_hold=false; language=English; update_date=2025-09-23T00:00:00+00:00; tips=; details=; offer=
1873,ed973e8f-7064-41fb-ac2d-ddbdcf45dbe2,lxx_ai,ignboards.com,https://www.ignboards.com/,57,116599,Entertainment,unknown,30,lxx_link=https://www.ignboards.com/; lxx_link_type=Nofollow; lxx_paid=false; manual_hold=false; language=English; update_date=2025-09-23T00:00:00+00:00; tips=; details=; offer=
1874,a29f72ed-3d35-4f10-9bbf-d5d9337bdc26,lxx_ai,mioola.com,https://www.mioola.com/,57,85630,General,unknown,30,lxx_link=https://www.mioola.com/; lxx_link_type=Nofollow; lxx_paid=false; manual_hold=false; language=English; update_date=2025-09-23T00:00:00+00:00; tips=; details=; offer=
1875,abe119aa-58c9-44cd-b598-6706d8cb7b0b,lxx_ai,plasterersforum.com,https://plasterersforum.com/,57,48986,Construction,unknown,30,lxx_link=https://plasterersforum.com/; lxx_link_type=Nofollow; lxx_paid=false; manual_hold=false; language=English; update_date=2025-09-23T00:00:00+00:00; tips=; details=; offer=
1876,a77b7e62-e542-4ab9-a14c-5919493d8ffa,lxx_ai,thecatsite.com,https://thecatsite.com/,57,245314,Pet,unknown,30,lxx_link=https://thecatsite.com/; lxx_link_type=Nofollow; lxx_paid=false; manual_hold=false; language=English; update_date=2025-09-23T00:00:00+00:00; tips=; details=; offer=
1877,81ef538e-1790-483a-a596-3ff1db87a228,lxx_ai,thephotoforum.com,https://thephotoforum.com/,57,66751,Photography,unknown,30,lxx_link=https://thephotoforum.com/; lxx_link_type=Nofollow; lxx_paid=false; manual_hold=false; language=English; update_date=2025-09-23T00:00:00+00:00; tips=; details=; offer=
1878,c6c1d55e-81a5-4f53-ba07-ba0961631cce,lxx_ai,zipleaf.com,https://www.zipleaf.com/,57,37865,General,unknown,30,lxx_link=https://www.zipleaf.com/; lxx_link_type=Nofollow; lxx_paid=false; manual_hold=false; language=English; update_date=2025-09-23T00:00:00+00:00; tips=; details=; offer=
1879,4294072e-61f9-4323-b489-11dc91a536e4,lxx_ai,booksie.com,https://booksie.com/,56,136246,Books,unknown,30,lxx_link=https://booksie.com/; lxx_link_type=Nofollow; lxx_paid=false; manual_hold=false; language=English; update_date=2025-09-23T00:00:00+00:00; tips=; details=; offer=
1880,288de668-c4ad-48bb-8fb0-67206ff96634,lxx_ai,cylex.es,https://www.cylex.es/,56,410164,General,unknown,30,lxx_link=https://www.cylex.es/; lxx_link_type=Nofollow; lxx_paid=false; manual_hold=false; language=English; update_date=2025-09-23T00:00:00+00:00; tips=; details=; offer=
1881,963a246e-5766-4995-96dc-a3fd51cf366c,lxx_ai,forum.gameflip.com,https://forum.gameflip.com/,56,115741,Gaming,unknown,30,lxx_link=https://forum.gameflip.com/; lxx_link_type=Nofollow; lxx_paid=false; manual_hold=false; language=English; update_date=2025-09-23T00:00:00+00:00; tips=; details=; offer=
1882,14bbb762-0a79-4471-8389-00dfaffc2ec5,lxx_ai,forums.emulator-zone.com,https://forums.emulator-zone.com/index.php,56,24719,gaming,unknown,30,lxx_link=https://forums.emulator-zone.com/index.php; lxx_link_type=Nofollow; lxx_paid=false; manual_hold=false; language=English; update_date=2025-09-23T00:00:00+00:00; tips=; details=; offer=
1883,9c32d01f-dd74-405d-9b08-b9464d8d334b,lxx_ai,kreavi.com,https://kreavi.com/,56,650,General,unknown,30,lxx_link=https://kreavi.com/; lxx_link_type=Nofollow; lxx_paid=false; manual_hold=false; language=English; update_date=2025-09-23T00:00:00+00:00; tips=; details=; offer=
1884,503c8a9c-62d0-445a-b58f-1775deedae3d,lxx_ai,paginemail.it,https://paginemail.it/,56,23545,General,unknown,30,lxx_link=https://paginemail.it/; lxx_link_type=Nofollow; lxx_paid=false; manual_hold=false; language=Italian; update_date=2025-09-23T00:00:00+00:00; tips=; details=; offer=
1885,36194485-7188-4bab-99ec-aeb07f2adc03,lxx_ai,reecoupons.com,https://www.reecoupons.com/,56,10763,General,unknown,30,lxx_link=https://www.reecoupons.com/; lxx_link_type=Nofollow; lxx_paid=false; manual_hold=false; language=English; update_date=2025-09-23T00:00:00+00:00; tips=; details=; offer=
1886,f069e573-207a-4105-9398-f48a32c12b00,lxx_ai,writefreely.public.cat,https://writefreely.public.cat/,56,0,General,unknown,30,lxx_link=https://writefreely.public.cat/; lxx_link_type=Nofollow; lxx_paid=false; manual_hold=false; language=English; update_date=2025-09-23T00:00:00+00:00; tips=; details=; offer=
1887,6b03610e-ad19-4218-8ea4-3710ee93e5b2,lxx_ai,businessseek.biz,https://www.businessseek.biz/,55,3956,General,unknown,30,lxx_link=https://www.businessseek.biz/; lxx_link_type=Nofollow; lxx_paid=false; manual_hold=false; language=English; update_date=2025-09-23T00:00:00+00:00; tips=; details=; offer=
1888,739dcde8-c893-478f-9e5a-89d86cabec6c,lxx_ai,freead1.net,https://freead1.net/,55,136903,General,unknown,30,lxx_link=https://freead1.net/; lxx_link_type=Nofollow; lxx_paid=false; manual_hold=false; language=English; update_date=2025-09-23T00:00:00+00:00; tips=; details=; offer=
1889,04ac8e86-2226-466b-a920-5e86c55e33f7,lxx_ai,hotfrog.co.za,https://hotfrog.co.za/,55,16275,General,unknown,30,lxx_link=https://hotfrog.co.za/; lxx_link_type=Nofollow; lxx_paid=false; manual_hold=false; language=English; update_date=2025-09-23T00:00:00+00:00; tips=; details=; offer=
1890,8e73fa03-8d8e-4aa5-a704-ae842d996a61,lxx_ai,hotfrog.com.br,https://hotfrog.com.br/,55,5134,General,unknown,30,lxx_link=https://hotfrog.com.br/; lxx_link_type=Nofollow; lxx_paid=false; manual_hold=false; language=Portuguese; update_date=2025-09-23T00:00:00+00:00; tips=; details=; offer=
1891,cc8f8b7b-1275-4448-a0f5-0d6d32cbb0af,lxx_ai,kboards.com,https://kboards.com/,55,50706,Books,unknown,30,lxx_link=https://kboards.com/; lxx_link_type=Nofollow; lxx_paid=false; manual_hold=false; language=English; update_date=2025-09-23T00:00:00+00:00; tips=; details=; offer=
1892,d9e5d933-b421-48b0-8118-1d0cc60c6dea,lxx_ai,lowcygier.pl,https://lowcygier.pl/forum/,55,2816523,Gaming,unknown,30,lxx_link=https://lowcygier.pl/forum/; lxx_link_type=Nofollow; lxx_paid=false; manual_hold=false; language=Polish; update_date=2025-09-23T00:00:00+00:00; tips=; details=; offer=
1893,8f41ab5f-a04d-4161-bc15-d47be82a62ac,lxx_ai,misterwhat.de,https://www.misterwhat.de/,55,7681,General,unknown,30,lxx_link=https://www.misterwhat.de/; lxx_link_type=Nofollow; lxx_paid=false; manual_hold=false; language=German; update_date=2025-09-23T00:00:00+00:00; tips=; details=; offer=
1894,2c3778c0-1aa6-40f7-975f-98085272c8e2,lxx_ai,petforums.co.uk,https://petforums.co.uk/,55,149821,Pet,unknown,30,lxx_link=https://petforums.co.uk/; lxx_link_type=Nofollow; lxx_paid=false; manual_hold=false; language=English; update_date=2025-09-23T00:00:00+00:00; tips=; details=; offer=
1895,cfeb3ec5-dd18-4d5a-913a-647205bb968c,lxx_ai,wolpy.com,https://wolpy.com/,55,967,General,unknown,30,lxx_link=https://wolpy.com/; lxx_link_type=Nofollow; lxx_paid=false; manual_hold=false; language=English; update_date=2025-09-23T00:00:00+00:00; tips=; details=; offer=
1896,d44539e4-2711-406e-a935-37f1ca8885b2,lxx_ai,hotfrog.es,https://hotfrog.es/,54,15320,General,unknown,30,lxx_link=https://hotfrog.es/; lxx_link_type=Nofollow; lxx_paid=false; manual_hold=false; language=Spanish; update_date=2025-09-23T00:00:00+00:00; tips=; details=; offer=
1897,042ba81b-e867-445f-8383-2bf89c4d96a7,lxx_ai,illustratedfaith.com,https://illustratedfaith.com/,54,11226,Religion,unknown,30,lxx_link=https://illustratedfaith.com/; lxx_link_type=Nofollow; lxx_paid=false; manual_hold=false; language=English; update_date=2025-09-23T00:00:00+00:00; tips=; details=; offer=
1898,42cade3a-7223-4d4d-9d7f-f41f72a8d034,lxx_ai,jobs.fpsa.org,https://jobs.fpsa.org/,54,0,Food,unknown,30,lxx_link=https://jobs.fpsa.org/; lxx_link_type=Nofollow; lxx_paid=false; manual_hold=false; language=English; update_date=2025-09-23T00:00:00+00:00; tips=; details=; offer=
1899,3b28213d-8ef0-4a20-89d2-49f3a0bb414a,lxx_ai,tdpri.com,https://tdpri.com/,54,840904,Music,unknown,30,lxx_link=https://tdpri.com/; lxx_link_type=Nofollow; lxx_paid=false; manual_hold=false; language=English; update_date=2025-09-23T00:00:00+00:00; tips=; details=; offer=
1900,30673564-c55d-4be4-97c0-59a434ac4606,lxx_ai,technibble.com,https://technibble.com/forums/,54,119975,Consumer,unknown,30,lxx_link=https://technibble.com/forums/; lxx_link_type=Nofollow; lxx_paid=false; manual_hold=false; language=English; update_date=2025-09-23T00:00:00+00:00; tips=; details=; offer=
1901,2871c9a0-a08d-4de6-9387-00d62d4d041e,lxx_ai,webfrance.com,https://www.webfrance.com/web/annuaire/,54,3392,General,unknown,30,lxx_link=https://www.webfrance.com/web/annuaire/; lxx_link_type=Nofollow; lxx_paid=false; manual_hold=false; language=English; update_date=2025-09-23T00:00:00+00:00; tips=; details=; offer=
1902,9fd6beaa-d0ce-43f9-9b7a-4ec80727179e,lxx_ai,animesuperhero.com,https://animesuperhero.com/forums/,53,183423,Anime,unknown,30,lxx_link=https://animesuperhero.com/forums/; lxx_link_type=Nofollow; lxx_paid=false; manual_hold=false; language=English; update_date=2025-09-23T00:00:00+00:00; tips=; details=; offer=
1903,4f71a0df-d9f7-4352-8695-7cbd988714ba,lxx_ai,catforum.com,https://catforum.com/,53,23001,Pet,unknown,30,lxx_link=https://catforum.com/; lxx_link_type=Nofollow; lxx_paid=false; manual_hold=false; language=English; update_date=2025-09-23T00:00:00+00:00; tips=; details=; offer=
1904,135ff6cf-64ec-48c3-9f4d-2481e1b1e594,lxx_ai,clickability.com.au,https://clickability.com.au/,53,35320,Doctor,unknown,30,lxx_link=https://clickability.com.au/; lxx_link_type=Nofollow; lxx_paid=false; manual_hold=false; language=English; update_date=2025-09-23T00:00:00+00:00; tips=; details=; offer=
1905,cc8145b7-3f46-47f6-8949-8dd13b91dd29,lxx_ai,cylex.mx,https://www.cylex.mx/,53,91921,General,unknown,30,lxx_link=https://www.cylex.mx/; lxx_link_type=Nofollow; lxx_paid=false; manual_hold=false; language=English; update_date=2025-09-23T00:00:00+00:00; tips=; details=; offer=
1906,6db98108-d7ba-4b94-8831-5c2ad3c452f3,lxx_ai,freemathhelp.com,https://freemathhelp.com/forum/,53,138302,Science,unknown,30,lxx_link=https://freemathhelp.com/forum/; lxx_link_type=Nofollow; lxx_paid=false; manual_hold=false; language=English; update_date=2025-09-23T00:00:00+00:00; tips=; details=; offer=
1907,a14db7f8-271d-441d-a15a-379db7cf7cc6,lxx_ai,hotfrog.it,https://hotfrog.it/,53,8360,General,unknown,30,lxx_link=https://hotfrog.it/; lxx_link_type=Nofollow; lxx_paid=false; manual_hold=false; language=Italian; update_date=2025-09-23T00:00:00+00:00; tips=; details=; offer=
1908,b1817023-1c56-443f-9e60-905d092c2b19,lxx_ai,hotfrog.nl,https://hotfrog.nl/,53,5979,General,unknown,30,lxx_link=https://hotfrog.nl/; lxx_link_type=Nofollow; lxx_paid=false; manual_hold=false; language=Dutch; update_date=2025-09-23T00:00:00+00:00; tips=; details=; offer=
1909,53f23894-d705-4697-ad31-b0fae2ee3443,lxx_ai,meadd.com,https://meadd.com/,53,69765,General,unknown,30,lxx_link=https://meadd.com/; lxx_link_type=Nofollow; lxx_paid=false; manual_hold=false; language=English; update_date=2025-09-23T00:00:00+00:00; tips=; details=; offer=
1910,463bc59e-1733-42ba-a24a-f3f740f358d8,lxx_ai,worldseafishing.com,https://worldseafishing.com/,53,218541,Fishing,unknown,30,lxx_link=https://worldseafishing.com/; lxx_link_type=Nofollow; lxx_paid=false; manual_hold=false; language=English; update_date=2025-09-23T00:00:00+00:00; tips=; details=; offer=
1911,e0abd32c-b7fb-45f9-8a52-5103b58482b6,lxx_ai,yalwa.de,https://yalwa.de/,53,0,General,unknown,30,lxx_link=https://yalwa.de/; lxx_link_type=Nofollow; lxx_paid=false; manual_hold=false; language=English; update_date=2025-09-23T00:00:00+00:00; tips=; details=; offer=
1912,33d6e7b5-edcd-42e5-b697-86b15ed7413e,lxx_ai,archerytalk.com,https://archerytalk.com/,52,1395691,Sports,unknown,30,lxx_link=https://archerytalk.com/; lxx_link_type=Nofollow; lxx_paid=false; manual_hold=false; language=English; update_date=2025-09-23T00:00:00+00:00; tips=; details=; offer=
1913,e5ad4346-a317-4984-a7c3-0693369434c7,lxx_ai,cylex-italia.it,https://www.cylex-italia.it/,52,264552,General,unknown,30,lxx_link=https://www.cylex-italia.it/; lxx_link_type=Nofollow; lxx_paid=false; manual_hold=false; language=English; update_date=2025-09-23T00:00:00+00:00; tips=; details=; offer=
1914,d52793e7-adc1-41f5-af57-f4e9c434018b,lxx_ai,feedmyapp.com,https://feedmyapp.com/,52,0,Mobile App,unknown,30,lxx_link=https://feedmyapp.com/; lxx_link_type=Nofollow; lxx_paid=false; manual_hold=false; language=English; update_date=2025-09-23T00:00:00+00:00; tips=; details=; offer=
1915,116f550b-63de-44c8-8039-9f792b684e29,lxx_ai,horairesdouverture24.fr,https://www.horairesdouverture24.fr/,52,78379,General,unknown,30,lxx_link=https://www.horairesdouverture24.fr/; lxx_link_type=Nofollow; lxx_paid=false; manual_hold=false; language=French; update_date=2025-09-23T00:00:00+00:00; tips=; details=; offer=
1916,93bc00cc-0c8f-424c-a7df-712e9043253a,lxx_ai,hotfrog.co.nz,https://hotfrog.co.nz/,52,16293,General,unknown,30,lxx_link=https://hotfrog.co.nz/; lxx_link_type=Nofollow; lxx_paid=false; manual_hold=false; language=English; update_date=2025-09-23T00:00:00+00:00; tips=; details=; offer=
1917,b7da809c-ca79-470e-9b5e-a992cb5c4732,lxx_ai,thenewsfunnel.com,https://thenewsfunnel.com/,52,0,Real Estate,unknown,30,lxx_link=https://thenewsfunnel.com/; lxx_link_type=Nofollow; lxx_paid=false; manual_hold=false; language=English; update_date=2025-09-23T00:00:00+00:00; tips=; details=; offer=
1918,f36ee238-34ba-4bec-bc2a-6093f79526e3,lxx_ai,43marks.com,https://43marks.com/,51,0,General,unknown,30,lxx_link=https://43marks.com/; lxx_link_type=Nofollow; lxx_paid=false; manual_hold=false; language=English; update_date=2025-09-23T00:00:00+00:00; tips=; details=; offer=
1919,08ea2ea5-d40f-407f-b42d-b57176495300,lxx_ai,ask.zoptiks.com,https://ask.zoptiks.com/,51,0,General,unknown,30,lxx_link=https://ask.zoptiks.com/; lxx_link_type=Nofollow; lxx_paid=false; manual_hold=false; language=English; update_date=2025-09-23T00:00:00+00:00; tips=; details=; offer=
1920,a1ac900f-d0c7-4092-a069-dcbc5e4c0af9,lxx_ai,d2jsp.org,https://www.d2jsp.org/,51,1101158,Gaming,unknown,30,lxx_link=https://www.d2jsp.org/; lxx_link_type=Nofollow; lxx_paid=false; manual_hold=false; language=English; update_date=2025-09-23T00:00:00+00:00; tips=; details=; offer=
1921,1694d7b2-8a2d-4aef-b755-8cb263b344ba,lxx_ai,dealcatcher.com,https://www.dealcatcher.com/,51,538470,General,unknown,30,lxx_link=https://www.dealcatcher.com/; lxx_link_type=Nofollow; lxx_paid=false; manual_hold=false; language=English; update_date=2025-09-23T00:00:00+00:00; tips=; details=; offer=
1922,f0147834-6eff-4d67-896b-9daef73e8512,lxx_ai,forum.pcmech.com,https://forum.pcmech.com/,51,0,Consumer,unknown,30,lxx_link=https://forum.pcmech.com/; lxx_link_type=Nofollow; lxx_paid=false; manual_hold=false; language=English; update_date=2025-09-23T00:00:00+00:00; tips=; details=; offer=
1923,367040db-ca3a-4c90-9db6-565631c38925,lxx_ai,guitars101.com,https://guitars101.com/,51,540719,Music,unknown,30,lxx_link=https://guitars101.com/; lxx_link_type=Nofollow; lxx_paid=false; manual_hold=false; language=English; update_date=2025-09-23T00:00:00+00:00; tips=; details=; offer=
1924,2c73c36a-c33f-43ad-9830-e331d3729441,lxx_ai,l-camera-forum.com,https://l-camera-forum.com/index.php,51,241389,Photography,unknown,30,lxx_link=https://l-camera-forum.com/index.php; lxx_link_type=Nofollow; lxx_paid=false; manual_hold=false; language=English; update_date=2025-09-23T00:00:00+00:00; tips=; details=; offer=
1925,fca2186b-0696-455c-8e48-047f1c3c1ed2,lxx_ai,miastogier.pl,https://miastogier.pl/,51,244044,Gaming,unknown,30,lxx_link=https://miastogier.pl/; lxx_link_type=Nofollow; lxx_paid=false; manual_hold=false; language=Polish; update_date=2025-09-23T00:00:00+00:00; tips=; details=; offer=
1926,5629af7c-12b8-4277-a22c-3ba450079721,lxx_ai,musiker-board.de,https://musiker-board.de/forum/,51,392191,Music,unknown,30,lxx_link=https://musiker-board.de/forum/; lxx_link_type=Nofollow; lxx_paid=false; manual_hold=false; language=German; update_date=2025-09-23T00:00:00+00:00; tips=; details=; offer=
1927,b0f97362-974c-4c69-89d1-0439c99e227d,lxx_ai,nowshenzhen.com,https://nowshenzhen.com/,51,25307,General,unknown,30,lxx_link=https://nowshenzhen.com/; lxx_link_type=Nofollow; lxx_paid=false; manual_hold=false; language=English; update_date=2025-09-23T00:00:00+00:00; tips=; details=; offer=
1928,1a55c353-977e-49ee-8f87-ea596b0dbfcb,lxx_ai,proprofsdiscuss.com,https://proprofsdiscuss.com/,51,0,Education,unknown,30,lxx_link=https://proprofsdiscuss.com/; lxx_link_type=Nofollow; lxx_paid=false; manual_hold=false; language=English; update_date=2025-09-23T00:00:00+00:00; tips=; details=; offer=
1929,f303f093-c79b-4fa0-a9b6-0d63c5c175b0,lxx_ai,routerforums.com,https://routerforums.com/,51,41168,General,unknown,30,lxx_link=https://routerforums.com/; lxx_link_type=Nofollow; lxx_paid=false; manual_hold=false; language=English; update_date=2025-09-23T00:00:00+00:00; tips=; details=; offer=
1930,3da35a36-fba4-42bf-b595-bc092c33c8fc,lxx_ai,tuugo.me,https://tuugo.me/,51,109,General,unknown,30,lxx_link=https://tuugo.me/; lxx_link_type=Nofollow; lxx_paid=false; manual_hold=false; language=English; update_date=2025-09-23T00:00:00+00:00; tips=; details=; offer=
1931,967138a0-460c-420a-a11e-bf03b043757a,lxx_ai,ventureradar.com,https://www.ventureradar.com/,51,141169,Business,unknown,30,lxx_link=https://www.ventureradar.com/; lxx_link_type=Nofollow; lxx_paid=false; manual_hold=false; language=English; update_date=2025-09-23T00:00:00+00:00; tips=; details=; offer=
1932,9789a91f-0a9f-42ac-8353-efe3e34c55b2,lxx_ai,yalwa.ca,https://yalwa.ca/,51,0,General,unknown,30,lxx_link=https://yalwa.ca/; lxx_link_type=Nofollow; lxx_paid=false; manual_hold=false; language=English; update_date=2025-09-23T00:00:00+00:00; tips=; details=; offer=
1933,b144df3e-0da5-4d4e-9dfd-f904f5d656c2,lxx_ai,yalwa.com.au,https://www.yalwa.com.au/,51,0,General,unknown,30,lxx_link=https://www.yalwa.com.au/; lxx_link_type=Nofollow; lxx_paid=false; manual_hold=false; language=English; update_date=2025-09-23T00:00:00+00:00; tips=; details=; offer=
1934,e5e9beae-a748-42d0-9d8f-862933c1884e,lxx_ai,cbseguess.com,https://cbseguess.com/,50,56268,Education,unknown,30,lxx_link=https://cbseguess.com/; lxx_link_type=Nofollow; lxx_paid=false; manual_hold=false; language=English; update_date=2025-09-23T00:00:00+00:00; tips=; details=; offer=
1935,4d02f10c-2656-464f-8f1d-91bc4dc153bd,lxx_ai,cylex.net.za,https://www.cylex.net.za/,50,33552,General,unknown,30,lxx_link=https://www.cylex.net.za/; lxx_link_type=Nofollow; lxx_paid=false; manual_hold=false; language=English; update_date=2025-09-23T00:00:00+00:00; tips=; details=; offer=
1936,c2f63ba0-f6e8-4f51-addf-a03859d09c62,lxx_ai,diychatroom.com,https://diychatroom.com/,50,801569,Construction,unknown,30,lxx_link=https://diychatroom.com/; lxx_link_type=Nofollow; lxx_paid=false; manual_hold=false; language=English; update_date=2025-09-23T00:00:00+00:00; tips=; details=; offer=
1937,c0c1945a-d6ac-478b-84d7-2a284f8b7096,lxx_ai,doodlewash.com,https://doodlewash.com/,50,67379,Art,unknown,30,lxx_link=https://doodlewash.com/; lxx_link_type=Nofollow; lxx_paid=false; manual_hold=false; language=English; update_date=2025-09-23T00:00:00+00:00; tips=; details=; offer=
1938,d293d37d-cd3d-41b8-aab3-3ad32c0cb966,lxx_ai,express-press-release.net,https://express-press-release.net/,50,4854,General,unknown,30,lxx_link=https://express-press-release.net/; lxx_link_type=Nofollow; lxx_paid=false; manual_hold=false; language=English; update_date=2025-09-23T00:00:00+00:00; tips=; details=; offer=
1939,09d08a03-b2d6-441b-b2d7-1cf3238cbbf8,lxx_ai,forum.audio.com.pl,https://forum.audio.com.pl/,50,157184,Music,unknown,30,lxx_link=https://forum.audio.com.pl/; lxx_link_type=Nofollow; lxx_paid=false; manual_hold=false; language=Polish; update_date=2025-09-23T00:00:00+00:00; tips=; details=; offer=
1940,cc337c42-cc29-4c99-9dae-b9e511c30186,lxx_ai,help.awardify.io,https://help.awardify.io/,50,0,General,unknown,30,lxx_link=https://help.awardify.io/; lxx_link_type=Nofollow; lxx_paid=false; manual_hold=false; language=English; update_date=2025-09-23T00:00:00+00:00; tips=; details=; offer=
1941,80db93c1-445b-408e-a51b-30fa236f2b3d,lxx_ai,misterwhat.fr,https://www.misterwhat.fr/,50,9623,General,unknown,30,lxx_link=https://www.misterwhat.fr/; lxx_link_type=Nofollow; lxx_paid=false; manual_hold=false; language=French; update_date=2025-09-23T00:00:00+00:00; tips=; details=; offer=
1942,4c7ed231-6d0a-4704-9575-e4c777457ac2,lxx_ai,respuestas.trabber.com,https://respuestas.trabber.com/,50,2733,Travel,unknown,30,lxx_link=https://respuestas.trabber.com/; lxx_link_type=Nofollow; lxx_paid=false; manual_hold=false; language=Spanish; update_date=2025-09-23T00:00:00+00:00; tips=; details=; offer=
1943,78dc77a8-3a9c-4f19-8a06-9fd07c9dc6f0,lxx_ai,traffup.net,https://traffup.net/,50,10151,General,unknown,30,lxx_link=https://traffup.net/; lxx_link_type=Nofollow; lxx_paid=false; manual_hold=false; language=English; update_date=2025-09-23T00:00:00+00:00; tips=; details=; offer=
1944,5944b69e-1c69-4b4a-bd3f-e635d3f3db70,lxx_ai,yalwa.co.uk,https://yalwa.co.uk/,50,0,General,unknown,30,lxx_link=https://yalwa.co.uk/; lxx_link_type=Nofollow; lxx_paid=false; manual_hold=false; language=English; update_date=2025-09-23T00:00:00+00:00; tips=; details=; offer=
1945,93779ade-a66c-4b61-b280-b4afb74fa25a,lxx_ai,yuuby.com,https://yuuby.com/,50,0,General,unknown,30,lxx_link=https://yuuby.com/; lxx_link_type=Nofollow; lxx_paid=false; manual_hold=false; language=English; update_date=2025-09-23T00:00:00+00:00; tips=; details=; offer=
1946,9c0b506b-1b63-4f40-a58c-ab24fff47619,lxx_ai,clicknewz.com,https://www.clicknewz.com/members/,49,141,Marketing,unknown,30,lxx_link=https://www.clicknewz.com/members/; lxx_link_type=Nofollow; lxx_paid=false; manual_hold=false; language=English; update_date=2025-09-23T00:00:00+00:00; tips=; details=; offer=
1947,cc17c397-2213-4733-85fe-54be8d1b9dc4,lxx_ai,digitalhome.ca,https://digitalhome.ca/,49,82527,Consumer,unknown,30,lxx_link=https://digitalhome.ca/; lxx_link_type=Nofollow; lxx_paid=false; manual_hold=false; language=English; update_date=2025-09-23T00:00:00+00:00; tips=; details=; offer=
1948,9d86bab2-65b3-4923-8463-a69d97b9b65a,lxx_ai,doctors.com.au,https://doctors.com.au/,49,26007,Doctor,unknown,30,lxx_link=https://doctors.com.au/; lxx_link_type=Nofollow; lxx_paid=false; manual_hold=false; language=English; update_date=2025-09-23T00:00:00+00:00; tips=; details=; offer=
1949,90c24ed3-0b38-485a-8a50-3b5e80368fd1,lxx_ai,pressemeddelelse.dk,https://pressemeddelelse.dk/,49,6434,General,unknown,30,lxx_link=https://pressemeddelelse.dk/; lxx_link_type=Nofollow; lxx_paid=false; manual_hold=false; language=Danish; update_date=2025-09-23T00:00:00+00:00; tips=; details=; offer=
1950,1f628653-33bb-4b3b-9fc3-b8142faeb952,lxx_ai,tuugo.fr,https://tuugo.fr/,49,495,General,unknown,30,lxx_link=https://tuugo.fr/; lxx_link_type=Nofollow; lxx_paid=false; manual_hold=false; language=English; update_date=2025-09-23T00:00:00+00:00; tips=; details=; offer=
1951,93558df6-9e07-424c-89e9-781874a7a4a6,lxx_ai,visajourney.com,https://visajourney.com/,49,294957,Legal,unknown,30,lxx_link=https://visajourney.com/; lxx_link_type=Nofollow; lxx_paid=false; manual_hold=false; language=English; update_date=2025-09-23T00:00:00+00:00; tips=; details=; offer=
1952,f8511979-1cf9-49e2-9f13-f550d6a896e4,lxx_ai,whatsbestforum.com,https://whatsbestforum.com/,49,195587,Music,unknown,30,lxx_link=https://whatsbestforum.com/; lxx_link_type=Nofollow; lxx_paid=false; manual_hold=false; language=English; update_date=2025-09-23T00:00:00+00:00; tips=; details=; offer=
1953,32cb8e35-92cc-4bc5-83a6-d5f15f318e4e,lxx_ai,bensbargains.com,https://bensbargains.com/,48,1800016,General,unknown,30,lxx_link=https://bensbargains.com/; lxx_link_type=Nofollow; lxx_paid=false; manual_hold=false; language=English; update_date=2025-09-23T00:00:00+00:00; tips=; details=; offer=
1954,0b115d41-d4fe-4a89-8ef6-f38f2ca55209,lxx_ai,ca.misterwhat.com,https://ca.misterwhat.com/,48,6560,General,unknown,30,lxx_link=https://ca.misterwhat.com/; lxx_link_type=Nofollow; lxx_paid=false; manual_hold=false; language=English; update_date=2025-09-23T00:00:00+00:00; tips=; details=; offer=
1955,ca12a40c-a3a4-4eef-8200-367a93201e7e,lxx_ai,cylex.ro,https://cylex.ro/,48,333650,General,unknown,30,lxx_link=https://cylex.ro/; lxx_link_type=Nofollow; lxx_paid=false; manual_hold=false; language=English; update_date=2025-09-23T00:00:00+00:00; tips=; details=; offer=
1956,bed9455f-068a-4c3b-8781-087a3c192cbb,lxx_ai,diynot.com,https://diynot.com/,48,1156752,Construction,unknown,30,lxx_link=https://diynot.com/; lxx_link_type=Nofollow; lxx_paid=false; manual_hold=false; language=English; update_date=2025-09-23T00:00:00+00:00; tips=; details=; offer=
1957,c98b5c8d-f81f-4cdd-8459-389b69f33a3d,lxx_ai,forum.kvinneguiden.no,https://forum.kvinneguiden.no/,48,2962226,General,unknown,30,lxx_link=https://forum.kvinneguiden.no/; lxx_link_type=Nofollow; lxx_paid=false; manual_hold=false; language=Norwegian; update_date=2025-09-23T00:00:00+00:00; tips=; details=; offer=
1958,8b5522c6-373d-4a98-bb5f-9d8b087ceb27,lxx_ai,forums.fatsharkgames.com,https://forums.fatsharkgames.com/,48,242523,Gaming,unknown,30,lxx_link=https://forums.fatsharkgames.com/; lxx_link_type=Nofollow; lxx_paid=false; manual_hold=false; language=English; update_date=2025-09-23T00:00:00+00:00; tips=; details=; offer=
1959,8c38aa04-60d0-4bc9-b32d-fb72f571ff75,lxx_ai,geekgirlsnightout.com,https://geekgirlsnightout.com/,48,0,General,unknown,30,lxx_link=https://geekgirlsnightout.com/; lxx_link_type=Nofollow; lxx_paid=false; manual_hold=false; language=English; update_date=2025-09-23T00:00:00+00:00; tips=; details=; offer=
1960,d532e0ee-f114-4a67-a701-1d1ab85f1af0,lxx_ai,hotfrog.at,https://hotfrog.at/,48,2605,General,unknown,30,lxx_link=https://hotfrog.at/; lxx_link_type=Nofollow; lxx_paid=false; manual_hold=false; language=German; update_date=2025-09-23T00:00:00+00:00; tips=; details=; offer=
1961,c432acbc-6bb8-4005-b715-dc6c7b66ed0c,lxx_ai,hotfrog.dk,https://hotfrog.dk/,48,3589,General,unknown,30,lxx_link=https://hotfrog.dk/; lxx_link_type=Nofollow; lxx_paid=false; manual_hold=false; language=Danish; update_date=2025-09-23T00:00:00+00:00; tips=; details=; offer=
1962,757f7a30-fedc-4a81-bb07-d14e6f7a561a,lxx_ai,hotfrog.pt,https://hotfrog.pt/,48,4028,General,unknown,30,lxx_link=https://hotfrog.pt/; lxx_link_type=Nofollow; lxx_paid=false; manual_hold=false; language=Portuguese; update_date=2025-09-23T00:00:00+00:00; tips=; details=; offer=
1963,a4552300-e27a-4f90-b2fa-525a77bc76cf,lxx_ai,infographicbee.com,https://www.infographicbee.com/,48,3264,General,unknown,30,lxx_link=https://www.infographicbee.com/; lxx_link_type=Nofollow; lxx_paid=false; manual_hold=false; language=English; update_date=2025-09-23T00:00:00+00:00; tips=; details=; offer=
1964,8d490c92-c254-4f62-983e-2686670b65e3,lxx_ai,matchstickpro.com,https://matchstickpro.com/,48,11998,Entertainment,unknown,30,lxx_link=https://matchstickpro.com/; lxx_link_type=Nofollow; lxx_paid=false; manual_hold=false; language=English; update_date=2025-09-23T00:00:00+00:00; tips=; details=; offer=
1965,0862d422-4269-43b0-8c09-7a822b6b841b,lxx_ai,misterwhat.com,https://www.misterwhat.com/,48,23886,General,unknown,30,lxx_link=https://www.misterwhat.com/; lxx_link_type=Nofollow; lxx_paid=false; manual_hold=false; language=English; update_date=2025-09-23T00:00:00+00:00; tips=; details=; offer=
1966,ccb7c673-26e8-49fa-9f8c-b7076eaabfec,lxx_ai,mylot.com,https://mylot.com/,48,87116,General,unknown,30,lxx_link=https://mylot.com/; lxx_link_type=Nofollow; lxx_paid=false; manual_hold=false; language=English; update_date=2025-09-23T00:00:00+00:00; tips=; details=; offer=
1967,1b23ff14-87cf-44f7-923a-413ac7dd1da7,lxx_ai,portfoliopen.com,https://portfoliopen.com/,48,2384,art,unknown,30,lxx_link=https://portfoliopen.com/; lxx_link_type=Nofollow; lxx_paid=false; manual_hold=false; language=English; update_date=2025-09-23T00:00:00+00:00; tips=; details=; offer=
1968,02d581c5-b650-480c-96bf-940bd433d905,lxx_ai,tuugo.com.mx,https://tuugo.com.mx/,48,0,General,unknown,30,lxx_link=https://tuugo.com.mx/; lxx_link_type=Nofollow; lxx_paid=false; manual_hold=false; language=Spanish; update_date=2025-09-23T00:00:00+00:00; tips=; details=; offer=
1969,872cd0fe-a539-4c2c-a509-e987c6b9d5a9,lxx_ai,10lance.com,https://10lance.com/,47,0,General,unknown,30,lxx_link=https://10lance.com/; lxx_link_type=Nofollow; lxx_paid=false; manual_hold=false; language=Russian; update_date=2025-09-23T00:00:00+00:00; tips=; details=; offer=
1970,8ddbc316-ff51-4b58-8137-af565afd8419,lxx_ai,cyclechat.net,https://cyclechat.net/,47,236575,Sports,unknown,30,lxx_link=https://cyclechat.net/; lxx_link_type=Nofollow; lxx_paid=false; manual_hold=false; language=English; update_date=2025-09-23T00:00:00+00:00; tips=; details=; offer=
1971,80c83b52-00a9-4dd4-9666-4ce237a75247,lxx_ai,hometrust.sg,https://hometrust.sg/,47,50777,Architecture,unknown,30,lxx_link=https://hometrust.sg/; lxx_link_type=Nofollow; lxx_paid=false; manual_hold=false; language=English; update_date=2025-09-23T00:00:00+00:00; tips=; details=; offer=
1972,1bcf4b9b-ceb3-43dd-8b97-4768ab71f9c0,lxx_ai,hotfrog.com.mx,https://hotfrog.com.mx/,47,5323,General,unknown,30,lxx_link=https://hotfrog.com.mx/; lxx_link_type=Nofollow; lxx_paid=false; manual_hold=false; language=Spanish; update_date=2025-09-23T00:00:00+00:00; tips=; details=; offer=
1973,7c195c96-a1a9-4f2f-8539-3e87cd261970,lxx_ai,hotfrog.pl,https://hotfrog.pl/,47,6352,General,unknown,30,lxx_link=https://hotfrog.pl/; lxx_link_type=Nofollow; lxx_paid=false; manual_hold=false; language=Polish; update_date=2025-09-23T00:00:00+00:00; tips=; details=; offer=
1974,9a5e6e94-5148-4ac2-8ece-889d80dcd1f7,lxx_ai,mytechlogy.com,https://mytechlogy.com/,47,0,General,unknown,30,lxx_link=https://mytechlogy.com/; lxx_link_type=Nofollow; lxx_paid=false; manual_hold=false; language=English; update_date=2025-09-23T00:00:00+00:00; tips=; details=; offer=
1975,b508011a-9513-423d-93ce-88973c0ccd10,lxx_ai,yalwa.nl,https://yalwa.nl/,47,0,General,unknown,30,lxx_link=https://yalwa.nl/; lxx_link_type=Nofollow; lxx_paid=false; manual_hold=false; language=English; update_date=2025-09-23T00:00:00+00:00; tips=; details=; offer=
1976,e87df054-229c-4ea3-9103-828e98903084,lxx_ai,animeforums.net,https://animeforums.net/,46,64364,Anime,unknown,30,lxx_link=https://animeforums.net/; lxx_link_type=Nofollow; lxx_paid=false; manual_hold=false; language=English; update_date=2025-09-23T00:00:00+00:00; tips=; details=; offer=
1977,96b33709-7f5d-4616-9fca-dd6ac041abc5,lxx_ai,ecomodder.com,https://ecomodder.com/forum/,46,25547,Automobile,unknown,30,lxx_link=https://ecomodder.com/forum/; lxx_link_type=Nofollow; lxx_paid=false; manual_hold=false; language=English; update_date=2025-09-23T00:00:00+00:00; tips=; details=; offer=
1978,90f149fe-e9bc-4be9-b9a4-1611eba96df8,lxx_ai,forum.leasehackr.com,https://forum.leasehackr.com/,46,1004890,Automobile,unknown,30,lxx_link=https://forum.leasehackr.com/; lxx_link_type=Nofollow; lxx_paid=false; manual_hold=false; language=English; update_date=2025-09-23T00:00:00+00:00; tips=; details=; offer=
1979,d0123af4-f561-4eef-8d1c-0735833ffbb6,lxx_ai,forum.utibeinyang.com,https://forum.utibeinyang.com/,46,0,General,unknown,30,lxx_link=https://forum.utibeinyang.com/; lxx_link_type=Nofollow; lxx_paid=false; manual_hold=false; language=English; update_date=2025-09-23T00:00:00+00:00; tips=; details=; offer=
1980,0216dc76-65af-48fc-b5e3-a17492702f05,lxx_ai,groupdiy.com,https://groupdiy.com/,46,150155,Music,unknown,30,lxx_link=https://groupdiy.com/; lxx_link_type=Nofollow; lxx_paid=false; manual_hold=false; language=English; update_date=2025-09-23T00:00:00+00:00; tips=; details=; offer=
1981,5530b84e-d367-43d8-808a-ca6928f1817b,lxx_ai,hotfrog.ch,https://hotfrog.ch/,46,3920,General,unknown,30,lxx_link=https://hotfrog.ch/; lxx_link_type=Nofollow; lxx_paid=false; manual_hold=false; language=German; update_date=2025-09-23T00:00:00+00:00; tips=; details=; offer=
1982,991ab91e-a893-490b-b7e8-b65ab6db08fe,lxx_ai,hotfrog.cl,https://hotfrog.cl/,46,2191,General,unknown,30,lxx_link=https://hotfrog.cl/; lxx_link_type=Nofollow; lxx_paid=false; manual_hold=false; language=Spanish; update_date=2025-09-23T00:00:00+00:00; tips=; details=; offer=
1983,8ac37d74-ca1f-4cec-8680-dc1b90256857,lxx_ai,joyfreak.com,https://joyfreak.com/,46,33223,Gaming,unknown,30,lxx_link=https://joyfreak.com/; lxx_link_type=Nofollow; lxx_paid=false; manual_hold=false; language=English; update_date=2025-09-23T00:00:00+00:00; tips=; details=; offer=
1984,1da3a480-d0b9-4a22-b097-9e34360ccf1c,lxx_ai,lawnsite.com,https://lawnsite.com/,46,679188,General,unknown,30,lxx_link=https://lawnsite.com/; lxx_link_type=Nofollow; lxx_paid=false; manual_hold=false; language=English; update_date=2025-09-23T00:00:00+00:00; tips=; details=; offer=
1985,85a03c33-b4a1-47a8-bc3e-207af1627a83,lxx_ai,letsdiskuss.com,https://letsdiskuss.com/,46,36943,General,unknown,30,lxx_link=https://letsdiskuss.com/; lxx_link_type=Nofollow; lxx_paid=false; manual_hold=false; language=English; update_date=2025-09-23T00:00:00+00:00; tips=; details=; offer=
1986,f3f0f8f6-74c9-4eed-bdc5-243b8a935623,lxx_ai,promocodes.com,https://www.promocodes.com/,46,97891,General,unknown,30,lxx_link=https://www.promocodes.com/; lxx_link_type=Nofollow; lxx_paid=false; manual_hold=false; language=English; update_date=2025-09-23T00:00:00+00:00; tips=; details=; offer=
1987,387c51a8-7890-4385-b1be-696299edd373,lxx_ai,topgoldforum.com,https://topgoldforum.com/,46,0,General,unknown,30,lxx_link=https://topgoldforum.com/; lxx_link_type=Nofollow; lxx_paid=false; manual_hold=false; language=English; update_date=2025-09-23T00:00:00+00:00; tips=; details=; offer=
1988,a1b74c51-0efd-4ed8-a7ee-2cfed54bcbf9,lxx_ai,yalwa.fr,https://www.yalwa.fr/,46,0,General,unknown,30,lxx_link=https://www.yalwa.fr/; lxx_link_type=Nofollow; lxx_paid=false; manual_hold=false; language=English; update_date=2025-09-23T00:00:00+00:00; tips=; details=; offer=
1989,4f9b0caf-826c-4d98-9071-56d2956c03f4,lxx_ai,yalwa.ie,https://yalwa.ie/,46,0,General,unknown,30,lxx_link=https://yalwa.ie/; lxx_link_type=Nofollow; lxx_paid=false; manual_hold=false; language=English; update_date=2025-09-23T00:00:00+00:00; tips=; details=; offer=
1990,4ec9fb06-ed73-4a52-8539-119a3c80e400,lxx_ai,forums.nexopia.com,https://forums.nexopia.com/,45,0,Lifestyle,unknown,30,lxx_link=https://forums.nexopia.com/; lxx_link_type=Nofollow; lxx_paid=false; manual_hold=false; language=English; update_date=2025-09-23T00:00:00+00:00; tips=; details=; offer=
1991,ba1b783c-3021-4f60-a65c-81ae002e36f8,lxx_ai,prfire.co.uk,https://prfire.co.uk/,45,25316,General,unknown,30,lxx_link=https://prfire.co.uk/; lxx_link_type=Nofollow; lxx_paid=false; manual_hold=false; language=English; update_date=2025-09-23T00:00:00+00:00; tips=; details=; offer=
1992,6c91550c-d2a6-4b63-85ad-f0a78a5a7b4b,lxx_ai,small-business-forum.net,https://small-business-forum.net/,45,41,Bussiness,unknown,30,lxx_link=https://small-business-forum.net/; lxx_link_type=Nofollow; lxx_paid=false; manual_hold=false; language=English; update_date=2025-09-23T00:00:00+00:00; tips=; details=; offer=
1993,5eb0fec7-276c-40e5-aeb7-03929407054c,lxx_ai,soccergaming.com,https://soccergaming.com/index.php,45,621806,Gaming,unknown,30,lxx_link=https://soccergaming.com/index.php; lxx_link_type=Nofollow; lxx_paid=false; manual_hold=false; language=English; update_date=2025-09-23T00:00:00+00:00; tips=; details=; offer=
1994,d7e6887c-3909-4ae0-9c0e-61c2fd5eb8ab,lxx_ai,subaruforester.org,https://subaruforester.org/,45,551380,Automobile,unknown,30,lxx_link=https://subaruforester.org/; lxx_link_type=Nofollow; lxx_paid=false; manual_hold=false; language=English; update_date=2025-09-23T00:00:00+00:00; tips=; details=; offer=
1995,5f7b396b-105c-4e24-bd3f-7a0d7ca2e259,lxx_ai,thegreatapps.com,https://thegreatapps.com/,45,17344,Mobile App,unknown,30,lxx_link=https://thegreatapps.com/; lxx_link_type=Nofollow; lxx_paid=false; manual_hold=false; language=English; update_date=2025-09-23T00:00:00+00:00; tips=; details=; offer=
1996,dedcab19-05be-4917-89ea-66b8c47de755,lxx_ai,aspkin.com,https://www.aspkin.com/forums/,44,11256,General,unknown,30,lxx_link=https://www.aspkin.com/forums/; lxx_link_type=Nofollow; lxx_paid=false; manual_hold=false; language=English; update_date=2025-09-23T00:00:00+00:00; tips=; details=; offer=
1997,c039f62b-bb9d-4960-a321-e53e70c3ef26,lxx_ai,cipinet.com,https://cipinet.com/,44,13997,General,unknown,30,lxx_link=https://cipinet.com/; lxx_link_type=Nofollow; lxx_paid=false; manual_hold=false; language=English; update_date=2025-09-23T00:00:00+00:00; tips=; details=; offer=
1998,30471b04-1f7e-48ff-a2f4-eb431699158f,lxx_ai,cylex.ie,https://cylex.ie/,44,26709,General,unknown,30,lxx_link=https://cylex.ie/; lxx_link_type=Nofollow; lxx_paid=false; manual_hold=false; language=English; update_date=2025-09-23T00:00:00+00:00; tips=; details=; offer=
1999,88dadb5e-8a24-43b7-8336-cfc835b39f90,lxx_ai,cylex.nl,https://www.cylex.nl/,44,56753,General,unknown,30,lxx_link=https://www.cylex.nl/; lxx_link_type=Nofollow; lxx_paid=false; manual_hold=false; language=English; update_date=2025-09-23T00:00:00+00:00; tips=; details=; offer=
2000,bc0232b2-71a0-49e9-9897-e165a65b38e3,lxx_ai,diysolarforum.com,https://diysolarforum.com/,44,876224,General,unknown,30,lxx_link=https://diysolarforum.com/; lxx_link_type=Nofollow; lxx_paid=false; manual_hold=false; language=English; update_date=2025-09-23T00:00:00+00:00; tips=; details=; offer=
2001,e4e5b6bb-21d4-4faf-b964-7227314d9421,lxx_ai,forum.proguitar.com,https://forum.proguitar.com/,44,0,Music,unknown,30,lxx_link=https://forum.proguitar.com/; lxx_link_type=Nofollow; lxx_paid=false; manual_hold=false; language=English; update_date=2025-09-23T00:00:00+00:00; tips=; details=; offer=
2002,6b970565-9195-4b9a-b46d-ce8e9383e00b,lxx_ai,forums.musicplayer.com,https://forums.musicplayer.com/,44,84582,Music,unknown,30,lxx_link=https://forums.musicplayer.com/; lxx_link_type=Nofollow; lxx_paid=false; manual_hold=false; language=English; update_date=2025-09-23T00:00:00+00:00; tips=; details=; offer=
2003,3ffcefd8-3a32-409b-a479-6991281afe0a,lxx_ai,krita-artists.org,https://krita-artists.org/,44,556202,Art,unknown,30,lxx_link=https://krita-artists.org/; lxx_link_type=Nofollow; lxx_paid=false; manual_hold=false; language=English; update_date=2025-09-23T00:00:00+00:00; tips=; details=; offer=
2004,36ab62be-d58a-42a8-8952-afbdb8e1baf7,lxx_ai,mac-forums.com,https://mac-forums.com/,44,113815,Consumer,unknown,30,lxx_link=https://mac-forums.com/; lxx_link_type=Nofollow; lxx_paid=false; manual_hold=false; language=English; update_date=2025-09-23T00:00:00+00:00; tips=; details=; offer=
2005,6160ed68-9b1d-4038-8da4-34995838f03d,lxx_ai,woodworkforums.com,https://woodworkforums.com/,44,34651,General,unknown,30,lxx_link=https://woodworkforums.com/; lxx_link_type=Nofollow; lxx_paid=false; manual_hold=false; language=English; update_date=2025-09-23T00:00:00+00:00; tips=; details=; offer=
2006,7b3d8a28-c91e-47d6-9784-61661a39dac9,lxx_ai,answersmode.com,https://answersmode.com/,43,0,General,unknown,30,lxx_link=https://answersmode.com/; lxx_link_type=Nofollow; lxx_paid=false; manual_hold=false; language=English; update_date=2025-09-23T00:00:00+00:00; tips=; details=; offer=
2007,6390bd6b-f3cb-44c6-9e7c-c94693cf6438,lxx_ai,article.advertiseera.com,https://article.advertiseera.com/,43,11998,General,unknown,30,lxx_link=https://article.advertiseera.com/; lxx_link_type=Nofollow; lxx_paid=false; manual_hold=false; language=English; update_date=2025-09-23T00:00:00+00:00; tips=; details=; offer=
2008,06e70a72-8ff8-4f28-8100-13d3b4309cdc,lxx_ai,australianguide.net,https://www.australianguide.net/,43,0,General,unknown,30,lxx_link=https://www.australianguide.net/; lxx_link_type=Nofollow; lxx_paid=false; manual_hold=false; language=English; update_date=2025-09-23T00:00:00+00:00; tips=; details=; offer=
2009,6a811902-d8f9-4d0b-8454-d93e4d13a072,lxx_ai,hotfrog.no,https://hotfrog.no/,43,4723,General,unknown,30,lxx_link=https://hotfrog.no/; lxx_link_type=Nofollow; lxx_paid=false; manual_hold=false; language=Norwegian; update_date=2025-09-23T00:00:00+00:00; tips=; details=; offer=
2010,6ffe1fc8-2aa2-44cc-b53b-9d2ff42a7af3,lxx_ai,promoteproject.com,https://www.promoteproject.com/,43,24581,general,unknown,30,lxx_link=https://www.promoteproject.com/; lxx_link_type=Nofollow; lxx_paid=false; manual_hold=false; language=English; update_date=2025-09-23T00:00:00+00:00; tips=; details=; offer=
2011,f2141c36-c020-4f8e-b47b-37c50280ae10,lxx_ai,retrobike.co.uk,https://retrobike.co.uk/forums/,43,201895,Sports,unknown,30,lxx_link=https://retrobike.co.uk/forums/; lxx_link_type=Nofollow; lxx_paid=false; manual_hold=false; language=English; update_date=2025-09-23T00:00:00+00:00; tips=; details=; offer=
2012,00ee13fe-feb4-46bd-b43b-8c8d5adadbbf,lxx_ai,worknhire.com,https://worknhire.com/,43,16207,General,unknown,30,lxx_link=https://worknhire.com/; lxx_link_type=Nofollow; lxx_paid=false; manual_hold=false; language=English; update_date=2025-09-23T00:00:00+00:00; tips=; details=; offer=
2013,271ce87f-37e8-4369-b838-170f82a313af,lxx_ai,yalwa.at,https://yalwa.at/,43,0,General,unknown,30,lxx_link=https://yalwa.at/; lxx_link_type=Nofollow; lxx_paid=false; manual_hold=false; language=English; update_date=2025-09-23T00:00:00+00:00; tips=; details=; offer=
2014,d16432ae-d844-4bb2-b8c3-2e4d86ce9dc1,lxx_ai,aixindashi.org,https://aixindashi.org/,42,0,General,unknown,30,lxx_link=https://aixindashi.org/; lxx_link_type=Nofollow; lxx_paid=false; manual_hold=false; language=English; update_date=2025-09-23T00:00:00+00:00; tips=; details=; offer=
2015,da318616-ef3d-4f08-9e78-683a91904959,lxx_ai,couponx.com,https://couponx.com/,42,13656,General,unknown,30,lxx_link=https://couponx.com/; lxx_link_type=Nofollow; lxx_paid=false; manual_hold=false; language=English; update_date=2025-09-23T00:00:00+00:00; tips=; details=; offer=
2016,cf74abf5-6513-4c8d-8595-5d0157f66ef3,lxx_ai,cylex-swiss.ch,https://www.cylex-swiss.ch/,42,15812,General,unknown,30,lxx_link=https://www.cylex-swiss.ch/; lxx_link_type=Nofollow; lxx_paid=false; manual_hold=false; language=English; update_date=2025-09-23T00:00:00+00:00; tips=; details=; offer=
2017,18eee3c4-90e4-4abb-b551-cefe2a9f4907,lxx_ai,forum.esk8.news,https://forum.esk8.news/,42,75319,General,unknown,30,lxx_link=https://forum.esk8.news/; lxx_link_type=Nofollow; lxx_paid=false; manual_hold=false; language=English; update_date=2025-09-23T00:00:00+00:00; tips=; details=; offer=
2018,1727ae75-b7e0-4bca-b5bb-b53b66219b6e,lxx_ai,forum.mp3store.pl,https://forum.mp3store.pl/,42,97454,Music,unknown,30,lxx_link=https://forum.mp3store.pl/; lxx_link_type=Nofollow; lxx_paid=false; manual_hold=false; language=Polish; update_date=2025-09-23T00:00:00+00:00; tips=; details=; offer=
2019,4b962f1f-df33-434f-9802-fbb10a1a6223,lxx_ai,forums.homecomingservers.com,https://forums.homecomingservers.com/,42,128872,Gaming,unknown,30,lxx_link=https://forums.homecomingservers.com/; lxx_link_type=Nofollow; lxx_paid=false; manual_hold=false; language=English; update_date=2025-09-23T00:00:00+00:00; tips=; details=; offer=
2020,9c00c336-85e4-4740-b02c-52d7510340f9,lxx_ai,math10.com,https://math10.com/forum/,42,230100,Science,unknown,30,lxx_link=https://math10.com/forum/; lxx_link_type=Nofollow; lxx_paid=false; manual_hold=false; language=English; update_date=2025-09-23T00:00:00+00:00; tips=; details=; offer=
2021,a5327a1f-6718-45ef-90cd-2e7f6fac557a,lxx_ai,pedelecforum.de,https://pedelecforum.de/forum/index.php,42,955709,Sports,unknown,30,lxx_link=https://pedelecforum.de/forum/index.php; lxx_link_type=Nofollow; lxx_paid=false; manual_hold=false; language=English; update_date=2025-09-23T00:00:00+00:00; tips=; details=; offer=
2022,263c6f9c-f45b-481c-b431-51ad16677039,lxx_ai,theoueb.com,https://theoueb.com/,42,3168,General,unknown,30,lxx_link=https://theoueb.com/; lxx_link_type=Nofollow; lxx_paid=false; manual_hold=false; language=French; update_date=2025-09-23T00:00:00+00:00; tips=; details=; offer=
2023,1f5de4b8-0d1f-4cca-b53d-1c30c4df935e,lxx_ai,yalwa.in,https://yalwa.in/,42,0,General,unknown,30,lxx_link=https://yalwa.in/; lxx_link_type=Nofollow; lxx_paid=false; manual_hold=false; language=English; update_date=2025-09-23T00:00:00+00:00; tips=; details=; offer=
2024,eb91acd6-992f-465e-b326-0f0cda42f37e,lxx_ai,aima.net.au,https://www.aima.net.au/search/,41,0,Doctor,unknown,30,lxx_link=https://www.aima.net.au/search/; lxx_link_type=Nofollow; lxx_paid=false; manual_hold=false; language=English; update_date=2025-09-23T00:00:00+00:00; tips=; details=; offer=
2025,0c8bade5-a88e-4b03-b093-c271f2b0907a,lxx_ai,bizwarriors.com,https://bizwarriors.com/,41,2770,Bussiness,unknown,30,lxx_link=https://bizwarriors.com/; lxx_link_type=Nofollow; lxx_paid=false; manual_hold=false; language=English; update_date=2025-09-23T00:00:00+00:00; tips=; details=; offer=
2026,b55cf2be-1379-4a77-8574-217c9e4ddc59,lxx_ai,buysmartprice.com,https://buysmartprice.com/,41,0,General,unknown,30,lxx_link=https://buysmartprice.com/; lxx_link_type=Nofollow; lxx_paid=false; manual_hold=false; language=English; update_date=2025-09-23T00:00:00+00:00; tips=; details=; offer=
2027,679069c9-f0a0-407f-bd4c-0d7f74f01849,lxx_ai,den.yt,https://den.yt/,41,0,General,unknown,30,lxx_link=https://den.yt/; lxx_link_type=Nofollow; lxx_paid=false; manual_hold=false; language=English; update_date=2025-09-23T00:00:00+00:00; tips=; details=; offer=
2028,6e21ac2f-54b1-4b8d-98ed-ed58b64d6ba9,lxx_ai,forum.cad.pl,https://forum.cad.pl/,41,0,Art,unknown,30,lxx_link=https://forum.cad.pl/; lxx_link_type=Nofollow; lxx_paid=false; manual_hold=false; language=Polish; update_date=2025-09-23T00:00:00+00:00; tips=; details=; offer=
2029,7c49d484-99dc-49e5-b72f-9fb5fdb9cd59,lxx_ai,lamborghini-talk.com,https://lamborghini-talk.com/,41,91303,Automobile,unknown,30,lxx_link=https://lamborghini-talk.com/; lxx_link_type=Nofollow; lxx_paid=false; manual_hold=false; language=English; update_date=2025-09-23T00:00:00+00:00; tips=; details=; offer=
2030,e6045b27-ea4b-4ebc-a849-f5d575c9ee1c,lxx_ai,rpgwatch.com,https://rpgwatch.com/,41,201616,Gaming,unknown,30,lxx_link=https://rpgwatch.com/; lxx_link_type=Nofollow; lxx_paid=false; manual_hold=false; language=English; update_date=2025-09-23T00:00:00+00:00; tips=; details=; offer=
2031,46e8ca07-4295-48b7-a23f-66e2934fa5bf,lxx_ai,botw.org.uk,https://botw.org.uk/,40,6988,General,unknown,30,lxx_link=https://botw.org.uk/; lxx_link_type=Nofollow; lxx_paid=false; manual_hold=false; language=English; update_date=2025-09-23T00:00:00+00:00; tips=; details=; offer=
2032,2ec7d41a-eb9c-43e8-84ce-d018f912e497,lxx_ai,dirittopratico.it,https://www.dirittopratico.it/forum/,40,151772,Legal,unknown,30,lxx_link=https://www.dirittopratico.it/forum/; lxx_link_type=Nofollow; lxx_paid=false; manual_hold=false; language=Italian; update_date=2025-09-23T00:00:00+00:00; tips=; details=; offer=
2033,24ae9af3-5a9f-4f12-9a00-cb14de24d157,lxx_ai,edukite.org,https://edukite.org/,40,377,Education,unknown,30,lxx_link=https://edukite.org/; lxx_link_type=Nofollow; lxx_paid=false; manual_hold=false; language=English; update_date=2025-09-23T00:00:00+00:00; tips=; details=; offer=
2034,783a06fe-c42e-45d5-a113-8725f9662fc7,lxx_ai,localsites.ca,https://localsites.ca/,40,506,General,unknown,30,lxx_link=https://localsites.ca/; lxx_link_type=Nofollow; lxx_paid=false; manual_hold=false; language=English; update_date=2025-09-23T00:00:00+00:00; tips=; details=; offer=
2035,0b278170-065b-4295-be20-321156399f33,lxx_ai,master-land.net,https://master-land.net/,40,0,Developers,unknown,30,lxx_link=https://master-land.net/; lxx_link_type=Nofollow; lxx_paid=false; manual_hold=false; language=English; update_date=2025-09-23T00:00:00+00:00; tips=; details=; offer=
2036,18922880-8a80-4bd1-ab10-643862d8ee6e,lxx_ai,misterwhat-au.com,https://www.misterwhat-au.com/,40,8716,General,unknown,30,lxx_link=https://www.misterwhat-au.com/; lxx_link_type=Nofollow; lxx_paid=false; manual_hold=false; language=English; update_date=2025-09-23T00:00:00+00:00; tips=; details=; offer=
2037,0f2bb449-753c-4b76-83e4-54aa9b1500e1,lxx_ai,ozbusiness.com.au,https://www.ozbusiness.com.au/,40,0,General,unknown,30,lxx_link=https://www.ozbusiness.com.au/; lxx_link_type=Nofollow; lxx_paid=false; manual_hold=false; language=English; update_date=2025-09-23T00:00:00+00:00; tips=; details=; offer=
2038,29d3b549-c36c-44c3-a719-058467411bc2,lxx_ai,pinoygamer.ph,https://pinoygamer.ph/,40,41326,Gaming,unknown,30,lxx_link=https://pinoygamer.ph/; lxx_link_type=Nofollow; lxx_paid=false; manual_hold=false; language=English; update_date=2025-09-23T00:00:00+00:00; tips=; details=; offer=
2039,cf656856-4599-4beb-8541-6f2e9075e932,lxx_ai,simandhareducation.com,https://simandhareducation.com/forum/,40,90875,Education,unknown,30,lxx_link=https://simandhareducation.com/forum/; lxx_link_type=Nofollow; lxx_paid=false; manual_hold=false; language=English; update_date=2025-09-23T00:00:00+00:00; tips=; details=; offer=
2040,0af01b65-f15a-45ce-a679-64eb5ad4e920,lxx_ai,tuugo.es,https://tuugo.es/,40,0,General,unknown,30,lxx_link=https://tuugo.es/; lxx_link_type=Nofollow; lxx_paid=false; manual_hold=false; language=Spanish; update_date=2025-09-23T00:00:00+00:00; tips=; details=; offer=
2041,cdecf187-59a3-4c38-a72a-00c9c63f42d6,lxx_ai,yably.de,https://yably.de/,40,77278,General,unknown,30,lxx_link=https://yably.de/; lxx_link_type=Nofollow; lxx_paid=false; manual_hold=false; language=English; update_date=2025-09-23T00:00:00+00:00; tips=; details=; offer=
2042,7f8ec24b-7153-4944-b8b3-d94308068eb5,lxx_ai,ggmania.com,https://ggmania.com/,39,38400,Forum,unknown,30,lxx_link=https://ggmania.com/; lxx_link_type=Unknown; lxx_paid=false; manual_hold=false; language=English; update_date=2025-05-21T00:00:00+00:00; tips=Reply to a post; details=; offer=
2043,6bdf1fea-9dcf-4146-a2be-c2785cb9c114,lxx_ai,makershop.de,https://www.makershop.de,36,23700,Shop,unknown,30,lxx_link=https://www.makershop.de; lxx_link_type=Unknown; lxx_paid=false; manual_hold=false; language=German; update_date=2025-05-21T00:00:00+00:00; tips=Reply to a post; details=; offer=
2044,65bb3ef8-daf1-4a4a-9e18-082de5b05e3c,lxx_ai,livinlite.com,https://www.livinlite.com/,34,10300,Forum,unknown,30,lxx_link=https://www.livinlite.com/; lxx_link_type=Unknown; lxx_paid=false; manual_hold=false; language=English; update_date=2025-05-21T00:00:00+00:00; tips=Reply to a post; details=; offer=
2045,034edec6-a07e-4b45-9e89-9076abde32d8,lxx_ai,community.forumpromotion.net,https://community.forumpromotion.net/,38,0,Marketing,profile,25,lxx_link=https://community.forumpromotion.net/; lxx_link_type=Nofollow; lxx_paid=false; manual_hold=false; language=English; update_date=2025-09-23T00:00:00+00:00; tips=; details=; offer=
2046,883d22a8-dca9-40e1-8873-7c63574c5de5,lxx_ai,community.moviebattles.org,https://community.moviebattles.org/,38,16735,General,profile,25,lxx_link=https://community.moviebattles.org/; lxx_link_type=Nofollow; lxx_paid=false; manual_hold=false; language=English; update_date=2025-09-23T00:00:00+00:00; tips=; details=; offer=
2047,a5f80c7f-5221-4205-b50a-3c9fa69c1875,lxx_ai,community.vvsor.nl,https://community.vvsor.nl/,37,210,General,profile,25,lxx_link=https://community.vvsor.nl/; lxx_link_type=Nofollow; lxx_paid=false; manual_hold=false; language=English; update_date=2025-09-23T00:00:00+00:00; tips=; details=; offer=
2048,3fc25e38-371b-4ea5-bc61-47310e7ab2e6,lxx_ai,euseguros.pt,https://euseguros.pt/community/,36,0,Finance,profile,25,lxx_link=https://euseguros.pt/community/; lxx_link_type=Nofollow; lxx_paid=false; manual_hold=false; language=English; update_date=2025-09-23T00:00:00+00:00; tips=; details=; offer=
2049,fcf2ef2f-b921-4d10-beba-37dd546a0a0e,lxx_ai,community.benetalk.com,https://community.benetalk.com/,32,0,General,profile,25,lxx_link=https://community.benetalk.com/; lxx_link_type=Nofollow; lxx_paid=false; manual_hold=false; language=English; update_date=2025-09-23T00:00:00+00:00; tips=; details=; offer=
2050,7bfc88f7-19a3-44a6-8114-7f3bd5b55145,lxx_ai,community.guitartalk.co.za,https://community.guitartalk.co.za/,31,5380,Music,profile,25,lxx_link=https://community.guitartalk.co.za/; lxx_link_type=Nofollow; lxx_paid=false; manual_hold=false; language=English; update_date=2025-09-23T00:00:00+00:00; tips=; details=; offer=
2051,cf34f050-61d6-4e47-85c2-abe7c0470cc9,lxx_ai,community.unschool.in,https://community.unschool.in/,28,212,Education,profile,25,lxx_link=https://community.unschool.in/; lxx_link_type=Nofollow; lxx_paid=false; manual_hold=false; language=English; update_date=2025-09-23T00:00:00+00:00; tips=; details=; offer=
2052,2ff03b07-3b28-47ff-8239-7184f52d4da4,lxx_ai,audiotiers.com,https://audiotiers.com/community/,26,0,Music,profile,25,lxx_link=https://audiotiers.com/community/; lxx_link_type=Nofollow; lxx_paid=false; manual_hold=false; language=English; update_date=2025-09-23T00:00:00+00:00; tips=; details=; offer=
2053,e054303b-083a-4ba9-9a00-3665dacf2fa7,lxx_ai,community.acnenaturalhealing.com,https://community.acnenaturalhealing.com/,21,0,General,profile,25,lxx_link=https://community.acnenaturalhealing.com/; lxx_link_type=Nofollow; lxx_paid=false; manual_hold=false; language=English; update_date=2025-09-23T00:00:00+00:00; tips=; details=; offer=
2054,350b694d-eb06-409d-8292-2b3ba5dc010b,lxx_ai,community.healthynatured.com,https://community.healthynatured.com/,20,0,Health,profile,25,lxx_link=https://community.healthynatured.com/; lxx_link_type=Nofollow; lxx_paid=false; manual_hold=false; language=English; update_date=2025-09-23T00:00:00+00:00; tips=; details=; offer=
2055,cb1c099c-3492-4396-a036-81af317b2277,lxx_ai,community.lettuce.money,https://community.lettuce.money/,20,0,General,profile,25,lxx_link=https://community.lettuce.money/; lxx_link_type=Nofollow; lxx_paid=false; manual_hold=false; language=English; update_date=2025-09-23T00:00:00+00:00; tips=; details=; offer=
2056,e8026161-3c94-4527-bf7c-8da32bf03074,lxx_ai,blog-search.com,https://blog-search.com/,38,311,Search Engine,blog_comment,18,lxx_link=https://blog-search.com/; lxx_link_type=Nofollow; lxx_paid=false; manual_hold=false; language=English; update_date=2025-09-23T00:00:00+00:00; tips=; details=; offer=
2057,0a9455be-153f-42d6-b68e-6b42fbd4504f,lxx_ai,bloggersroad.com,https://bloggersroad.com/,31,8155,General,blog_comment,18,lxx_link=https://bloggersroad.com/; lxx_link_type=Nofollow; lxx_paid=false; manual_hold=false; language=English; update_date=2025-09-23T00:00:00+00:00; tips=; details=; offer=
2058,c4a24ff7-fc32-4a9e-a944-d33bd39e751c,lxx_ai,trustpilot.com,https://www.trustpilot.com/,94,77126739,General,unknown,15,lxx_link=https://www.trustpilot.com/; lxx_link_type=Nofollow; lxx_paid=false; manual_hold=true; language=English; update_date=2025-09-23T00:00:00+00:00; tips=; details=; offer=
2059,bd68da0f-eebb-4818-a0a6-b91c2118d049,lxx_ai,producthunt.com,https://www.producthunt.com/,91,3183808,General,unknown,15,lxx_link=https://www.producthunt.com/; lxx_link_type=Nofollow; lxx_paid=false; manual_hold=true; language=English; update_date=2025-09-23T00:00:00+00:00; tips=; details=; offer=
2060,866bda84-b2f2-45f3-a056-2ec1056bdc00,lxx_ai,capterra.com,https://www.capterra.com/,90,2222715,General,unknown,15,lxx_link=https://www.capterra.com/; lxx_link_type=Nofollow; lxx_paid=false; manual_hold=true; language=English; update_date=2025-09-23T00:00:00+00:00; tips=; details=; offer=
2061,a74bfd79-78c7-4eb4-aa6f-c6cc4305cab6,lxx_ai,eventfinder.at,https://www.eventfinder.at/,39,43233,Entertainment,unknown,10,lxx_link=https://www.eventfinder.at/; lxx_link_type=Nofollow; lxx_paid=false; manual_hold=false; language=English; update_date=2025-09-23T00:00:00+00:00; tips=; details=; offer=
2062,5de1cb18-af2c-4871-85b7-d65d0461f3dd,lxx_ai,forum.edilclima.it,https://forum.edilclima.it/,39,98206,Technology,unknown,10,lxx_link=https://forum.edilclima.it/; lxx_link_type=Nofollow; lxx_paid=false; manual_hold=false; language=Italian; update_date=2025-09-23T00:00:00+00:00; tips=; details=; offer=
2063,cee5f039-729f-427e-9fd9-cd781a5ee1ba,lxx_ai,germancarforum.com,https://germancarforum.com/,39,93000,Automobile,unknown,10,lxx_link=https://germancarforum.com/; lxx_link_type=Nofollow; lxx_paid=false; manual_hold=false; language=English; update_date=2025-09-23T00:00:00+00:00; tips=; details=; offer=
2064,68dea41f-2833-4908-8350-6659448f5b4d,lxx_ai,hobbytalk.com,https://hobbytalk.com/,39,26977,General,unknown,10,lxx_link=https://hobbytalk.com/; lxx_link_type=Nofollow; lxx_paid=false; manual_hold=false; language=English; update_date=2025-09-23T00:00:00+00:00; tips=; details=; offer=
2065,2d7c8a7b-2318-4a2c-89ac-1432ffce9b65,lxx_ai,misterwhat.nl,https://www.misterwhat.nl/,39,5928,General,unknown,10,lxx_link=https://www.misterwhat.nl/; lxx_link_type=Nofollow; lxx_paid=false; manual_hold=false; language=Dutch; update_date=2025-09-23T00:00:00+00:00; tips=; details=; offer=
2066,a01ef9a6-a884-4d32-9674-3f2f704a68ed,lxx_ai,mixwebup.com,https://mixwebup.com/,39,0,General,unknown,10,lxx_link=https://mixwebup.com/; lxx_link_type=Nofollow; lxx_paid=false; manual_hold=false; language=English; update_date=2025-09-23T00:00:00+00:00; tips=; details=; offer=
2067,577296e1-3045-4d05-8137-a639e37f7cf7,lxx_ai,mycoupons.com,https://www.mycoupons.com/,39,304,General,unknown,10,lxx_link=https://www.mycoupons.com/; lxx_link_type=Nofollow; lxx_paid=false; manual_hold=false; language=French; update_date=2025-09-23T00:00:00+00:00; tips=; details=; offer=
2068,9ebdfbed-2bca-4459-b797-8423cf7caf87,lxx_ai,psxhax.com,https://psxhax.com/,39,359887,Gaming,unknown,10,lxx_link=https://psxhax.com/; lxx_link_type=Nofollow; lxx_paid=false; manual_hold=false; language=English; update_date=2025-09-23T00:00:00+00:00; tips=; details=; offer=
2069,1175a4f7-034a-42b7-8f13-d1324c19ce6f,lxx_ai,yalwa.co.za,https://yalwa.co.za/,39,0,General,unknown,10,lxx_link=https://yalwa.co.za/; lxx_link_type=Nofollow; lxx_paid=false; manual_hold=false; language=English; update_date=2025-09-23T00:00:00+00:00; tips=; details=; offer=
2070,ee1e04fc-09da-4f96-ad8e-4a4aa6cdd8c1,lxx_ai,yellowpages.my,https://yellowpages.my/,39,125169,General,unknown,10,lxx_link=https://yellowpages.my/; lxx_link_type=Nofollow; lxx_paid=false; manual_hold=false; language=English; update_date=2025-09-23T00:00:00+00:00; tips=; details=; offer=
2071,d4d1c51b-fc0d-4704-90cc-0045cb3206c4,lxx_ai,aussie-hours.com,https://aussie-hours.com/,38,13064,General,unknown,10,lxx_link=https://aussie-hours.com/; lxx_link_type=Nofollow; lxx_paid=false; manual_hold=false; language=English; update_date=2025-09-23T00:00:00+00:00; tips=; details=; offer=
2072,aa639e03-18ea-46aa-a3bd-4361f3698b68,lxx_ai,bookmarkingbase.com,https://bookmarkingbase.com/,38,0,General,unknown,10,lxx_link=https://bookmarkingbase.com/; lxx_link_type=Nofollow; lxx_paid=false; manual_hold=false; language=English; update_date=2025-09-23T00:00:00+00:00; tips=; details=; offer=
2073,ffe3ccf1-7503-460b-8ad0-e0109e106f76,lxx_ai,cassavabase.org,https://cassavabase.org/,38,406,Health,unknown,10,lxx_link=https://cassavabase.org/; lxx_link_type=Nofollow; lxx_paid=false; manual_hold=false; language=English; update_date=2025-09-23T00:00:00+00:00; tips=; details=; offer=
2074,724fbb18-10ad-4a0d-993f-180ad4114a73,lxx_ai,degreeinfo.com,https://degreeinfo.com/,38,44999,Education,unknown,10,lxx_link=https://degreeinfo.com/; lxx_link_type=Nofollow; lxx_paid=false; manual_hold=false; language=English; update_date=2025-09-23T00:00:00+00:00; tips=; details=; offer=
2075,8e3bcdb9-ff0e-488f-9eaf-8b88e14a98fa,lxx_ai,design-buzz.com,https://design-buzz.com/,38,0,General,unknown,10,lxx_link=https://design-buzz.com/; lxx_link_type=Nofollow; lxx_paid=false; manual_hold=false; language=English; update_date=2025-09-23T00:00:00+00:00; tips=; details=; offer=
2076,09ddeb02-9a61-44ca-8729-a20fecb3f8a3,lxx_ai,diymobileaudio.com,https://diymobileaudio.com/,38,425113,Automobile,unknown,10,lxx_link=https://diymobileaudio.com/; lxx_link_type=Nofollow; lxx_paid=false; manual_hold=false; language=English; update_date=2025-09-23T00:00:00+00:00; tips=; details=; offer=
2077,a42ec6aa-30e1-4d0d-9327-fc9c7b1eeb38,lxx_ai,mastermoz.com,https://mastermoz.com/,38,4052,General,unknown,10,lxx_link=https://mastermoz.com/; lxx_link_type=Nofollow; lxx_paid=false; manual_hold=false; language=English; update_date=2025-09-23T00:00:00+00:00; tips=; details=; offer=
2078,d5a5524e-358f-4700-be10-7544ecdc5e31,lxx_ai,misterwhat.pl,https://www.misterwhat.pl/,38,41031,General,unknown,10,lxx_link=https://www.misterwhat.pl/; lxx_link_type=Nofollow; lxx_paid=false; manual_hold=false; language=Polish; update_date=2025-09-23T00:00:00+00:00; tips=; details=; offer=
2079,f3f8b4b8-58d6-477b-a4c9-d799721d0c12,lxx_ai,ndsp.com.au,https://ndsp.com.au/disability-service-providers/,38,35375,Doctor,unknown,10,lxx_link=https://ndsp.com.au/disability-service-providers/; lxx_link_type=Nofollow; lxx_paid=false; manual_hold=false; language=English; update_date=2025-09-23T00:00:00+00:00; tips=; details=; offer=
2080,381b4a58-8aa4-49ed-8ece-82e614de9302,lxx_ai,speakev.com,https://speakev.com/,38,433505,Automobile,unknown,10,lxx_link=https://speakev.com/; lxx_link_type=Nofollow; lxx_paid=false; manual_hold=false; language=English; update_date=2025-09-23T00:00:00+00:00; tips=; details=; offer=
2081,ec517c33-7b29-4a6d-93b0-4d988a2c474b,lxx_ai,storia.me,https://storia.me/,38,0,General,unknown,10,lxx_link=https://storia.me/; lxx_link_type=Nofollow; lxx_paid=false; manual_hold=false; language=English; update_date=2025-09-23T00:00:00+00:00; tips=; details=; offer=
2082,e1813ca0-3d1a-4850-a5b3-ad78539789c9,lxx_ai,tuugo.in,https://tuugo.in/,38,0,General,unknown,10,lxx_link=https://tuugo.in/; lxx_link_type=Nofollow; lxx_paid=false; manual_hold=false; language=English; update_date=2025-09-23T00:00:00+00:00; tips=; details=; offer=
2083,b60c627a-fb2a-4350-9706-61aaf689798f,lxx_ai,yalwa.es,https://yalwa.es/,38,0,General,unknown,10,lxx_link=https://yalwa.es/; lxx_link_type=Nofollow; lxx_paid=false; manual_hold=false; language=English; update_date=2025-09-23T00:00:00+00:00; tips=; details=; offer=
2084,36b12995-622d-44fb-a049-09c0f7a9a39c,lxx_ai,edealinfo.com,https://www.edealinfo.com/,37,603816,General,unknown,10,lxx_link=https://www.edealinfo.com/; lxx_link_type=Nofollow; lxx_paid=false; manual_hold=false; language=English; update_date=2025-09-23T00:00:00+00:00; tips=; details=; offer=
2085,deb248b0-a656-446f-ac5e-9ed44e32c043,lxx_ai,emtbforums.com,https://emtbforums.com/,37,397959,Sports,unknown,10,lxx_link=https://emtbforums.com/; lxx_link_type=Nofollow; lxx_paid=false; manual_hold=false; language=English; update_date=2025-09-23T00:00:00+00:00; tips=; details=; offer=
2086,1c1b89a8-0692-4bcd-8fa0-8989ad664ed1,lxx_ai,forum.pedalpcb.com,https://forum.pedalpcb.com/,37,80789,Consumer,unknown,10,lxx_link=https://forum.pedalpcb.com/; lxx_link_type=Nofollow; lxx_paid=false; manual_hold=false; language=English; update_date=2025-09-23T00:00:00+00:00; tips=; details=; offer=
2087,ba7be9c4-6479-4913-992c-352aedf377eb,lxx_ai,qutee.com,https://qutee.com/,37,0,General,unknown,10,lxx_link=https://qutee.com/; lxx_link_type=Nofollow; lxx_paid=false; manual_hold=false; language=English; update_date=2025-09-23T00:00:00+00:00; tips=; details=; offer=
2088,a1c4dfee-a9a9-415a-b922-6c91a9e68323,lxx_ai,switchforum.com,https://switchforum.com/,37,0,Gaming,unknown,10,lxx_link=https://switchforum.com/; lxx_link_type=Nofollow; lxx_paid=false; manual_hold=false; language=English; update_date=2025-09-23T00:00:00+00:00; tips=; details=; offer=
2089,68adb4ef-62c7-46fd-9261-33ed2d13c59e,lxx_ai,cylex.co.nz,https://www.cylex.co.nz/,36,26218,General,unknown,10,lxx_link=https://www.cylex.co.nz/; lxx_link_type=Nofollow; lxx_paid=false; manual_hold=false; language=English; update_date=2025-09-23T00:00:00+00:00; tips=; details=; offer=
2090,89c82bee-425f-4d84-879f-027986dfd146,lxx_ai,cylex.fi,https://www.cylex.fi/,36,61200,General,unknown,10,lxx_link=https://www.cylex.fi/; lxx_link_type=Nofollow; lxx_paid=false; manual_hold=false; language=English; update_date=2025-09-23T00:00:00+00:00; tips=; details=; offer=
2091,a5f8bd79-83bb-44ec-9eba-8aed330a20b7,lxx_ai,getdpi.com,https://getdpi.com/forum/index.php,36,57218,Photography,unknown,10,lxx_link=https://getdpi.com/forum/index.php; lxx_link_type=Nofollow; lxx_paid=false; manual_hold=false; language=English; update_date=2025-09-23T00:00:00+00:00; tips=; details=; offer=
2092,2a4ddc91-0aa1-44d2-9f86-1035a846d60c,lxx_ai,mypr.bg,https://www.mypr.bg/,36,3910,General,unknown,10,lxx_link=https://www.mypr.bg/; lxx_link_type=Nofollow; lxx_paid=false; manual_hold=false; language=Bulgarian; update_date=2025-09-23T00:00:00+00:00; tips=; details=; offer=
2093,3ec5bcaa-d11c-4c7b-a7b8-156587db5a04,lxx_ai,openphotographyforums.com,https://openphotographyforums.com/forums/,36,10562,Photography,unknown,10,lxx_link=https://openphotographyforums.com/forums/; lxx_link_type=Nofollow; lxx_paid=false; manual_hold=false; language=English; update_date=2025-09-23T00:00:00+00:00; tips=; details=; offer=
2094,c1d5818a-a6a1-4989-b938-0f5f2fdc2814,lxx_ai,presshunt.co,https://presshunt.co/,36,3073,General,unknown,10,lxx_link=https://presshunt.co/; lxx_link_type=Nofollow; lxx_paid=false; manual_hold=false; language=English; update_date=2025-09-23T00:00:00+00:00; tips=; details=; offer=
2095,8cf6fc47-500f-4593-a76a-fb00f8b813fe,lxx_ai,secondlifestorage.com,https://secondlifestorage.com/,36,116791,General,unknown,10,lxx_link=https://secondlifestorage.com/; lxx_link_type=Nofollow; lxx_paid=false; manual_hold=false; language=English; update_date=2025-09-23T00:00:00+00:00; tips=; details=; offer=
2096,4aac9791-e8a8-447f-a498-6db143edc5e1,lxx_ai,talkclassical.com,https://talkclassical.com/,36,203607,Music,unknown,10,lxx_link=https://talkclassical.com/; lxx_link_type=Nofollow; lxx_paid=false; manual_hold=false; language=English; update_date=2025-09-23T00:00:00+00:00; tips=; details=; offer=
2097,df4af64d-8c45-408d-98f3-cf034dd408b8,lxx_ai,yalwa.com.mx,https://yalwa.com.mx/,36,0,General,unknown,10,lxx_link=https://yalwa.com.mx/; lxx_link_type=Nofollow; lxx_paid=false; manual_hold=false; language=English; update_date=2025-09-23T00:00:00+00:00; tips=; details=; offer=
2098,e5d372e3-b809-4ecd-8bad-ad793b4641cf,lxx_ai,bookclubforum.co.uk,https://bookclubforum.co.uk/,35,14066,Books,unknown,10,lxx_link=https://bookclubforum.co.uk/; lxx_link_type=Nofollow; lxx_paid=false; manual_hold=false; language=English; update_date=2025-09-23T00:00:00+00:00; tips=; details=; offer=
2099,d86cdaca-56c7-48bc-ac98-3c542e6d6157,lxx_ai,careabout.com.au,https://www.careabout.com.au/,35,51870,Doctor,unknown,10,lxx_link=https://www.careabout.com.au/; lxx_link_type=Nofollow; lxx_paid=false; manual_hold=false; language=English; update_date=2025-09-23T00:00:00+00:00; tips=; details=; offer=
2100,7b00307e-978f-4e54-9656-f87b39e96d43,lxx_ai,cylex.cl,https://www.cylex.cl/,35,26138,General,unknown,10,lxx_link=https://www.cylex.cl/; lxx_link_type=Nofollow; lxx_paid=false; manual_hold=false; language=English; update_date=2025-09-23T00:00:00+00:00; tips=; details=; offer=
2101,5e4922df-7b90-4d36-a1f7-e797d907ad89,lxx_ai,hungryonion.org,https://hungryonion.org/,35,174137,Food,unknown,10,lxx_link=https://hungryonion.org/; lxx_link_type=Nofollow; lxx_paid=false; manual_hold=false; language=English; update_date=2025-09-23T00:00:00+00:00; tips=; details=; offer=
2102,cb66eccd-9680-46f7-a892-0b8e58c56fbb,lxx_ai,misterwhat.com.br,https://www.misterwhat.com.br/,35,5215,General,unknown,10,lxx_link=https://www.misterwhat.com.br/; lxx_link_type=Nofollow; lxx_paid=false; manual_hold=false; language=Portuguese; update_date=2025-09-23T00:00:00+00:00; tips=; details=; offer=
2103,dc0f1bec-3913-4180-a6f6-aafc724f9842,lxx_ai,offtopic.com,https://offtopic.com/,35,60828,General,unknown,10,lxx_link=https://offtopic.com/; lxx_link_type=Nofollow; lxx_paid=false; manual_hold=false; language=English; update_date=2025-09-23T00:00:00+00:00; tips=; details=; offer=
2104,dae837c0-7164-4c93-9fa5-d9c7c55b04d4,lxx_ai,yalwa.be,https://yalwa.be/,35,0,General,unknown,10,lxx_link=https://yalwa.be/; lxx_link_type=Nofollow; lxx_paid=false; manual_hold=false; language=English; update_date=2025-09-23T00:00:00+00:00; tips=; details=; offer=
2105,b12269fa-60aa-4e11-bc24-a2428b298ea0,lxx_ai,basschat.co.uk,https://basschat.co.uk/,34,389278,Music,unknown,10,lxx_link=https://basschat.co.uk/; lxx_link_type=Nofollow; lxx_paid=false; manual_hold=false; language=English; update_date=2025-09-23T00:00:00+00:00; tips=; details=; offer=
2106,25b5079c-9d12-4763-84e3-decdd5325daa,lxx_ai,bidinc.org,https://bidinc.org/,34,0,General,unknown,10,lxx_link=https://bidinc.org/; lxx_link_type=Nofollow; lxx_paid=false; manual_hold=false; language=English; update_date=2025-09-23T00:00:00+00:00; tips=; details=; offer=
2107,d791d9d4-2e58-4686-9525-a5b0e0f952de,lxx_ai,businessadviceforum.com,https://businessadviceforum.com/,34,0,Bussiness,unknown,10,lxx_link=https://businessadviceforum.com/; lxx_link_type=Nofollow; lxx_paid=false; manual_hold=false; language=English; update_date=2025-09-23T00:00:00+00:00; tips=; details=; offer=
2108,cbb72914-c063-4b80-becf-af4086fc838c,lxx_ai,digitalmoneytalk.com,https://digitalmoneytalk.com/,34,779,Finance,unknown,10,lxx_link=https://digitalmoneytalk.com/; lxx_link_type=Nofollow; lxx_paid=false; manual_hold=false; language=English; update_date=2025-09-23T00:00:00+00:00; tips=; details=; offer=
2109,bfcbc25b-638b-460c-a18e-4708b13e35c1,lxx_ai,gifographics.co,https://gifographics.co/,34,300,General,unknown,10,lxx_link=https://gifographics.co/; lxx_link_type=Nofollow; lxx_paid=false; manual_hold=false; language=English; update_date=2025-09-23T00:00:00+00:00; tips=; details=; offer=
2110,d89ee124-a30b-4d16-a7bf-976ab50c0a92,lxx_ai,martialtalk.com,https://martialtalk.com/,34,31345,Sports,unknown,10,lxx_link=https://martialtalk.com/; lxx_link_type=Nofollow; lxx_paid=false; manual_hold=false; language=English; update_date=2025-09-23T00:00:00+00:00; tips=; details=; offer=
2111,915069d1-8c02-47f5-b17b-4f6c631484f8,lxx_ai,mmorpg.org.pl,https://mmorpg.org.pl/,34,654431,Gaming,unknown,10,lxx_link=https://mmorpg.org.pl/; lxx_link_type=Nofollow; lxx_paid=false; manual_hold=false; language=Polish; update_date=2025-09-23T00:00:00+00:00; tips=; details=; offer=
2112,e1f4ce3d-d5bc-4b0e-8b4b-1ab8fd9700e0,lxx_ai,projectguitar.com,https://projectguitar.com/,34,77995,Music,unknown,10,lxx_link=https://projectguitar.com/; lxx_link_type=Nofollow; lxx_paid=false; manual_hold=false; language=English; update_date=2025-09-23T00:00:00+00:00; tips=; details=; offer=
2113,1ed02c8a-f13a-48a0-83bc-405e3639f3c5,lxx_ai,webdigitalonline.com,https://webdigitalonline.com/,34,2152,General,unknown,10,lxx_link=https://webdigitalonline.com/; lxx_link_type=Nofollow; lxx_paid=false; manual_hold=false; language=English; update_date=2025-09-23T00:00:00+00:00; tips=; details=; offer=
2114,0a5875d8-a4cf-4984-aa29-231ffffe7094,lxx_ai,caida.eu,https://caida.eu/,33,0,General,unknown,10,lxx_link=https://caida.eu/; lxx_link_type=Nofollow; lxx_paid=false; manual_hold=false; language=English; update_date=2025-09-23T00:00:00+00:00; tips=; details=; offer=
2115,68a593b2-f79a-4aa2-bf55-2c820cce02cc,lxx_ai,gainweb.org,https://gainweb.org/,33,10079,General,unknown,10,lxx_link=https://gainweb.org/; lxx_link_type=Nofollow; lxx_paid=false; manual_hold=false; language=English; update_date=2025-09-23T00:00:00+00:00; tips=; details=; offer=
2116,567c951b-7330-4dd6-a8df-b3cfe4750cb0,lxx_ai,validcoupons.net,https://validcoupons.net/,33,2518,General,unknown,10,lxx_link=https://validcoupons.net/; lxx_link_type=Nofollow; lxx_paid=false; manual_hold=false; language=English; update_date=2025-09-23T00:00:00+00:00; tips=; details=; offer=
2117,86eccea6-224b-4dd8-9077-271671f1011b,lxx_ai,1minutesite.co.uk,https://1minutesite.co.uk/,32,0,General,unknown,10,lxx_link=https://1minutesite.co.uk/; lxx_link_type=Nofollow; lxx_paid=false; manual_hold=false; language=English; update_date=2025-09-23T00:00:00+00:00; tips=; details=; offer=
2118,d0e8c7bf-cd77-47ed-a926-bfae19806ea0,lxx_ai,customerpolicedepartment.com,https://customerpolicedepartment.com/,32,0,General,unknown,10,lxx_link=https://customerpolicedepartment.com/; lxx_link_type=Nofollow; lxx_paid=false; manual_hold=false; language=English; update_date=2025-09-23T00:00:00+00:00; tips=; details=; offer=
2119,9c3ab269-08db-4474-b2ef-51a1c3d33040,lxx_ai,cylex-belgie.be,https://www.cylex-belgie.be/,32,60722,General,unknown,10,lxx_link=https://www.cylex-belgie.be/; lxx_link_type=Nofollow; lxx_paid=false; manual_hold=false; language=English; update_date=2025-09-23T00:00:00+00:00; tips=; details=; offer=
2120,ef9e2bf1-2404-4d5c-9640-6fcc94d4c380,lxx_ai,dealigg.com,https://www.dealigg.com/,32,348845,General,unknown,10,lxx_link=https://www.dealigg.com/; lxx_link_type=Nofollow; lxx_paid=false; manual_hold=false; language=English; update_date=2025-09-23T00:00:00+00:00; tips=; details=; offer=
2121,f5de1412-4f03-4fac-8662-20a198f4ba5f,lxx_ai,drpetepublishing.com,https://drpetepublishing.com/,32,0,General,unknown,10,lxx_link=https://drpetepublishing.com/; lxx_link_type=Nofollow; lxx_paid=false; manual_hold=false; language=English; update_date=2025-09-23T00:00:00+00:00; tips=; details=; offer=
2122,38d884c5-4b17-42c0-b5ed-03505460d132,lxx_ai,ihaan.org,https://ihaan.org/,32,0,General,unknown,10,lxx_link=https://ihaan.org/; lxx_link_type=Nofollow; lxx_paid=false; manual_hold=false; language=English; update_date=2025-09-23T00:00:00+00:00; tips=; details=; offer=
2123,21eaf37b-6eba-45e9-ad83-27d5e79c7666,lxx_ai,peugeotforums.com,https://peugeotforums.com/,32,320879,Automobile,unknown,10,lxx_link=https://peugeotforums.com/; lxx_link_type=Nofollow; lxx_paid=false; manual_hold=false; language=English; update_date=2025-09-23T00:00:00+00:00; tips=; details=; offer=
2124,ad1a3565-55c5-4366-889b-2ab88a639885,lxx_ai,piweb.it,https://piweb.it/,32,833,Business,unknown,10,lxx_link=https://piweb.it/; lxx_link_type=Nofollow; lxx_paid=false; manual_hold=false; language=Italian; update_date=2025-09-23T00:00:00+00:00; tips=; details=; offer=
2125,2b7e0f34-c34a-45f9-ac19-bd45b932cb9d,lxx_ai,urlm.it,https://urlm.it/,32,31406,General,unknown,10,lxx_link=https://urlm.it/; lxx_link_type=Nofollow; lxx_paid=false; manual_hold=false; language=Italian; update_date=2025-09-23T00:00:00+00:00; tips=; details=; offer=
2126,ac2192bc-59ec-42d9-9e0c-0f98514c4467,lxx_ai,yalwa.co.nz,https://yalwa.co.nz/,32,0,General,unknown,10,lxx_link=https://yalwa.co.nz/; lxx_link_type=Nofollow; lxx_paid=false; manual_hold=false; language=English; update_date=2025-09-23T00:00:00+00:00; tips=; details=; offer=
2127,ab5d0560-4af9-4c22-8e47-829eaee1ad3c,lxx_ai,cylex.dk,https://www.cylex.dk/,31,42869,General,unknown,10,lxx_link=https://www.cylex.dk/; lxx_link_type=Nofollow; lxx_paid=false; manual_hold=false; language=English; update_date=2025-09-23T00:00:00+00:00; tips=; details=; offer=
2128,fb0f0147-447c-4040-99fb-b4b8bd6a54d2,lxx_ai,dailyfunder.com,https://dailyfunder.com/forum.php,31,35989,Bussiness,unknown,10,lxx_link=https://dailyfunder.com/forum.php; lxx_link_type=Nofollow; lxx_paid=false; manual_hold=false; language=English; update_date=2025-09-23T00:00:00+00:00; tips=; details=; offer=
2129,03d7f293-cab1-4d47-b2eb-15c35453e87c,lxx_ai,fearsteve.com,https://fearsteve.com/,31,281,General,unknown,10,lxx_link=https://fearsteve.com/; lxx_link_type=Nofollow; lxx_paid=false; manual_hold=false; language=English; update_date=2025-09-23T00:00:00+00:00; tips=; details=; offer=
2130,f8bf86c2-1846-4fad-9a15-3eee26ab9b92,lxx_ai,hotfrogse.se,https://hotfrogse.se/,31,4521,General,unknown,10,lxx_link=https://hotfrogse.se/; lxx_link_type=Nofollow; lxx_paid=false; manual_hold=false; language=Swedish; update_date=2025-09-23T00:00:00+00:00; tips=; details=; offer=
2131,2d52635d-dd8c-4af6-bbeb-f4dba363b1ea,lxx_ai,nintendoforums.com,https://nintendoforums.com/,31,1696,Gaming,unknown,10,lxx_link=https://nintendoforums.com/; lxx_link_type=Nofollow; lxx_paid=false; manual_hold=false; language=English; update_date=2025-09-23T00:00:00+00:00; tips=; details=; offer=
2132,448b9ae4-e22d-4df4-80ab-271328a3d493,lxx_ai,pfmrc.eu,https://pfmrc.eu/,31,38118,Scale Model,unknown,10,lxx_link=https://pfmrc.eu/; lxx_link_type=Nofollow; lxx_paid=false; manual_hold=false; language=Polish; update_date=2025-09-23T00:00:00+00:00; tips=; details=; offer=
2133,6cbb0854-9204-405d-9a97-6168609acf50,lxx_ai,plowsite.com,https://plowsite.com/,31,38965,Bussiness,unknown,10,lxx_link=https://plowsite.com/; lxx_link_type=Nofollow; lxx_paid=false; manual_hold=false; language=English; update_date=2025-09-23T00:00:00+00:00; tips=; details=; offer=
2134,b404f571-371e-4bd5-8016-a6bba609a6c2,lxx_ai,squier-talk.com,https://squier-talk.com/,31,109025,Music,unknown,10,lxx_link=https://squier-talk.com/; lxx_link_type=Nofollow; lxx_paid=false; manual_hold=false; language=English; update_date=2025-09-23T00:00:00+00:00; tips=; details=; offer=
2135,2243d670-d179-4791-9f3f-b3816313dc2d,lxx_ai,yalwa.ch,https://yalwa.ch/,31,0,General,unknown,10,lxx_link=https://yalwa.ch/; lxx_link_type=Nofollow; lxx_paid=false; manual_hold=false; language=English; update_date=2025-09-23T00:00:00+00:00; tips=; details=; offer=
2136,8ba775fb-1d31-405a-8c23-26244811143d,lxx_ai,adfreeposting.com,https://adfreeposting.com/,30,69463,General,unknown,10,lxx_link=https://adfreeposting.com/; lxx_link_type=Nofollow; lxx_paid=false; manual_hold=false; language=English; update_date=2025-09-23T00:00:00+00:00; tips=; details=; offer=
2137,ef142e12-5381-4a91-9938-b1d6ff9c2a5f,lxx_ai,bassic.de,https://bassic.de/,30,119483,Music,unknown,10,lxx_link=https://bassic.de/; lxx_link_type=Nofollow; lxx_paid=false; manual_hold=false; language=German; update_date=2025-09-23T00:00:00+00:00; tips=; details=; offer=
2138,95ce5efd-fba2-4bf6-a1c8-f577e8842cc1,lxx_ai,businessforum.uk,https://businessforum.uk/,30,1536,Bussiness,unknown,10,lxx_link=https://businessforum.uk/; lxx_link_type=Nofollow; lxx_paid=false; manual_hold=false; language=English; update_date=2025-09-23T00:00:00+00:00; tips=; details=; offer=
2139,38aedc9a-f8ea-47cf-be02-72ca80b2b280,lxx_ai,cylex.com.br,https://www.cylex.com.br/,30,64453,General,unknown,10,lxx_link=https://www.cylex.com.br/; lxx_link_type=Nofollow; lxx_paid=false; manual_hold=false; language=English; update_date=2025-09-23T00:00:00+00:00; tips=; details=; offer=
2140,348d0a7e-b247-408b-8870-c331529df8d0,lxx_ai,cylex.com.co,https://www.cylex.com.co/,30,14467,General,unknown,10,lxx_link=https://www.cylex.com.co/; lxx_link_type=Nofollow; lxx_paid=false; manual_hold=false; language=English; update_date=2025-09-23T00:00:00+00:00; tips=; details=; offer=
2141,7553388f-e76c-4d59-be2f-9449d872f957,lxx_ai,electriciansforums.net,https://electriciansforums.net/,30,196041,Construction,unknown,10,lxx_link=https://electriciansforums.net/; lxx_link_type=Nofollow; lxx_paid=false; manual_hold=false; language=English; update_date=2025-09-23T00:00:00+00:00; tips=; details=; offer=
2142,731de844-1b72-44bb-ae0d-2b82bdc6d4b6,lxx_ai,forum.breakthroughguitar.com,https://forum.breakthroughguitar.com/,30,115,Music,unknown,10,lxx_link=https://forum.breakthroughguitar.com/; lxx_link_type=Nofollow; lxx_paid=false; manual_hold=false; language=English; update_date=2025-09-23T00:00:00+00:00; tips=; details=; offer=
2143,95241b7d-fb29-4434-8cbf-5cc041b60f08,lxx_ai,forums.beyond.ca,https://forums.beyond.ca/,30,73104,Automobile,unknown,10,lxx_link=https://forums.beyond.ca/; lxx_link_type=Nofollow; lxx_paid=false; manual_hold=false; language=English; update_date=2025-09-23T00:00:00+00:00; tips=; details=; offer=
2144,8323a663-a0fe-48ff-b56a-71274276f45e,lxx_ai,gardenerscorner.co.uk,https://gardenerscorner.co.uk/,30,50426,Gardening,unknown,10,lxx_link=https://gardenerscorner.co.uk/; lxx_link_type=Nofollow; lxx_paid=false; manual_hold=false; language=English; update_date=2025-09-23T00:00:00+00:00; tips=; details=; offer=
2145,92205086-cf0d-4817-8290-e50503d8b669,lxx_ai,sodmg.com,https://www.sodmg.com/,30,3470,Music,unknown,10,lxx_link=https://www.sodmg.com/; lxx_link_type=Nofollow; lxx_paid=false; manual_hold=false; language=English; update_date=2025-09-23T00:00:00+00:00; tips=; details=; offer=
2146,a14cd42f-0666-4b5d-8045-180e6455879f,lxx_ai,together.lovefromyours.com,https://together.lovefromyours.com/,30,0,General,unknown,10,lxx_link=https://together.lovefromyours.com/; lxx_link_type=Nofollow; lxx_paid=false; manual_hold=false; language=English; update_date=2025-09-23T00:00:00+00:00; tips=; details=; offer=
2147,08867957-bbbb-4889-8b8b-ee4426f387af,lxx_ai,tuugo.com.br,https://tuugo.com.br/,30,0,General,unknown,10,lxx_link=https://tuugo.com.br/; lxx_link_type=Nofollow; lxx_paid=false; manual_hold=false; language=English; update_date=2025-09-23T00:00:00+00:00; tips=; details=; offer=
2148,61628e48-dc75-41af-971d-70fc71a9b1b5,lxx_ai,yalwa.sg,https://yalwa.sg/,30,0,General,unknown,10,lxx_link=https://yalwa.sg/; lxx_link_type=Nofollow; lxx_paid=false; manual_hold=false; language=English; update_date=2025-09-23T00:00:00+00:00; tips=; details=; offer=
2149,4d6b4791-795a-4f2a-a5d0-aa2d60ca7036,lxx_ai,apps4review.com,https://apps4review.com/,29,173,Mobile App,unknown,10,lxx_link=https://apps4review.com/; lxx_link_type=Nofollow; lxx_paid=false; manual_hold=false; language=English; update_date=2025-09-23T00:00:00+00:00; tips=; details=; offer=
2150,3ffd91fe-9912-448d-8394-b99bf8ae9c64,lxx_ai,ask.designpreneurs.com,https://ask.designpreneurs.com/,29,0,Design,unknown,10,lxx_link=https://ask.designpreneurs.com/; lxx_link_type=Nofollow; lxx_paid=false; manual_hold=false; language=English; update_date=2025-09-23T00:00:00+00:00; tips=; details=; offer=
2151,1554999e-c8b1-4e18-84b1-8b4dcec2d56d,lxx_ai,discusscooking.com,https://discusscooking.com/,29,41303,Food,unknown,10,lxx_link=https://discusscooking.com/; lxx_link_type=Nofollow; lxx_paid=false; manual_hold=false; language=English; update_date=2025-09-23T00:00:00+00:00; tips=; details=; offer=
2152,2c879514-6077-4127-b357-bc1a687f72be,lxx_ai,goodiebag.tv,https://goodiebag.tv/,29,411,General,unknown,10,lxx_link=https://goodiebag.tv/; lxx_link_type=Nofollow; lxx_paid=false; manual_hold=false; language=French; update_date=2025-09-23T00:00:00+00:00; tips=; details=; offer=
2153,ae2dcbfb-bacc-4490-aeef-a376680e1026,lxx_ai,money-central.net,https://money-central.net/,29,0,General,unknown,10,lxx_link=https://money-central.net/; lxx_link_type=Nofollow; lxx_paid=false; manual_hold=false; language=English; update_date=2025-09-23T00:00:00+00:00; tips=; details=; offer=
2154,2c77a40c-47c2-4aa9-a6bc-929917a5aded,lxx_ai,themoneyshed.co.uk,https://themoneyshed.co.uk/,29,41296,Bussiness,unknown,10,lxx_link=https://themoneyshed.co.uk/; lxx_link_type=Nofollow; lxx_paid=false; manual_hold=false; language=English; update_date=2025-09-23T00:00:00+00:00; tips=; details=; offer=
2155,5e063d0e-3f48-42e9-835c-e0c907b383f5,lxx_ai,tuttosuitalia.com,https://tuttosuitalia.com/,29,5869,General,unknown,10,lxx_link=https://tuttosuitalia.com/; lxx_link_type=Nofollow; lxx_paid=false; manual_hold=false; language=Italian; update_date=2025-09-23T00:00:00+00:00; tips=; details=; offer=
2156,7aa62558-0603-456c-b8a9-0d131de3db14,lxx_ai,yalwa.ae,https://www.yalwa.ae/,29,0,General,unknown,10,lxx_link=https://www.yalwa.ae/; lxx_link_type=Nofollow; lxx_paid=false; manual_hold=false; language=English; update_date=2025-09-23T00:00:00+00:00; tips=; details=; offer=
2157,15d7c880-eda4-4cd7-a34e-73fe1401e450,lxx_ai,yalwa.ph,https://www.yalwa.ph/,29,0,General,unknown,10,lxx_link=https://www.yalwa.ph/; lxx_link_type=Nofollow; lxx_paid=false; manual_hold=false; language=English; update_date=2025-09-23T00:00:00+00:00; tips=; details=; offer=
2158,a5aeb408-2b11-4500-b785-85a9e410e8e8,lxx_ai,acompio.it,https://www.acompio.it/,28,138,General,unknown,10,lxx_link=https://www.acompio.it/; lxx_link_type=Nofollow; lxx_paid=false; manual_hold=false; language=English; update_date=2025-09-23T00:00:00+00:00; tips=; details=; offer=
2159,ae96f3de-0baa-4cae-af54-178af12db432,lxx_ai,arrmaforum.com,https://arrmaforum.com/,28,186974,Scale Model,unknown,10,lxx_link=https://arrmaforum.com/; lxx_link_type=Nofollow; lxx_paid=false; manual_hold=false; language=English; update_date=2025-09-23T00:00:00+00:00; tips=; details=; offer=
2160,b319165d-5909-4665-a5b2-6738563be06b,lxx_ai,cylex-oesterreich.at,https://cylex-oesterreich.at/,28,0,General,unknown,10,lxx_link=https://cylex-oesterreich.at/; lxx_link_type=Nofollow; lxx_paid=false; manual_hold=false; language=English; update_date=2025-09-23T00:00:00+00:00; tips=; details=; offer=
2161,fc280c76-7981-4249-b649-bdef0571af1e,lxx_ai,cylex.com.ar,https://www.cylex.com.ar/,28,71494,General,unknown,10,lxx_link=https://www.cylex.com.ar/; lxx_link_type=Nofollow; lxx_paid=false; manual_hold=false; language=English; update_date=2025-09-23T00:00:00+00:00; tips=; details=; offer=
2162,6ab0dcec-fea0-47d6-9595-09c9bd74f3c8,lxx_ai,forum.yeswas.pl,https://forum.yeswas.pl/,28,0,General,unknown,10,lxx_link=https://forum.yeswas.pl/; lxx_link_type=Nofollow; lxx_paid=false; manual_hold=false; language=Polish; update_date=2025-09-23T00:00:00+00:00; tips=; details=; offer=
2163,efa4148f-d84e-4935-8f83-91a646722601,lxx_ai,freehostforum.com,https://freehostforum.com/,28,309,Hosting,unknown,10,lxx_link=https://freehostforum.com/; lxx_link_type=Nofollow; lxx_paid=false; manual_hold=false; language=English; update_date=2025-09-23T00:00:00+00:00; tips=; details=; offer=
2164,aa31aa76-52ef-432f-b072-619fb52f1380,lxx_ai,jodohkita.info,https://jodohkita.info/,28,0,General,unknown,10,lxx_link=https://jodohkita.info/; lxx_link_type=Nofollow; lxx_paid=false; manual_hold=false; language=English; update_date=2025-09-23T00:00:00+00:00; tips=; details=; offer=
2165,521acbc9-47a0-4f5b-b3b2-1ac9273d3f26,lxx_ai,misterwhat.pt,https://www.misterwhat.pt/,28,17197,General,unknown,10,lxx_link=https://www.misterwhat.pt/; lxx_link_type=Nofollow; lxx_paid=false; manual_hold=false; language=Portuguese; update_date=2025-09-23T00:00:00+00:00; tips=; details=; offer=
2166,f272fbde-4644-459c-b57b-4b6163260c5c,lxx_ai,trendri.com,https://trendri.com/,28,37659,Blockchain,unknown,10,lxx_link=https://trendri.com/; lxx_link_type=Nofollow; lxx_paid=false; manual_hold=false; language=English; update_date=2025-09-23T00:00:00+00:00; tips=; details=; offer=
2167,00db4429-ba01-4ee6-9da5-83f1173a1b28,lxx_ai,cylex.cz,https://www.cylex.cz/,27,14540,General,unknown,10,lxx_link=https://www.cylex.cz/; lxx_link_type=Nofollow; lxx_paid=false; manual_hold=false; language=English; update_date=2025-09-23T00:00:00+00:00; tips=; details=; offer=
2168,ffe68c9f-6f5f-45de-8b14-df83e120ccbd,lxx_ai,cylex.se,https://www.cylex.se/,27,46246,General,unknown,10,lxx_link=https://www.cylex.se/; lxx_link_type=Nofollow; lxx_paid=false; manual_hold=false; language=English; update_date=2025-09-23T00:00:00+00:00; tips=; details=; offer=
2169,e9e6acb7-31c0-4651-a5e3-f608fb2ba8cb,lxx_ai,cylex.sk,https://www.cylex.sk/,27,33812,General,unknown,10,lxx_link=https://www.cylex.sk/; lxx_link_type=Nofollow; lxx_paid=false; manual_hold=false; language=English; update_date=2025-09-23T00:00:00+00:00; tips=; details=; offer=
2170,ef05e838-9d08-4f60-bc49-19dc92c0934a,lxx_ai,expeditionutah.com,https://expeditionutah.com/forum/index.php,27,3094,General,unknown,10,lxx_link=https://expeditionutah.com/forum/index.php; lxx_link_type=Nofollow; lxx_paid=false; manual_hold=false; language=English; update_date=2025-09-23T00:00:00+00:00; tips=; details=; offer=
2171,83f6a46d-7072-4fff-9b13-cbbfe6da3b7a,lxx_ai,firmania.biz,https://firmania.biz/,27,8473,General,unknown,10,lxx_link=https://firmania.biz/; lxx_link_type=Nofollow; lxx_paid=false; manual_hold=false; language=English; update_date=2025-09-23T00:00:00+00:00; tips=; details=; offer=
2172,aa29c1ec-dedd-48da-9dcd-a8df1c894744,lxx_ai,gardening-forums.com,https://gardening-forums.com/,27,13631,Gardening,unknown,10,lxx_link=https://gardening-forums.com/; lxx_link_type=Nofollow; lxx_paid=false; manual_hold=false; language=English; update_date=2025-09-23T00:00:00+00:00; tips=; details=; offer=
2173,4419d71c-dc81-4a3c-949d-a0b56aceb36d,lxx_ai,getscoupon.com,https://www.getscoupon.com/,27,6724,General,unknown,10,lxx_link=https://www.getscoupon.com/; lxx_link_type=Nofollow; lxx_paid=false; manual_hold=false; language=English; update_date=2025-09-23T00:00:00+00:00; tips=; details=; offer=
2174,3aa2ee72-4527-4ff3-9ed5-9a25366a9699,lxx_ai,misterwhat.dk,https://www.misterwhat.dk/,27,1827,General,unknown,10,lxx_link=https://www.misterwhat.dk/; lxx_link_type=Nofollow; lxx_paid=false; manual_hold=false; language=Danish; update_date=2025-09-23T00:00:00+00:00; tips=; details=; offer=
2175,d04c0d09-ec54-4ba3-8754-cc1e626a0991,lxx_ai,parentscollective.uable.com,https://parentscollective.uable.com/,27,210,Education,unknown,10,lxx_link=https://parentscollective.uable.com/; lxx_link_type=Nofollow; lxx_paid=false; manual_hold=false; language=English; update_date=2025-09-23T00:00:00+00:00; tips=; details=; offer=
2176,cee486c8-dc61-4631-a3cd-71ee62e4f671,lxx_ai,tuugo.my,https://tuugo.my/,27,0,General,unknown,10,lxx_link=https://tuugo.my/; lxx_link_type=Nofollow; lxx_paid=false; manual_hold=false; language=English; update_date=2025-09-23T00:00:00+00:00; tips=; details=; offer=
2177,173c9e08-899c-4552-ad44-3e175cab69cd,lxx_ai,yalwa.com.ng,https://www.yalwa.com.ng/,27,0,General,unknown,10,lxx_link=https://www.yalwa.com.ng/; lxx_link_type=Nofollow; lxx_paid=false; manual_hold=false; language=English; update_date=2025-09-23T00:00:00+00:00; tips=; details=; offer=
2178,0b0c9533-a39e-43c2-9a75-9b37f4edc49c,lxx_ai,yalwa.com.pk,https://www.yalwa.com.pk/,27,0,General,unknown,10,lxx_link=https://www.yalwa.com.pk/; lxx_link_type=Nofollow; lxx_paid=false; manual_hold=false; language=English; update_date=2025-09-23T00:00:00+00:00; tips=; details=; offer=
2179,067bea20-895c-4c75-9087-945ddeee9b45,lxx_ai,artistforum.com,https://artistforum.com/,26,12435,Art,unknown,10,lxx_link=https://artistforum.com/; lxx_link_type=Nofollow; lxx_paid=false; manual_hold=false; language=English; update_date=2025-09-23T00:00:00+00:00; tips=; details=; offer=
2180,f8db7f48-bfdc-4a93-b067-a23654f27ddc,lxx_ai,bookmarkmonk.com,https://bookmarkmonk.com/,26,881,General,unknown,10,lxx_link=https://bookmarkmonk.com/; lxx_link_type=Nofollow; lxx_paid=false; manual_hold=false; language=German; update_date=2025-09-23T00:00:00+00:00; tips=; details=; offer=
2181,1201c6db-6221-4420-b923-63d71cb9719e,lxx_ai,computerforum.com,https://computerforum.com/,26,28757,Consumer,unknown,10,lxx_link=https://computerforum.com/; lxx_link_type=Nofollow; lxx_paid=false; manual_hold=false; language=English; update_date=2025-09-23T00:00:00+00:00; tips=; details=; offer=
2182,f7d2a3ff-1557-497c-adc2-4d8901843304,lxx_ai,iidb.org,https://iidb.org/,26,3414,Religion,unknown,10,lxx_link=https://iidb.org/; lxx_link_type=Nofollow; lxx_paid=false; manual_hold=false; language=English; update_date=2025-09-23T00:00:00+00:00; tips=; details=; offer=
2183,e278f94a-e632-4f07-b74e-c184a0b7c7fb,lxx_ai,immobilio.it,https://www.immobilio.it/,26,32688,Real Estate,unknown,10,lxx_link=https://www.immobilio.it/; lxx_link_type=Nofollow; lxx_paid=false; manual_hold=false; language=Italian; update_date=2025-09-23T00:00:00+00:00; tips=; details=; offer=
2184,b9ccc5b9-4ac0-4154-859b-6e3c84e99ef0,lxx_ai,my.yalwa.asia,https://www.my.yalwa.asia/,26,0,General,unknown,10,lxx_link=https://www.my.yalwa.asia/; lxx_link_type=Nofollow; lxx_paid=false; manual_hold=false; language=English; update_date=2025-09-23T00:00:00+00:00; tips=; details=; offer=
2185,b3aae053-0b2b-4b01-846b-eb84f474991b,lxx_ai,ricercare-imprese.it,https://ricercare-imprese.it/,26,2873,General,unknown,10,lxx_link=https://ricercare-imprese.it/; lxx_link_type=Nofollow; lxx_paid=false; manual_hold=false; language=Italian; update_date=2025-09-23T00:00:00+00:00; tips=; details=; offer=
2186,6974aad2-c84d-40ce-b7f0-d7397238604b,lxx_ai,tuugo.com.ua,https://tuugo.com.ua/,26,0,General,unknown,10,lxx_link=https://tuugo.com.ua/; lxx_link_type=Nofollow; lxx_paid=false; manual_hold=false; language=Russian; update_date=2025-09-23T00:00:00+00:00; tips=; details=; offer=
2187,d7176567-4a85-467c-8af7-6f5dcdd640b7,lxx_ai,yalwa.cn,https://www.yalwa.cn/,26,0,General,unknown,10,lxx_link=https://www.yalwa.cn/; lxx_link_type=Nofollow; lxx_paid=false; manual_hold=false; language=English; update_date=2025-09-23T00:00:00+00:00; tips=; details=; offer=
2188,a64203f9-acfc-481b-9c64-0cb976f50050,lxx_ai,yalwa.co.id,https://www.yalwa.co.id/,26,0,General,unknown,10,lxx_link=https://www.yalwa.co.id/; lxx_link_type=Nofollow; lxx_paid=false; manual_hold=false; language=English; update_date=2025-09-23T00:00:00+00:00; tips=; details=; offer=
2189,bcf089d3-cf68-4667-a46c-b47665cc435f,lxx_ai,yalwa.jp,https://yalwa.jp/,26,4527,General,unknown,10,lxx_link=https://yalwa.jp/; lxx_link_type=Nofollow; lxx_paid=false; manual_hold=false; language=English; update_date=2025-09-23T00:00:00+00:00; tips=; details=; offer=
2190,a0aed95a-2726-45c1-8c50-dbf05b6b7883,lxx_ai,bluaziende.com,https://bluaziende.com/,25,15255,General,unknown,10,lxx_link=https://bluaziende.com/; lxx_link_type=Nofollow; lxx_paid=false; manual_hold=false; language=Italian; update_date=2025-09-23T00:00:00+00:00; tips=; details=; offer=
2191,0f0a3b0f-3284-462c-a568-8aa9dd491d93,lxx_ai,couponclans.com,https://couponclans.com/,25,11410,General,unknown,10,lxx_link=https://couponclans.com/; lxx_link_type=Nofollow; lxx_paid=false; manual_hold=false; language=English; update_date=2025-09-23T00:00:00+00:00; tips=; details=; offer=
2192,ba365b15-3956-419a-af9b-75e23beb9186,lxx_ai,cylex.no,https://www.cylex.no/,25,37729,General,unknown,10,lxx_link=https://www.cylex.no/; lxx_link_type=Nofollow; lxx_paid=false; manual_hold=false; language=English; update_date=2025-09-23T00:00:00+00:00; tips=; details=; offer=
2193,89ceec1d-cad1-4ec0-8274-e1fc937f4ca0,lxx_ai,euacupones.net,https://euacupones.net/,25,0,General,unknown,10,lxx_link=https://euacupones.net/; lxx_link_type=Nofollow; lxx_paid=false; manual_hold=false; language=Spanish; update_date=2025-09-23T00:00:00+00:00; tips=; details=; offer=
2194,11726df7-82b9-4eca-895e-476505d61262,lxx_ai,infographicreviews.com,https://www.infographicreviews.com/,25,0,General,unknown,10,lxx_link=https://www.infographicreviews.com/; lxx_link_type=Nofollow; lxx_paid=false; manual_hold=false; language=English; update_date=2025-09-23T00:00:00+00:00; tips=; details=; offer=
2195,b4740be0-fa65-4d6c-b33f-ca2ac39a4390,lxx_ai,mathforums.com,https://mathforums.com/,25,28682,Science,unknown,10,lxx_link=https://mathforums.com/; lxx_link_type=Nofollow; lxx_paid=false; manual_hold=false; language=English; update_date=2025-09-23T00:00:00+00:00; tips=; details=; offer=
2196,0bbe83f3-02d3-4f1b-bf0f-37089dbc2e64,lxx_ai,misterwhat.com.ar,https://www.misterwhat.com.ar/,25,5060,General,unknown,10,lxx_link=https://www.misterwhat.com.ar/; lxx_link_type=Nofollow; lxx_paid=false; manual_hold=false; language=Spanish; update_date=2025-09-23T00:00:00+00:00; tips=; details=; offer=
2197,d17d31ef-6b00-4d3d-a0ee-8702609e35de,lxx_ai,tuugo.com.ng,https://tuugo.com.ng/,25,0,General,unknown,10,lxx_link=https://tuugo.com.ng/; lxx_link_type=Nofollow; lxx_paid=false; manual_hold=false; language=English; update_date=2025-09-23T00:00:00+00:00; tips=; details=; offer=
2198,124c4155-48fb-4296-90fc-6ebc52fb48d3,lxx_ai,yalwa.com.ve,https://www.yalwa.com.ve/,25,0,General,unknown,10,lxx_link=https://www.yalwa.com.ve/; lxx_link_type=Nofollow; lxx_paid=false; manual_hold=false; language=English; update_date=2025-09-23T00:00:00+00:00; tips=; details=; offer=
2199,de162787-784b-4dc3-90a7-a2684c79e11a,lxx_ai,yalwa.hk,https://yalwa.hk/,25,0,General,unknown,10,lxx_link=https://yalwa.hk/; lxx_link_type=Nofollow; lxx_paid=false; manual_hold=false; language=English; update_date=2025-09-23T00:00:00+00:00; tips=; details=; offer=
2200,969eb6ee-359a-4577-82c8-1e52be71d9c2,lxx_ai,gretsch-talk.com,https://gretsch-talk.com/,24,96656,Music,unknown,10,lxx_link=https://gretsch-talk.com/; lxx_link_type=Nofollow; lxx_paid=false; manual_hold=false; language=English; update_date=2025-09-23T00:00:00+00:00; tips=; details=; offer=
2201,b3a54765-f6d4-49ab-ab0c-5a15ed6b2548,lxx_ai,iprogrammatori.it,https://www.iprogrammatori.it/forum-programmazione/,24,53543,Developers,unknown,10,lxx_link=https://www.iprogrammatori.it/forum-programmazione/; lxx_link_type=Nofollow; lxx_paid=false; manual_hold=false; language=Italian; update_date=2025-09-23T00:00:00+00:00; tips=; details=; offer=
2202,95d0dbf0-df2c-4364-b447-1b574681023c,lxx_ai,jcfonline.com,https://jcfonline.com/,24,12760,Music,unknown,10,lxx_link=https://jcfonline.com/; lxx_link_type=Nofollow; lxx_paid=false; manual_hold=false; language=English; update_date=2025-09-23T00:00:00+00:00; tips=; details=; offer=
2203,71027bea-df1d-471f-95a8-e16622fc9b10,lxx_ai,localmote.com,https://www.localmote.com/,24,4791,General,unknown,10,lxx_link=https://www.localmote.com/; lxx_link_type=Nofollow; lxx_paid=false; manual_hold=false; language=English; update_date=2025-09-23T00:00:00+00:00; tips=; details=; offer=
2204,7c50b0f4-58d7-459e-b86d-60487dff3a98,lxx_ai,sitesondisplay.com,https://www.sitesondisplay.com/,24,854,General,unknown,10,lxx_link=https://www.sitesondisplay.com/; lxx_link_type=Nofollow; lxx_paid=false; manual_hold=false; language=English; update_date=2025-09-23T00:00:00+00:00; tips=; details=; offer=
2205,8c35c23a-4e7c-4204-964d-fd6adf4f98d1,lxx_ai,yalwa.com.bd,https://www.yalwa.com.bd/,24,0,General,unknown,10,lxx_link=https://www.yalwa.com.bd/; lxx_link_type=Nofollow; lxx_paid=false; manual_hold=false; language=English; update_date=2025-09-23T00:00:00+00:00; tips=; details=; offer=
2206,27a8ccbe-b193-4732-9c0c-335ea1cb6578,lxx_ai,yalwa.com.gh,https://www.yalwa.com.gh/,24,0,General,unknown,10,lxx_link=https://www.yalwa.com.gh/; lxx_link_type=Nofollow; lxx_paid=false; manual_hold=false; language=English; update_date=2025-09-23T00:00:00+00:00; tips=; details=; offer=
2207,8b394b7f-06f0-464c-b3a9-58ce580649d1,lxx_ai,yalwa.com.pe,https://yalwa.com.pe/,24,0,General,unknown,10,lxx_link=https://yalwa.com.pe/; lxx_link_type=Nofollow; lxx_paid=false; manual_hold=false; language=English; update_date=2025-09-23T00:00:00+00:00; tips=; details=; offer=
2208,521c9659-21d3-400b-91e7-07a94857eb07,lxx_ai,yalwa.co.ke,https://www.yalwa.co.ke/,23,0,General,unknown,10,lxx_link=https://www.yalwa.co.ke/; lxx_link_type=Nofollow; lxx_paid=false; manual_hold=false; language=English; update_date=2025-09-23T00:00:00+00:00; tips=; details=; offer=
2209,4899ef2e-4e05-40b4-b99b-f8f467e5750f,lxx_ai,yalwa.com.ar,https://yalwa.com.ar/,23,0,General,unknown,10,lxx_link=https://yalwa.com.ar/; lxx_link_type=Nofollow; lxx_paid=false; manual_hold=false; language=English; update_date=2025-09-23T00:00:00+00:00; tips=; details=; offer=
2210,7fbfc105-f061-43bb-8181-9440637cc419,lxx_ai,yalwa.com.py,https://www.yalwa.com.py/,23,0,General,unknown,10,lxx_link=https://www.yalwa.com.py/; lxx_link_type=Nofollow; lxx_paid=false; manual_hold=false; language=English; update_date=2025-09-23T00:00:00+00:00; tips=; details=; offer=
2211,fa54237f-7fa7-4661-a117-b8f32a002b43,lxx_ai,cylex.com.ve,https://www.cylex.com.ve/,22,7021,General,unknown,10,lxx_link=https://www.cylex.com.ve/; lxx_link_type=Nofollow; lxx_paid=false; manual_hold=false; language=English; update_date=2025-09-23T00:00:00+00:00; tips=; details=; offer=
2212,b0c2ecfb-3474-45be-b0ba-334ee3f3e1f7,lxx_ai,eos-magazine-forum.com,https://eos-magazine-forum.com/,22,3857,Photography,unknown,10,lxx_link=https://eos-magazine-forum.com/; lxx_link_type=Nofollow; lxx_paid=false; manual_hold=false; language=English; update_date=2025-09-23T00:00:00+00:00; tips=; details=; offer=
2213,228568ca-a0bd-422b-b163-80d655d66b91,lxx_ai,hyipstalk.com,https://hyipstalk.com/,22,0,General,unknown,10,lxx_link=https://hyipstalk.com/; lxx_link_type=Nofollow; lxx_paid=false; manual_hold=false; language=English; update_date=2025-09-23T00:00:00+00:00; tips=; details=; offer=
2214,71957db7-ae0a-4b12-b309-e827b9c45909,lxx_ai,tuugo.cl,https://tuugo.cl/,22,0,General,unknown,10,lxx_link=https://tuugo.cl/; lxx_link_type=Nofollow; lxx_paid=false; manual_hold=false; language=Spanish; update_date=2025-09-23T00:00:00+00:00; tips=; details=; offer=
2215,b0b27fb4-172f-44cb-90a7-4f649b59176b,lxx_ai,yalwa.qa,https://www.yalwa.qa/,22,0,General,unknown,10,lxx_link=https://www.yalwa.qa/; lxx_link_type=Nofollow; lxx_paid=false; manual_hold=false; language=English; update_date=2025-09-23T00:00:00+00:00; tips=; details=; offer=
2216,f0b73467-1cc9-45b0-9a6b-312779eb27ab,lxx_ai,briteccomputers.co.uk,https://briteccomputers.co.uk/forum/,21,42309,Information,unknown,10,lxx_link=https://briteccomputers.co.uk/forum/; lxx_link_type=Nofollow; lxx_paid=false; manual_hold=false; language=English; update_date=2025-09-23T00:00:00+00:00; tips=; details=; offer=
2217,c209f295-af12-4f5e-8817-72c6c760bc6a,lxx_ai,houserepairtalk.com,https://houserepairtalk.com/,21,21338,Construction,unknown,10,lxx_link=https://houserepairtalk.com/; lxx_link_type=Nofollow; lxx_paid=false; manual_hold=false; language=English; update_date=2025-09-23T00:00:00+00:00; tips=; details=; offer=
2218,e2afe7eb-3882-4245-b35e-951bfb7e600b,lxx_ai,moneymakerdiscussion.com,https://moneymakerdiscussion.com/,21,0,General,unknown,10,lxx_link=https://moneymakerdiscussion.com/; lxx_link_type=Nofollow; lxx_paid=false; manual_hold=false; language=English; update_date=2025-09-23T00:00:00+00:00; tips=; details=; offer=
2219,070bc0b8-359b-4407-b5ea-cd23b82a75bd,lxx_ai,ndis-providerfinder.com,https://ndis-providerfinder.com/,21,0,Doctor,unknown,10,lxx_link=https://ndis-providerfinder.com/; lxx_link_type=Nofollow; lxx_paid=false; manual_hold=false; language=German; update_date=2025-09-23T00:00:00+00:00; tips=; details=; offer=
2220,90eb976f-8a71-4149-8f51-c394c8af79f5,lxx_ai,squad.joinsalut.com,https://squad.joinsalut.com/,21,0,Fitness,unknown,10,lxx_link=https://squad.joinsalut.com/; lxx_link_type=Nofollow; lxx_paid=false; manual_hold=false; language=English; update_date=2025-09-23T00:00:00+00:00; tips=; details=; offer=
2221,a72fcf34-e0e6-4680-8bec-4a6236d85bcb,lxx_ai,voucher.ninja,https://voucher.ninja/,21,1715,General,unknown,10,lxx_link=https://voucher.ninja/; lxx_link_type=Nofollow; lxx_paid=false; manual_hold=false; language=English; update_date=2025-09-23T00:00:00+00:00; tips=; details=; offer=
2222,f399db15-fe5a-4fcc-bdb5-dfc6d21f30ff,lxx_ai,ilsitodelfaidate.it,https://www.ilsitodelfaidate.it/FDTForum/index.php,20,79543,Architecture,unknown,10,lxx_link=https://www.ilsitodelfaidate.it/FDTForum/index.php; lxx_link_type=Nofollow; lxx_paid=false; manual_hold=false; language=Italian; update_date=2025-09-23T00:00:00+00:00; tips=; details=; offer=
2223,dd060b2f-16fa-4db1-9f7f-323b8351ca51,lxx_ai,london8.net,https://london8.net/,20,0,General,unknown,10,lxx_link=https://london8.net/; lxx_link_type=Nofollow; lxx_paid=false; manual_hold=false; language=English; update_date=2025-09-23T00:00:00+00:00; tips=; details=; offer=
2224,b9bcfa5d-9cc0-4b9a-ae3a-96b16c94387b,lxx_ai,prizyvnik.info,https://prizyvnik.info/,20,33755,General,unknown,10,lxx_link=https://prizyvnik.info/; lxx_link_type=Nofollow; lxx_paid=false; manual_hold=false; language=Russian; update_date=2025-09-23T00:00:00+00:00; tips=; details=; offer=
2225,fff32c9b-c4ef-4a57-894e-a0a31b617634,lxx_ai,yalwa.cl,https://yalwa.cl/,20,0,General,unknown,10,lxx_link=https://yalwa.cl/; lxx_link_type=Nofollow; lxx_paid=false; manual_hold=false; language=English; update_date=2025-09-23T00:00:00+00:00; tips=; details=; offer=
2226,569ef6c4-e9f4-415b-bf51-99977828007f,lxx_ai,yalwa.com.bo,https://www.yalwa.com.bo/,20,0,General,unknown,10,lxx_link=https://www.yalwa.com.bo/; lxx_link_type=Nofollow; lxx_paid=false; manual_hold=false; language=English; update_date=2025-09-23T00:00:00+00:00; tips=; details=; offer=
2227,8d4b5255-e54f-4f5f-ad4b-58188ecbf23f,lxx_ai,trustradius.com,https://trustradius.com/,84,374006,Agencies,unknown,0,lxx_link=https://trustradius.com/; lxx_link_type=Nofollow; lxx_paid=false; manual_hold=true; language=English; update_date=2025-09-23T00:00:00+00:00; tips=; details=; offer=
